filename,year,month,day,buurt,change_flag,seq_index,seq_index_old,degree,direction
ATM_square_equirectangular/Osdorper_Bovenpolder/lon_4786110579960817_lat_5236548577730833_radius_1_d0_l/20160815TMX7316060226-000020pano_0008_001872_4.78610279254309_52.3654834017834.jpg,2016,8,15,Osdorper_Bovenpolder,0,lon_4786110579960817_lat_5236548577730833_radius_1_d0_l,lon_4786110579960817_lat_5236548577730833_radius_1,0,l
ATM_square_equirectangular/Osdorper_Bovenpolder/lon_4786110579960817_lat_5236548577730833_radius_1_d0_l/20180702TMX7316010203-000818pano_0001_000514_4.78611045572576_52.3654881335446.jpg,2018,7,2,Osdorper_Bovenpolder,0,lon_4786110579960817_lat_5236548577730833_radius_1_d0_l,lon_4786110579960817_lat_5236548577730833_radius_1,0,l
ATM_square_equirectangular/Osdorper_Bovenpolder/lon_4786110579960817_lat_5236548577730833_radius_1_d0_l/20190102TMX7316010203-001033pano_0011_000135_4.7861184916136_52.365485796597.jpg,2019,1,2,Osdorper_Bovenpolder,1,lon_4786110579960817_lat_5236548577730833_radius_1_d0_l,lon_4786110579960817_lat_5236548577730833_radius_1,0,l
ATM_square_equirectangular/Osdorper_Bovenpolder/lon_4785912138551406_lat_5236520508185237_radius_1_d0_f/20160815TMX7316060226-000020pano_0008_001865_4.78591893701678_52.365203129762.jpg,2016,8,15,Osdorper_Bovenpolder,0,lon_4785912138551406_lat_5236520508185237_radius_1_d0_f,lon_4785912138551406_lat_5236520508185237_radius_1,0,f
ATM_square_equirectangular/Osdorper_Bovenpolder/lon_4785912138551406_lat_5236520508185237_radius_1_d0_f/20180702TMX7316010203-000818pano_0001_000521_4.785913128661_52.3652055683168.jpg,2018,7,2,Osdorper_Bovenpolder,0,lon_4785912138551406_lat_5236520508185237_radius_1_d0_f,lon_4785912138551406_lat_5236520508185237_radius_1,0,f
ATM_square_equirectangular/Osdorper_Bovenpolder/lon_4785912138551406_lat_5236520508185237_radius_1_d0_f/20190102TMX7316010203-001033pano_0011_000142_4.78590347692488_52.3652025923129.jpg,2019,1,2,Osdorper_Bovenpolder,1,lon_4785912138551406_lat_5236520508185237_radius_1_d0_f,lon_4785912138551406_lat_5236520508185237_radius_1,0,f
ATM_square_equirectangular/Osdorper_Bovenpolder/lon_4785912138551406_lat_5236520508185237_radius_1_d0_f/20210408TMX7316010203-002082pano_0001_001304_4.78591301160296_52.3652090370178.jpg,2021,4,8,Osdorper_Bovenpolder,0,lon_4785912138551406_lat_5236520508185237_radius_1_d0_f,lon_4785912138551406_lat_5236520508185237_radius_1,0,f
ATM_square_equirectangular/Twiske_West/lon_4893173456681803_lat_52419906543810136_radius_1_d100_f/20160818TMX7316060226-000031pano_0003_000640_4.89317706197327_52.4199072857744.jpg,2016,8,18,Twiske_West,0,lon_4893173456681803_lat_52419906543810136_radius_1_d100_f,lon_4893173456681803_lat_52419906543810136_radius_1,100,f
ATM_square_equirectangular/Twiske_West/lon_4893173456681803_lat_52419906543810136_radius_1_d100_f/20170529TMX7316010203-000315pano_0000_001559_4.8931690262783_52.4198993471131.jpg,2017,5,29,Twiske_West,0,lon_4893173456681803_lat_52419906543810136_radius_1_d100_f,lon_4893173456681803_lat_52419906543810136_radius_1,100,f
ATM_square_equirectangular/Twiske_West/lon_4893173456681803_lat_52419906543810136_radius_1_d100_f/20180801TMX7316010203-000893pano_0000_004935_4.8931789552353_52.4199031491912.jpg,2018,8,1,Twiske_West,0,lon_4893173456681803_lat_52419906543810136_radius_1_d100_f,lon_4893173456681803_lat_52419906543810136_radius_1,100,f
ATM_square_equirectangular/Twiske_West/lon_4893173456681803_lat_52419906543810136_radius_1_d100_f/20200616TMX7316010203-001746pano_0001_000000_4.89316456754771_52.4199082742709.jpg,2020,6,16,Twiske_West,1,lon_4893173456681803_lat_52419906543810136_radius_1_d100_f,lon_4893173456681803_lat_52419906543810136_radius_1,100,f
ATM_square_equirectangular/Twiske_West/lon_4893173456681803_lat_52419906543810136_radius_1_d100_f/20210623TMX7316010203-002188pano_0001_001134_4.89318507074955_52.4199045742524.jpg,2021,6,23,Twiske_West,0,lon_4893173456681803_lat_52419906543810136_radius_1_d100_f,lon_4893173456681803_lat_52419906543810136_radius_1,100,f
ATM_square_equirectangular/Twiske_West/lon_4893173456681803_lat_52419906543810136_radius_1_d100_f/20220511TMX7316010203-002574pano_0000_001699_4.89317777846664_52.4198997526639.jpg,2022,5,11,Twiske_West,0,lon_4893173456681803_lat_52419906543810136_radius_1_d100_f,lon_4893173456681803_lat_52419906543810136_radius_1,100,f
ATM_square_equirectangular/Haveneiland_Noordwest/lon_50002487163442275_lat_5235739912372517_radius_1_d-50_l/20160606TMX7315120208-000067pano_0024_000350_5.00024798060929_52.3574016828568.jpg,2016,6,6,Haveneiland_Noordwest,0,lon_50002487163442275_lat_5235739912372517_radius_1_d-50_l,lon_50002487163442275_lat_5235739912372517_radius_1,-50,l
ATM_square_equirectangular/Haveneiland_Noordwest/lon_50002487163442275_lat_5235739912372517_radius_1_d-50_l/20191210TMX7316010203-001507pano_0004_000162_5.00025002122828_52.3574018517713.jpg,2019,12,10,Haveneiland_Noordwest,1,lon_50002487163442275_lat_5235739912372517_radius_1_d-50_l,lon_50002487163442275_lat_5235739912372517_radius_1,-50,l
ATM_square_equirectangular/Haveneiland_Noordwest/lon_50002487163442275_lat_5235739912372517_radius_1_d-50_l/20200622TMX7316010203-001754pano_0000_003228_5.00024664226414_52.3573965267937.jpg,2020,6,22,Haveneiland_Noordwest,0,lon_50002487163442275_lat_5235739912372517_radius_1_d-50_l,lon_50002487163442275_lat_5235739912372517_radius_1,-50,l
ATM_square_equirectangular/Haveneiland_Noordwest/lon_50002487163442275_lat_5235739912372517_radius_1_d-50_l/20210601TMX7316010203-002149pano_0001_005360_5.0002502212752_52.3573964334789.jpg,2021,6,1,Haveneiland_Noordwest,0,lon_50002487163442275_lat_5235739912372517_radius_1_d-50_l,lon_50002487163442275_lat_5235739912372517_radius_1,-50,l
ATM_square_equirectangular/Haveneiland_Noordwest/lon_5000414428844582_lat_523573112128096_radius_1_d0_l/20160606TMX7315120208-000067pano_0024_000353_5.00041676163597_52.3573146448433.jpg,2016,6,6,Haveneiland_Noordwest,0,lon_5000414428844582_lat_523573112128096_radius_1_d0_l,lon_5000414428844582_lat_523573112128096_radius_1,0,l
ATM_square_equirectangular/Haveneiland_Noordwest/lon_5000414428844582_lat_523573112128096_radius_1_d0_l/20191210TMX7316010203-001507pano_0004_000165_5.0004117302649_52.3573164507837.jpg,2019,12,10,Haveneiland_Noordwest,1,lon_5000414428844582_lat_523573112128096_radius_1_d0_l,lon_5000414428844582_lat_523573112128096_radius_1,0,l
ATM_square_equirectangular/Haveneiland_Noordwest/lon_5000414428844582_lat_523573112128096_radius_1_d0_l/20200622TMX7316010203-001754pano_0000_003231_5.0004111730027_52.3573085831437.jpg,2020,6,22,Haveneiland_Noordwest,0,lon_5000414428844582_lat_523573112128096_radius_1_d0_l,lon_5000414428844582_lat_523573112128096_radius_1,0,l
ATM_square_equirectangular/Haveneiland_Noordwest/lon_5000414428844582_lat_523573112128096_radius_1_d0_l/20210601TMX7316010203-002149pano_0001_005363_5.00041805047476_52.3573051724677.jpg,2021,6,1,Haveneiland_Noordwest,0,lon_5000414428844582_lat_523573112128096_radius_1_d0_l,lon_5000414428844582_lat_523573112128096_radius_1,0,l
ATM_square_equirectangular/Hiltonbuurt/lon_4869114513083926_lat_5235119134577254_radius_1_d0_f/20180606TMX7316010203-000779pano_0001_000035_4.8691156477037_52.3511926430983.jpg,2018,6,6,Hiltonbuurt,0,lon_4869114513083926_lat_5235119134577254_radius_1_d0_f,lon_4869114513083926_lat_5235119134577254_radius_1,0,f
ATM_square_equirectangular/Hiltonbuurt/lon_4869114513083926_lat_5235119134577254_radius_1_d0_f/20190104TMX7316010203-001036pano_0003_000023_4.86911513127284_52.3511910392583.jpg,2019,1,4,Hiltonbuurt,1,lon_4869114513083926_lat_5235119134577254_radius_1_d0_f,lon_4869114513083926_lat_5235119134577254_radius_1,0,f
ATM_square_equirectangular/Hiltonbuurt/lon_4869114513083926_lat_5235119134577254_radius_1_d0_f/20220110TMX7316010203-002405pano_0000_000012_4.86911276027524_52.351190354961.jpg,2022,1,10,Hiltonbuurt,1,lon_4869114513083926_lat_5235119134577254_radius_1_d0_f,lon_4869114513083926_lat_5235119134577254_radius_1,0,f
ATM_square_equirectangular/Hiltonbuurt/lon_4869114513083926_lat_5235119134577254_radius_1_d0_f/20220321TMX7316010203-002457pano_0000_000971_4.86911330440962_52.3511946063597.jpg,2022,3,21,Hiltonbuurt,0,lon_4869114513083926_lat_5235119134577254_radius_1_d0_f,lon_4869114513083926_lat_5235119134577254_radius_1,0,f
ATM_square_equirectangular/Rieteiland_Oost/lon_500156526275625_lat_5234651169750395_radius_1_d0_l/20171130TMX7316010203-000502pano_0001_000219_5.00156883637843_52.3465098143312.jpg,2017,11,30,Rieteiland_Oost,0,lon_500156526275625_lat_5234651169750395_radius_1_d0_l,lon_500156526275625_lat_5234651169750395_radius_1,0,l
ATM_square_equirectangular/Rieteiland_Oost/lon_500156526275625_lat_5234651169750395_radius_1_d0_l/20181217TMX7316010203-001018pano_0001_000496_5.00157961282969_52.3465132532517.jpg,2018,12,17,Rieteiland_Oost,1,lon_500156526275625_lat_5234651169750395_radius_1_d0_l,lon_500156526275625_lat_5234651169750395_radius_1,0,l
ATM_square_equirectangular/Rieteiland_Oost/lon_500156526275625_lat_5234651169750395_radius_1_d0_l/20210915TMX7316010203-002311pano_0004_000938_5.00155532405581_52.346513360457.jpg,2021,9,15,Rieteiland_Oost,0,lon_500156526275625_lat_5234651169750395_radius_1_d0_l,lon_500156526275625_lat_5234651169750395_radius_1,0,l
ATM_square_equirectangular/Rieteiland_Oost/lon_500156526275625_lat_5234651169750395_radius_1_d0_l/20220117TMX7316010203-002419pano_0012_000106_5.00155727776107_52.3465103619759.jpg,2022,1,17,Rieteiland_Oost,0,lon_500156526275625_lat_5234651169750395_radius_1_d0_l,lon_500156526275625_lat_5234651169750395_radius_1,0,l
ATM_square_equirectangular/Rieteiland_Oost/lon_500156526275625_lat_5234651169750395_radius_1_d0_l/20220513TMX7316010203-002580pano_0001_000929_5.00155952931539_52.3465120990219.jpg,2022,5,13,Rieteiland_Oost,0,lon_500156526275625_lat_5234651169750395_radius_1_d0_l,lon_500156526275625_lat_5234651169750395_radius_1,0,l
ATM_square_equirectangular/IJplein_eo/lon_491848104261232_lat_5238407958534093_radius_1_d0_r/20160816TMX7316060226-000022pano_0008_005173_4.91847661643192_52.3840825154817.jpg,2016,8,16,IJplein_eo,0,lon_491848104261232_lat_5238407958534093_radius_1_d0_r,lon_491848104261232_lat_5238407958534093_radius_1,0,r
ATM_square_equirectangular/IJplein_eo/lon_491848104261232_lat_5238407958534093_radius_1_d0_r/20170515TMX7316010203-000296pano_0000_001160_4.91847753068951_52.384081864648.jpg,2017,5,15,IJplein_eo,0,lon_491848104261232_lat_5238407958534093_radius_1_d0_r,lon_491848104261232_lat_5238407958534093_radius_1,0,r
ATM_square_equirectangular/IJplein_eo/lon_491848104261232_lat_5238407958534093_radius_1_d0_r/20180724TMX7316010203-000866pano_0000_001614_4.91847855982714_52.3840786412248.jpg,2018,7,24,IJplein_eo,0,lon_491848104261232_lat_5238407958534093_radius_1_d0_r,lon_491848104261232_lat_5238407958534093_radius_1,0,r
ATM_square_equirectangular/IJplein_eo/lon_491848104261232_lat_5238407958534093_radius_1_d0_r/20200529TMX7316010203-001729pano_0000_001277_4.91849146350071_52.3840753200092.jpg,2020,5,29,IJplein_eo,1,lon_491848104261232_lat_5238407958534093_radius_1_d0_r,lon_491848104261232_lat_5238407958534093_radius_1,0,r
ATM_square_equirectangular/G-buurt_Oost/lon_4979920204607517_lat_5232393535457697_radius_1_d0_f/20160616TMX7315120208-000088pano_0000_001906_4.97992747648294_52.3239383970026.jpg,2016,6,16,G-buurt_Oost,0,lon_4979920204607517_lat_5232393535457697_radius_1_d0_f,lon_4979920204607517_lat_5232393535457697_radius_1,0,f
ATM_square_equirectangular/G-buurt_Oost/lon_4979920204607517_lat_5232393535457697_radius_1_d0_f/20200131TMX7316010203-001614pano_0003_000106_4.97991576361561_52.3239381370673.jpg,2020,1,31,G-buurt_Oost,1,lon_4979920204607517_lat_5232393535457697_radius_1_d0_f,lon_4979920204607517_lat_5232393535457697_radius_1,0,f
ATM_square_equirectangular/G-buurt_Oost/lon_4979920204607517_lat_5232393535457697_radius_1_d0_f/20220118TMX7316010203-002424pano_0006_000049_4.979917373724_52.323929529661.jpg,2022,1,18,G-buurt_Oost,0,lon_4979920204607517_lat_5232393535457697_radius_1_d0_f,lon_4979920204607517_lat_5232393535457697_radius_1,0,f
ATM_square_equirectangular/G-buurt_Oost/lon_4979920204607517_lat_5232393535457697_radius_1_d0_f/20221007TMX7316010203-002823pano_0005_000171_4.97991583588515_52.3239388132952.jpg,2022,10,7,G-buurt_Oost,0,lon_4979920204607517_lat_5232393535457697_radius_1_d0_f,lon_4979920204607517_lat_5232393535457697_radius_1,0,f
ATM_square_equirectangular/G-buurt_Oost/lon_4979920204607517_lat_5232393535457697_radius_1_d100_r/20160616TMX7315120208-000088pano_0000_001906_4.97992747648294_52.3239383970026.jpg,2016,6,16,G-buurt_Oost,0,lon_4979920204607517_lat_5232393535457697_radius_1_d100_r,lon_4979920204607517_lat_5232393535457697_radius_1,100,r
ATM_square_equirectangular/G-buurt_Oost/lon_4979920204607517_lat_5232393535457697_radius_1_d100_r/20200131TMX7316010203-001614pano_0003_000106_4.97991576361561_52.3239381370673.jpg,2020,1,31,G-buurt_Oost,1,lon_4979920204607517_lat_5232393535457697_radius_1_d100_r,lon_4979920204607517_lat_5232393535457697_radius_1,100,r
ATM_square_equirectangular/G-buurt_Oost/lon_4979920204607517_lat_5232393535457697_radius_1_d100_r/20220118TMX7316010203-002424pano_0006_000049_4.979917373724_52.323929529661.jpg,2022,1,18,G-buurt_Oost,0,lon_4979920204607517_lat_5232393535457697_radius_1_d100_r,lon_4979920204607517_lat_5232393535457697_radius_1,100,r
ATM_square_equirectangular/G-buurt_Oost/lon_4979920204607517_lat_5232393535457697_radius_1_d100_r/20221007TMX7316010203-002823pano_0005_000171_4.97991583588515_52.3239388132952.jpg,2022,10,7,G-buurt_Oost,0,lon_4979920204607517_lat_5232393535457697_radius_1_d100_r,lon_4979920204607517_lat_5232393535457697_radius_1,100,r
ATM_square_equirectangular/Rieteiland_Oost/lon_50035571835394625_lat_52345867863191316_radius_1_d100_r/20171130TMX7316010203-000502pano_0001_000321_5.00356140255721_52.3458668195792.jpg,2017,11,30,Rieteiland_Oost,0,lon_50035571835394625_lat_52345867863191316_radius_1_d100_r,lon_50035571835394625_lat_52345867863191316_radius_1,100,r
ATM_square_equirectangular/Rieteiland_Oost/lon_50035571835394625_lat_52345867863191316_radius_1_d100_r/20171130TMX7316010203-000502pano_0001_000344_5.00355334101593_52.3458659141365.jpg,2017,11,30,Rieteiland_Oost,0,lon_50035571835394625_lat_52345867863191316_radius_1_d100_r,lon_50035571835394625_lat_52345867863191316_radius_1,100,r
ATM_square_equirectangular/Rieteiland_Oost/lon_50035571835394625_lat_52345867863191316_radius_1_d100_r/20180517TMX7316010203-000741pano_0000_003802_5.00356410666038_52.3458737912652.jpg,2018,5,17,Rieteiland_Oost,0,lon_50035571835394625_lat_52345867863191316_radius_1_d100_r,lon_50035571835394625_lat_52345867863191316_radius_1,100,r
ATM_square_equirectangular/Rieteiland_Oost/lon_50035571835394625_lat_52345867863191316_radius_1_d100_r/20181217TMX7316010203-001018pano_0001_000737_5.00354252435461_52.3458685543869.jpg,2018,12,17,Rieteiland_Oost,1,lon_50035571835394625_lat_52345867863191316_radius_1_d100_r,lon_50035571835394625_lat_52345867863191316_radius_1,100,r
ATM_square_equirectangular/Rieteiland_Oost/lon_500150675340647_lat_5234645548257289_radius_1_d0_r/20160606TMX7315120208-000068pano_0005_000934_5.00150089617277_52.3464607199622.jpg,2016,6,6,Rieteiland_Oost,0,lon_500150675340647_lat_5234645548257289_radius_1_d0_r,lon_500150675340647_lat_5234645548257289_radius_1,0,r
ATM_square_equirectangular/Rieteiland_Oost/lon_500150675340647_lat_5234645548257289_radius_1_d0_r/20171130TMX7316010203-000502pano_0001_000253_5.00150749683062_52.3464573314476.jpg,2017,11,30,Rieteiland_Oost,1,lon_500150675340647_lat_5234645548257289_radius_1_d0_r,lon_500150675340647_lat_5234645548257289_radius_1,0,r
ATM_square_equirectangular/Rieteiland_Oost/lon_500150675340647_lat_5234645548257289_radius_1_d0_r/20181217TMX7316010203-001018pano_0001_000521_5.00150058839854_52.346455559048.jpg,2018,12,17,Rieteiland_Oost,0,lon_500150675340647_lat_5234645548257289_radius_1_d0_r,lon_500150675340647_lat_5234645548257289_radius_1,0,r
ATM_square_equirectangular/Rieteiland_Oost/lon_500150675340647_lat_5234645548257289_radius_1_d0_r/20190517TMX7316010203-001192pano_0001_000227_5.00150999799806_52.346446790871.jpg,2019,5,17,Rieteiland_Oost,0,lon_500150675340647_lat_5234645548257289_radius_1_d0_r,lon_500150675340647_lat_5234645548257289_radius_1,0,r
ATM_square_equirectangular/Rieteiland_Oost/lon_500150675340647_lat_5234645548257289_radius_1_d0_r/20200203TMX7316010203-001617pano_0008_000045_5.00151216682991_52.3464477861078.jpg,2020,2,3,Rieteiland_Oost,0,lon_500150675340647_lat_5234645548257289_radius_1_d0_r,lon_500150675340647_lat_5234645548257289_radius_1,0,r
ATM_square_equirectangular/Rieteiland_Oost/lon_500150675340647_lat_5234645548257289_radius_1_d0_r/20200622TMX7316010203-001754pano_0000_006410_5.0015133447947_52.346456154234.jpg,2020,6,22,Rieteiland_Oost,0,lon_500150675340647_lat_5234645548257289_radius_1_d0_r,lon_500150675340647_lat_5234645548257289_radius_1,0,r
ATM_square_equirectangular/Rieteiland_Oost/lon_500150675340647_lat_5234645548257289_radius_1_d0_r/20220117TMX7316010203-002419pano_0012_000124_5.00150278282069_52.3464640363397.jpg,2022,1,17,Rieteiland_Oost,0,lon_500150675340647_lat_5234645548257289_radius_1_d0_r,lon_500150675340647_lat_5234645548257289_radius_1,0,r
ATM_square_equirectangular/Rieteiland_Oost/lon_500150675340647_lat_5234645548257289_radius_1_d-200_f/20160606TMX7315120208-000068pano_0005_000934_5.00150089617277_52.3464607199622.jpg,2016,6,6,Rieteiland_Oost,0,lon_500150675340647_lat_5234645548257289_radius_1_d-200_f,lon_500150675340647_lat_5234645548257289_radius_1,-200,f
ATM_square_equirectangular/Rieteiland_Oost/lon_500150675340647_lat_5234645548257289_radius_1_d-200_f/20171130TMX7316010203-000502pano_0001_000253_5.00150749683062_52.3464573314476.jpg,2017,11,30,Rieteiland_Oost,1,lon_500150675340647_lat_5234645548257289_radius_1_d-200_f,lon_500150675340647_lat_5234645548257289_radius_1,-200,f
ATM_square_equirectangular/Rieteiland_Oost/lon_500150675340647_lat_5234645548257289_radius_1_d-200_f/20181217TMX7316010203-001018pano_0001_000521_5.00150058839854_52.346455559048.jpg,2018,12,17,Rieteiland_Oost,0,lon_500150675340647_lat_5234645548257289_radius_1_d-200_f,lon_500150675340647_lat_5234645548257289_radius_1,-200,f
ATM_square_equirectangular/Rieteiland_Oost/lon_500150675340647_lat_5234645548257289_radius_1_d-200_f/20190517TMX7316010203-001192pano_0001_000227_5.00150999799806_52.346446790871.jpg,2019,5,17,Rieteiland_Oost,0,lon_500150675340647_lat_5234645548257289_radius_1_d-200_f,lon_500150675340647_lat_5234645548257289_radius_1,-200,f
ATM_square_equirectangular/Rieteiland_Oost/lon_500150675340647_lat_5234645548257289_radius_1_d-200_f/20200203TMX7316010203-001617pano_0008_000045_5.00151216682991_52.3464477861078.jpg,2020,2,3,Rieteiland_Oost,0,lon_500150675340647_lat_5234645548257289_radius_1_d-200_f,lon_500150675340647_lat_5234645548257289_radius_1,-200,f
ATM_square_equirectangular/Rieteiland_Oost/lon_500150675340647_lat_5234645548257289_radius_1_d-200_f/20200622TMX7316010203-001754pano_0000_006410_5.0015133447947_52.346456154234.jpg,2020,6,22,Rieteiland_Oost,0,lon_500150675340647_lat_5234645548257289_radius_1_d-200_f,lon_500150675340647_lat_5234645548257289_radius_1,-200,f
ATM_square_equirectangular/Rieteiland_Oost/lon_500150675340647_lat_5234645548257289_radius_1_d-200_f/20220117TMX7316010203-002419pano_0012_000124_5.00150278282069_52.3464640363397.jpg,2022,1,17,Rieteiland_Oost,0,lon_500150675340647_lat_5234645548257289_radius_1_d-200_f,lon_500150675340647_lat_5234645548257289_radius_1,-200,f
ATM_square_equirectangular/Uilenburg/lon_4908223339436097_lat_523701330159433_radius_1_d100_f/20161124TMX7316010203-000190pano_0000_001522_4.90822172474487_52.3701328189134.jpg,2016,11,24,Uilenburg,0,lon_4908223339436097_lat_523701330159433_radius_1_d100_f,lon_4908223339436097_lat_523701330159433_radius_1,100,f
ATM_square_equirectangular/Uilenburg/lon_4908223339436097_lat_523701330159433_radius_1_d100_f/20180507TMX7316010203-000709pano_0000_003816_4.9082222387539_52.3701395427441.jpg,2018,5,7,Uilenburg,1,lon_4908223339436097_lat_523701330159433_radius_1_d100_f,lon_4908223339436097_lat_523701330159433_radius_1,100,f
ATM_square_equirectangular/Uilenburg/lon_4908223339436097_lat_523701330159433_radius_1_d100_f/20210308TMX7316010203-002031pano_0002_000054_4.90822605480952_52.3701266861724.jpg,2021,3,8,Uilenburg,0,lon_4908223339436097_lat_523701330159433_radius_1_d100_f,lon_4908223339436097_lat_523701330159433_radius_1,100,f
ATM_square_equirectangular/Rieteiland_Oost/lon_5001089991267414_lat_52346826914132066_radius_1_d100_b/20160606TMX7315120208-000068pano_0005_000921_5.00108901057935_52.3468210572468.jpg,2016,6,6,Rieteiland_Oost,0,lon_5001089991267414_lat_52346826914132066_radius_1_d100_b,lon_5001089991267414_lat_52346826914132066_radius_1,100,b
ATM_square_equirectangular/Rieteiland_Oost/lon_5001089991267414_lat_52346826914132066_radius_1_d100_b/20170403TMX7316010203-000241pano_0000_001818_5.00108621258133_52.3468320737861.jpg,2017,4,3,Rieteiland_Oost,0,lon_5001089991267414_lat_52346826914132066_radius_1_d100_b,lon_5001089991267414_lat_52346826914132066_radius_1,100,b
ATM_square_equirectangular/Rieteiland_Oost/lon_5001089991267414_lat_52346826914132066_radius_1_d100_b/20171130TMX7316010203-000502pano_0001_000195_5.00109173561041_52.3468264179588.jpg,2017,11,30,Rieteiland_Oost,1,lon_5001089991267414_lat_52346826914132066_radius_1_d100_b,lon_5001089991267414_lat_52346826914132066_radius_1,100,b
ATM_square_equirectangular/Rieteiland_Oost/lon_5001089991267414_lat_52346826914132066_radius_1_d100_b/20171130TMX7316010203-000502pano_0001_000197_5.00109027284466_52.3468275820188.jpg,2017,11,30,Rieteiland_Oost,0,lon_5001089991267414_lat_52346826914132066_radius_1_d100_b,lon_5001089991267414_lat_52346826914132066_radius_1,100,b
ATM_square_equirectangular/Rieteiland_Oost/lon_5001089991267414_lat_52346826914132066_radius_1_d100_b/20200622TMX7316010203-001754pano_0000_006377_5.00109272472132_52.3468274396498.jpg,2020,6,22,Rieteiland_Oost,1,lon_5001089991267414_lat_52346826914132066_radius_1_d100_b,lon_5001089991267414_lat_52346826914132066_radius_1,100,b
ATM_square_equirectangular/Rieteiland_Oost/lon_5001089991267414_lat_52346826914132066_radius_1_d100_b/20220513TMX7316010203-002580pano_0001_000899_5.00109709265905_52.3468237017342.jpg,2022,5,13,Rieteiland_Oost,0,lon_5001089991267414_lat_52346826914132066_radius_1_d100_b,lon_5001089991267414_lat_52346826914132066_radius_1,100,b
ATM_square_equirectangular/Driehoekbuurt/lon_4885856065393736_lat_52381437610237896_radius_1_d0_f/20160815TMX7316060226-000020pano_0007_000505_4.88584606358301_52.3814399380681.jpg,2016,8,15,Driehoekbuurt,0,lon_4885856065393736_lat_52381437610237896_radius_1_d0_f,lon_4885856065393736_lat_52381437610237896_radius_1,0,f
ATM_square_equirectangular/Driehoekbuurt/lon_4885856065393736_lat_52381437610237896_radius_1_d0_f/20161122TMX7316010203-000188pano_0000_001827_4.88584896110088_52.3814299678987.jpg,2016,11,22,Driehoekbuurt,0,lon_4885856065393736_lat_52381437610237896_radius_1_d0_f,lon_4885856065393736_lat_52381437610237896_radius_1,0,f
ATM_square_equirectangular/Driehoekbuurt/lon_4885856065393736_lat_52381437610237896_radius_1_d0_f/20180502TMX7316010203-000703pano_0000_004449_4.88586381718886_52.381435894688.jpg,2018,5,2,Driehoekbuurt,0,lon_4885856065393736_lat_52381437610237896_radius_1_d0_f,lon_4885856065393736_lat_52381437610237896_radius_1,0,f
ATM_square_equirectangular/Driehoekbuurt/lon_4885856065393736_lat_52381437610237896_radius_1_d0_f/20210311TMX7316010203-002037pano_0000_001404_4.88585831540934_52.3814369979576.jpg,2021,3,11,Driehoekbuurt,1,lon_4885856065393736_lat_52381437610237896_radius_1_d0_f,lon_4885856065393736_lat_52381437610237896_radius_1,0,f
ATM_square_equirectangular/Driehoekbuurt/lon_4885856065393736_lat_52381437610237896_radius_1_d0_f/20220429TMX7316010203-002549pano_0000_002243_4.88586064445454_52.3814301443642.jpg,2022,4,29,Driehoekbuurt,0,lon_4885856065393736_lat_52381437610237896_radius_1_d0_f,lon_4885856065393736_lat_52381437610237896_radius_1,0,f
ATM_square_equirectangular/Houthavens_West/lon_4880072398813625_lat_52394495112360325_radius_1_d0_f/20200129TMX7316010203-001596pano_0001_000224_4.88007569926603_52.3944931624055.jpg,2020,1,29,Houthavens_West,0,lon_4880072398813625_lat_52394495112360325_radius_1_d0_f,lon_4880072398813625_lat_52394495112360325_radius_1,0,f
ATM_square_equirectangular/Houthavens_West/lon_4880072398813625_lat_52394495112360325_radius_1_d0_f/20200515TMX7316010203-001716pano_0000_001332_4.88007218248162_52.3944942729955.jpg,2020,5,15,Houthavens_West,0,lon_4880072398813625_lat_52394495112360325_radius_1_d0_f,lon_4880072398813625_lat_52394495112360325_radius_1,0,f
ATM_square_equirectangular/Houthavens_West/lon_4880072398813625_lat_52394495112360325_radius_1_d0_f/20210324TMX7316010203-002057pano_0000_000481_4.88007427646146_52.3944969099866.jpg,2021,3,24,Houthavens_West,1,lon_4880072398813625_lat_52394495112360325_radius_1_d0_f,lon_4880072398813625_lat_52394495112360325_radius_1,0,f
ATM_square_equirectangular/Houthavens_West/lon_4880072398813625_lat_52394495112360325_radius_1_d0_f/20211230TMX7316010203-002366pano_0004_000494_4.88006743704539_52.3944961040537.jpg,2021,12,30,Houthavens_West,0,lon_4880072398813625_lat_52394495112360325_radius_1_d0_f,lon_4880072398813625_lat_52394495112360325_radius_1,0,f
ATM_square_equirectangular/Houthavens_West/lon_4880072398813625_lat_52394495112360325_radius_1_d0_f/20220622TMX7316010203-002621pano_0006_000011_4.88007501877443_52.3944914993381.jpg,2022,6,22,Houthavens_West,0,lon_4880072398813625_lat_52394495112360325_radius_1_d0_f,lon_4880072398813625_lat_52394495112360325_radius_1,0,f
ATM_square_equirectangular/Steigereiland_Noord/lon_4987307606594676_lat_5236246426238944_radius_1_d-300_f/20171130TMX7316010203-000503pano_0000_002064_4.98731491254031_52.3624662362297.jpg,2017,11,30,Steigereiland_Noord,0,lon_4987307606594676_lat_5236246426238944_radius_1_d-300_f,lon_4987307606594676_lat_5236246426238944_radius_1,-300,f
ATM_square_equirectangular/Steigereiland_Noord/lon_4987307606594676_lat_5236246426238944_radius_1_d-300_f/20181217TMX7316010203-001018pano_0003_000291_4.98731007472405_52.3624640757129.jpg,2018,12,17,Steigereiland_Noord,1,lon_4987307606594676_lat_5236246426238944_radius_1_d-300_f,lon_4987307606594676_lat_5236246426238944_radius_1,-300,f
ATM_square_equirectangular/Steigereiland_Noord/lon_4987307606594676_lat_5236246426238944_radius_1_d-300_f/20210601TMX7316010203-002149pano_0001_002513_4.98729783251967_52.3624624752257.jpg,2021,6,1,Steigereiland_Noord,1,lon_4987307606594676_lat_5236246426238944_radius_1_d-300_f,lon_4987307606594676_lat_5236246426238944_radius_1,-300,f
ATM_square_equirectangular/Buitenveldert_Midden_Zuid/lon_4875605576070289_lat_5232547031771633_radius_1_d100_l/20190103TMX7316010203-001035pano_0000_000831_4.87559936140138_52.3254667669144.jpg,2019,1,3,Buitenveldert_Midden_Zuid,0,lon_4875605576070289_lat_5232547031771633_radius_1_d100_l,lon_4875605576070289_lat_5232547031771633_radius_1,100,l
ATM_square_equirectangular/Buitenveldert_Midden_Zuid/lon_4875605576070289_lat_5232547031771633_radius_1_d100_l/20200901TMX7316010203-001901pano_0000_001942_4.87560918764082_52.325470560203.jpg,2020,9,1,Buitenveldert_Midden_Zuid,1,lon_4875605576070289_lat_5232547031771633_radius_1_d100_l,lon_4875605576070289_lat_5232547031771633_radius_1,100,l
ATM_square_equirectangular/Buitenveldert_Midden_Zuid/lon_4875605576070289_lat_5232547031771633_radius_1_d100_l/20210219TMX7316010203-002019pano_0000_000634_4.87560345929676_52.3254770353978.jpg,2021,2,19,Buitenveldert_Midden_Zuid,0,lon_4875605576070289_lat_5232547031771633_radius_1_d100_l,lon_4875605576070289_lat_5232547031771633_radius_1,100,l
ATM_square_equirectangular/Buitenveldert_Midden_Zuid/lon_4875605576070289_lat_5232547031771633_radius_1_d100_l/20220110TMX7316010203-002406pano_0019_000049_4.8756102959422_52.3254669083501.jpg,2022,1,10,Buitenveldert_Midden_Zuid,0,lon_4875605576070289_lat_5232547031771633_radius_1_d100_l,lon_4875605576070289_lat_5232547031771633_radius_1,100,l
ATM_square_equirectangular/Rapenburg/lon_4910278013274171_lat_5237135325336599_radius_1_d500_l/20161124TMX7316010203-000190pano_0000_001483_4.91027069697199_52.3713460396557.jpg,2016,11,24,Rapenburg,0,lon_4910278013274171_lat_5237135325336599_radius_1_d500_l,lon_4910278013274171_lat_5237135325336599_radius_1,500,l
ATM_square_equirectangular/Rapenburg/lon_4910278013274171_lat_5237135325336599_radius_1_d500_l/20170517TMX7316010203-000299pano_0002_004230_4.91027650790446_52.3713550854559.jpg,2017,5,17,Rapenburg,0,lon_4910278013274171_lat_5237135325336599_radius_1_d500_l,lon_4910278013274171_lat_5237135325336599_radius_1,500,l
ATM_square_equirectangular/Rapenburg/lon_4910278013274171_lat_5237135325336599_radius_1_d500_l/20180507TMX7316010203-000709pano_0000_003778_4.91027394845807_52.3713495089203.jpg,2018,5,7,Rapenburg,1,lon_4910278013274171_lat_5237135325336599_radius_1_d500_l,lon_4910278013274171_lat_5237135325336599_radius_1,500,l
ATM_square_equirectangular/Rapenburg/lon_4910278013274171_lat_5237135325336599_radius_1_d500_l/20191310TMX7316010203-001552pano_0001_000803_4.9102677946298_52.3713519020496.jpg,2019,13,10,Rapenburg,1,lon_4910278013274171_lat_5237135325336599_radius_1_d500_l,lon_4910278013274171_lat_5237135325336599_radius_1,500,l
ATM_square_equirectangular/Rapenburg/lon_4910278013274171_lat_5237135325336599_radius_1_d500_l/20210308TMX7316010203-002031pano_0002_000015_4.9102859339855_52.3713582319736.jpg,2021,3,8,Rapenburg,0,lon_4910278013274171_lat_5237135325336599_radius_1_d500_l,lon_4910278013274171_lat_5237135325336599_radius_1,500,l
ATM_square_equirectangular/Rapenburg/lon_4910278013274171_lat_5237135325336599_radius_1_d500_l/20211231TMX7316010203-002370pano_0001_000072_4.91028649413744_52.3713585131884.jpg,2021,12,31,Rapenburg,0,lon_4910278013274171_lat_5237135325336599_radius_1_d500_l,lon_4910278013274171_lat_5237135325336599_radius_1,500,l
ATM_square_equirectangular/Rapenburg/lon_4910278013274171_lat_5237135325336599_radius_1_d500_l/20220624TMX7316010203-002625pano_0016_000160_4.91028769019796_52.371355031444.jpg,2022,6,24,Rapenburg,0,lon_4910278013274171_lat_5237135325336599_radius_1_d500_l,lon_4910278013274171_lat_5237135325336599_radius_1,500,l
ATM_square_equirectangular/Overtoomse_Veld_Noord/lon_4836082221173297_lat_523666475890565_radius_1_d100_b/20180108TMX7316010203-000535pano_0000_006308_4.83607951132302_52.3666462399944.jpg,2018,1,8,Overtoomse_Veld_Noord,0,lon_4836082221173297_lat_523666475890565_radius_1_d100_b,lon_4836082221173297_lat_523666475890565_radius_1,100,b
ATM_square_equirectangular/Overtoomse_Veld_Noord/lon_4836082221173297_lat_523666475890565_radius_1_d100_b/20180704TMX7316010203-000825pano_0000_004294_4.8360827470972_52.3666487288943.jpg,2018,7,4,Overtoomse_Veld_Noord,1,lon_4836082221173297_lat_523666475890565_radius_1_d100_b,lon_4836082221173297_lat_523666475890565_radius_1,100,b
ATM_square_equirectangular/Overtoomse_Veld_Noord/lon_4836082221173297_lat_523666475890565_radius_1_d100_b/20190717TMX7316010203-001316pano_0000_001375_4.83608440509967_52.3666477982808.jpg,2019,7,17,Overtoomse_Veld_Noord,1,lon_4836082221173297_lat_523666475890565_radius_1_d100_b,lon_4836082221173297_lat_523666475890565_radius_1,100,b
ATM_square_equirectangular/Overtoomse_Veld_Noord/lon_4836082221173297_lat_523666475890565_radius_1_d100_b/20220413TMX7316010203-002513pano_0000_000656_4.83609268741706_52.3666495801449.jpg,2022,4,13,Overtoomse_Veld_Noord,0,lon_4836082221173297_lat_523666475890565_radius_1_d100_b,lon_4836082221173297_lat_523666475890565_radius_1,100,b
ATM_square_equirectangular/De_Wetbuurt/lon_492393240411135_lat_5234150466861794_radius_1_d-250_l/20170407TMX7316010203-000251pano_0000_000074_4.92392622386791_52.3415013087509.jpg,2017,4,7,De_Wetbuurt,0,lon_492393240411135_lat_5234150466861794_radius_1_d-250_l,lon_492393240411135_lat_5234150466861794_radius_1,-250,l
ATM_square_equirectangular/De_Wetbuurt/lon_492393240411135_lat_5234150466861794_radius_1_d-250_l/20190516TMX7316010203-001191pano_0000_001383_4.92393091111644_52.3415080737785.jpg,2019,5,16,De_Wetbuurt,1,lon_492393240411135_lat_5234150466861794_radius_1_d-250_l,lon_492393240411135_lat_5234150466861794_radius_1,-250,l
ATM_square_equirectangular/De_Wetbuurt/lon_492393240411135_lat_5234150466861794_radius_1_d-250_l/20200430TMX7316010203-001685pano_0002_000502_4.9239400773497_52.3415046233244.jpg,2020,4,30,De_Wetbuurt,0,lon_492393240411135_lat_5234150466861794_radius_1_d-250_l,lon_492393240411135_lat_5234150466861794_radius_1,-250,l
ATM_square_equirectangular/Rieteiland_Oost/lon_5003703871804632_lat_5234601309286113_radius_1_d-100_b/20171130TMX7316010203-000502pano_0001_000348_5.00370513724498_52.3460186458183.jpg,2017,11,30,Rieteiland_Oost,0,lon_5003703871804632_lat_5234601309286113_radius_1_d-100_b,lon_5003703871804632_lat_5234601309286113_radius_1,-100,b
ATM_square_equirectangular/Rieteiland_Oost/lon_5003703871804632_lat_5234601309286113_radius_1_d-100_b/20180517TMX7316010203-000741pano_0000_003806_5.00370502720464_52.3460158745674.jpg,2018,5,17,Rieteiland_Oost,0,lon_5003703871804632_lat_5234601309286113_radius_1_d-100_b,lon_5003703871804632_lat_5234601309286113_radius_1,-100,b
ATM_square_equirectangular/Rieteiland_Oost/lon_5003703871804632_lat_5234601309286113_radius_1_d-100_b/20181217TMX7316010203-001018pano_0001_000733_5.00371662291672_52.3460105405328.jpg,2018,12,17,Rieteiland_Oost,1,lon_5003703871804632_lat_5234601309286113_radius_1_d-100_b,lon_5003703871804632_lat_5234601309286113_radius_1,-100,b
ATM_square_equirectangular/Rieteiland_Oost/lon_5003703871804632_lat_5234601309286113_radius_1_d-100_b/20210915TMX7316010203-002311pano_0004_001034_5.00369926010578_52.3460140228523.jpg,2021,9,15,Rieteiland_Oost,0,lon_5003703871804632_lat_5234601309286113_radius_1_d-100_b,lon_5003703871804632_lat_5234601309286113_radius_1,-100,b
ATM_square_equirectangular/Veluwebuurt/lon_4895271553677998_lat_5233833856237531_radius_1_d300_b/20180605TMX7316010203-000774pano_0000_002228_4.89526167370593_52.3383443261044.jpg,2018,6,5,Veluwebuurt,0,lon_4895271553677998_lat_5233833856237531_radius_1_d300_b,lon_4895271553677998_lat_5233833856237531_radius_1,300,b
ATM_square_equirectangular/Veluwebuurt/lon_4895271553677998_lat_5233833856237531_radius_1_d300_b/20190509TMX7316010203-001173pano_0000_000288_4.89528197651222_52.3383379307151.jpg,2019,5,9,Veluwebuurt,1,lon_4895271553677998_lat_5233833856237531_radius_1_d300_b,lon_4895271553677998_lat_5233833856237531_radius_1,300,b
ATM_square_equirectangular/Veluwebuurt/lon_4895271553677998_lat_5233833856237531_radius_1_d300_b/20200901TMX7316010203-001902pano_0000_000915_4.89526900028991_52.3383331935259.jpg,2020,9,1,Veluwebuurt,1,lon_4895271553677998_lat_5233833856237531_radius_1_d300_b,lon_4895271553677998_lat_5233833856237531_radius_1,300,b
ATM_square_equirectangular/Veluwebuurt/lon_4895271553677998_lat_5233833856237531_radius_1_d300_b/20200917TMX7316060226-000507pano_0000_000256_4.89527272120791_52.3383416975718.jpg,2020,9,17,Veluwebuurt,0,lon_4895271553677998_lat_5233833856237531_radius_1_d300_b,lon_4895271553677998_lat_5233833856237531_radius_1,300,b
ATM_square_equirectangular/Veluwebuurt/lon_4895271553677998_lat_5233833856237531_radius_1_d300_b/20220110TMX7316010203-002408pano_0002_000047_4.89526448620382_52.3383420362124.jpg,2022,1,10,Veluwebuurt,0,lon_4895271553677998_lat_5233833856237531_radius_1_d300_b,lon_4895271553677998_lat_5233833856237531_radius_1,300,b
ATM_square_equirectangular/Houthavens_West/lon_488065878695668_lat_52394058037849476_radius_1_d-450_r/20190118TMX7316010203-001068pano_0000_001273_4.88065692640845_52.3940572174348.jpg,2019,1,18,Houthavens_West,0,lon_488065878695668_lat_52394058037849476_radius_1_d-450_r,lon_488065878695668_lat_52394058037849476_radius_1,-450,r
ATM_square_equirectangular/Houthavens_West/lon_488065878695668_lat_52394058037849476_radius_1_d-450_r/20200814TMX7316010203-001875pano_0003_001820_4.88065019466229_52.3940641714333.jpg,2020,8,14,Houthavens_West,1,lon_488065878695668_lat_52394058037849476_radius_1_d-450_r,lon_488065878695668_lat_52394058037849476_radius_1,-450,r
ATM_square_equirectangular/Houthavens_West/lon_488065878695668_lat_52394058037849476_radius_1_d-450_r/20210224TMX7316010203-002026pano_0000_002955_4.88066278539274_52.3940564401127.jpg,2021,2,24,Houthavens_West,0,lon_488065878695668_lat_52394058037849476_radius_1_d-450_r,lon_488065878695668_lat_52394058037849476_radius_1,-450,r
ATM_square_equirectangular/Houthavens_West/lon_488065878695668_lat_52394058037849476_radius_1_d-450_r/20210324TMX7316010203-002057pano_0000_000636_4.88066524136324_52.3940543224171.jpg,2021,3,24,Houthavens_West,0,lon_488065878695668_lat_52394058037849476_radius_1_d-450_r,lon_488065878695668_lat_52394058037849476_radius_1,-450,r
ATM_square_equirectangular/Houthavens_West/lon_488065878695668_lat_52394058037849476_radius_1_d-450_r/20221214TMX7316010203-002855pano_0000_000059_4.8806700010996_52.3940610019783.jpg,2022,12,14,Houthavens_West,0,lon_488065878695668_lat_52394058037849476_radius_1_d-450_r,lon_488065878695668_lat_52394058037849476_radius_1,-450,r
ATM_square_equirectangular/Houthavens_West/lon_488065878695668_lat_52394058037849476_radius_1_d0_l/20190118TMX7316010203-001068pano_0000_001273_4.88065692640845_52.3940572174348.jpg,2019,1,18,Houthavens_West,0,lon_488065878695668_lat_52394058037849476_radius_1_d0_l,lon_488065878695668_lat_52394058037849476_radius_1,0,l
ATM_square_equirectangular/Houthavens_West/lon_488065878695668_lat_52394058037849476_radius_1_d0_l/20200814TMX7316010203-001875pano_0003_001820_4.88065019466229_52.3940641714333.jpg,2020,8,14,Houthavens_West,0,lon_488065878695668_lat_52394058037849476_radius_1_d0_l,lon_488065878695668_lat_52394058037849476_radius_1,0,l
ATM_square_equirectangular/Houthavens_West/lon_488065878695668_lat_52394058037849476_radius_1_d0_l/20210224TMX7316010203-002026pano_0000_002955_4.88066278539274_52.3940564401127.jpg,2021,2,24,Houthavens_West,0,lon_488065878695668_lat_52394058037849476_radius_1_d0_l,lon_488065878695668_lat_52394058037849476_radius_1,0,l
ATM_square_equirectangular/Houthavens_West/lon_488065878695668_lat_52394058037849476_radius_1_d0_l/20210324TMX7316010203-002057pano_0000_000636_4.88066524136324_52.3940543224171.jpg,2021,3,24,Houthavens_West,0,lon_488065878695668_lat_52394058037849476_radius_1_d0_l,lon_488065878695668_lat_52394058037849476_radius_1,0,l
ATM_square_equirectangular/Houthavens_West/lon_488065878695668_lat_52394058037849476_radius_1_d0_l/20221214TMX7316010203-002855pano_0000_000059_4.8806700010996_52.3940610019783.jpg,2022,12,14,Houthavens_West,1,lon_488065878695668_lat_52394058037849476_radius_1_d0_l,lon_488065878695668_lat_52394058037849476_radius_1,0,l
ATM_square_equirectangular/Houthavens_West/lon_488065878695668_lat_52394058037849476_radius_1_d0_b/20190118TMX7316010203-001068pano_0000_001273_4.88065692640845_52.3940572174348.jpg,2019,1,18,Houthavens_West,0,lon_488065878695668_lat_52394058037849476_radius_1_d0_b,lon_488065878695668_lat_52394058037849476_radius_1,0,b
ATM_square_equirectangular/Houthavens_West/lon_488065878695668_lat_52394058037849476_radius_1_d0_b/20200814TMX7316010203-001875pano_0003_001820_4.88065019466229_52.3940641714333.jpg,2020,8,14,Houthavens_West,1,lon_488065878695668_lat_52394058037849476_radius_1_d0_b,lon_488065878695668_lat_52394058037849476_radius_1,0,b
ATM_square_equirectangular/Houthavens_West/lon_488065878695668_lat_52394058037849476_radius_1_d0_b/20210224TMX7316010203-002026pano_0000_002955_4.88066278539274_52.3940564401127.jpg,2021,2,24,Houthavens_West,0,lon_488065878695668_lat_52394058037849476_radius_1_d0_b,lon_488065878695668_lat_52394058037849476_radius_1,0,b
ATM_square_equirectangular/Houthavens_West/lon_488065878695668_lat_52394058037849476_radius_1_d0_b/20210324TMX7316010203-002057pano_0000_000636_4.88066524136324_52.3940543224171.jpg,2021,3,24,Houthavens_West,0,lon_488065878695668_lat_52394058037849476_radius_1_d0_b,lon_488065878695668_lat_52394058037849476_radius_1,0,b
ATM_square_equirectangular/Houthavens_West/lon_488065878695668_lat_52394058037849476_radius_1_d0_b/20221214TMX7316010203-002855pano_0000_000059_4.8806700010996_52.3940610019783.jpg,2022,12,14,Houthavens_West,1,lon_488065878695668_lat_52394058037849476_radius_1_d0_b,lon_488065878695668_lat_52394058037849476_radius_1,0,b
ATM_square_equirectangular/Cornelis_Douwesterrein/lon_4892425603244903_lat_524023765671441_radius_1_d0_f/20191212TMX7316010203-001511pano_0001_002421_4.89243215436299_52.4023766893429.jpg,2019,12,12,Cornelis_Douwesterrein,0,lon_4892425603244903_lat_524023765671441_radius_1_d0_f,lon_4892425603244903_lat_524023765671441_radius_1,0,f
ATM_square_equirectangular/Cornelis_Douwesterrein/lon_4892425603244903_lat_524023765671441_radius_1_d0_f/20210212TMX7316010203-002004pano_0000_002295_4.89241969713285_52.4023782110411.jpg,2021,2,12,Cornelis_Douwesterrein,1,lon_4892425603244903_lat_524023765671441_radius_1_d0_f,lon_4892425603244903_lat_524023765671441_radius_1,0,f
ATM_square_equirectangular/Cornelis_Douwesterrein/lon_4892425603244903_lat_524023765671441_radius_1_d0_f/20210625TMX7316010203-002193pano_0000_004599_4.89242495823887_52.4023748010483.jpg,2021,6,25,Cornelis_Douwesterrein,0,lon_4892425603244903_lat_524023765671441_radius_1_d0_f,lon_4892425603244903_lat_524023765671441_radius_1,0,f
ATM_square_equirectangular/Cornelis_Douwesterrein/lon_4892425603244903_lat_524023765671441_radius_1_d0_r/20191212TMX7316010203-001511pano_0001_002421_4.89243215436299_52.4023766893429.jpg,2019,12,12,Cornelis_Douwesterrein,0,lon_4892425603244903_lat_524023765671441_radius_1_d0_r,lon_4892425603244903_lat_524023765671441_radius_1,0,r
ATM_square_equirectangular/Cornelis_Douwesterrein/lon_4892425603244903_lat_524023765671441_radius_1_d0_r/20210212TMX7316010203-002004pano_0000_002295_4.89241969713285_52.4023782110411.jpg,2021,2,12,Cornelis_Douwesterrein,1,lon_4892425603244903_lat_524023765671441_radius_1_d0_r,lon_4892425603244903_lat_524023765671441_radius_1,0,r
ATM_square_equirectangular/Cornelis_Douwesterrein/lon_4892425603244903_lat_524023765671441_radius_1_d0_r/20210625TMX7316010203-002193pano_0000_004599_4.89242495823887_52.4023748010483.jpg,2021,6,25,Cornelis_Douwesterrein,0,lon_4892425603244903_lat_524023765671441_radius_1_d0_r,lon_4892425603244903_lat_524023765671441_radius_1,0,r
ATM_square_equirectangular/Cornelis_Douwesterrein/lon_4892425603244903_lat_524023765671441_radius_1_d-450_l/20191212TMX7316010203-001511pano_0001_002421_4.89243215436299_52.4023766893429.jpg,2019,12,12,Cornelis_Douwesterrein,0,lon_4892425603244903_lat_524023765671441_radius_1_d-450_l,lon_4892425603244903_lat_524023765671441_radius_1,-450,l
ATM_square_equirectangular/Cornelis_Douwesterrein/lon_4892425603244903_lat_524023765671441_radius_1_d-450_l/20210212TMX7316010203-002004pano_0000_002295_4.89241969713285_52.4023782110411.jpg,2021,2,12,Cornelis_Douwesterrein,1,lon_4892425603244903_lat_524023765671441_radius_1_d-450_l,lon_4892425603244903_lat_524023765671441_radius_1,-450,l
ATM_square_equirectangular/Cornelis_Douwesterrein/lon_4892425603244903_lat_524023765671441_radius_1_d-450_l/20210625TMX7316010203-002193pano_0000_004599_4.89242495823887_52.4023748010483.jpg,2021,6,25,Cornelis_Douwesterrein,0,lon_4892425603244903_lat_524023765671441_radius_1_d-450_l,lon_4892425603244903_lat_524023765671441_radius_1,-450,l
ATM_square_equirectangular/Veluwebuurt/lon_48945785691812995_lat_5233837206957463_radius_1_d-350_l/20171220TMX7316010203-000521pano_0001_000613_4.89457246332744_52.3383712027217.jpg,2017,12,20,Veluwebuurt,0,lon_48945785691812995_lat_5233837206957463_radius_1_d-350_l,lon_48945785691812995_lat_5233837206957463_radius_1,-350,l
ATM_square_equirectangular/Veluwebuurt/lon_48945785691812995_lat_5233837206957463_radius_1_d-350_l/20210423TMX7316010203-002116pano_0000_002640_4.89458132344627_52.3383738860151.jpg,2021,4,23,Veluwebuurt,1,lon_48945785691812995_lat_5233837206957463_radius_1_d-350_l,lon_48945785691812995_lat_5233837206957463_radius_1,-350,l
ATM_square_equirectangular/Veluwebuurt/lon_48945785691812995_lat_5233837206957463_radius_1_d-350_l/20220110TMX7316010203-002408pano_0002_000006_4.89458192077019_52.3383711199871.jpg,2022,1,10,Veluwebuurt,0,lon_48945785691812995_lat_5233837206957463_radius_1_d-350_l,lon_48945785691812995_lat_5233837206957463_radius_1,-350,l
ATM_square_equirectangular/Veluwebuurt/lon_48945785691812995_lat_5233837206957463_radius_1_d-350_b/20171220TMX7316010203-000521pano_0001_000613_4.89457246332744_52.3383712027217.jpg,2017,12,20,Veluwebuurt,0,lon_48945785691812995_lat_5233837206957463_radius_1_d-350_b,lon_48945785691812995_lat_5233837206957463_radius_1,-350,b
ATM_square_equirectangular/Veluwebuurt/lon_48945785691812995_lat_5233837206957463_radius_1_d-350_b/20210423TMX7316010203-002116pano_0000_002640_4.89458132344627_52.3383738860151.jpg,2021,4,23,Veluwebuurt,1,lon_48945785691812995_lat_5233837206957463_radius_1_d-350_b,lon_48945785691812995_lat_5233837206957463_radius_1,-350,b
ATM_square_equirectangular/Veluwebuurt/lon_48945785691812995_lat_5233837206957463_radius_1_d-350_b/20220110TMX7316010203-002408pano_0002_000006_4.89458192077019_52.3383711199871.jpg,2022,1,10,Veluwebuurt,0,lon_48945785691812995_lat_5233837206957463_radius_1_d-350_b,lon_48945785691812995_lat_5233837206957463_radius_1,-350,b
ATM_square_equirectangular/Steigereiland_West/lon_497830528417086_lat_52364271689094274_radius_1_d0_r/20160606TMX7315120208-000067pano_0013_000765_4.97830516817435_52.3642750866451.jpg,2016,6,6,Steigereiland_West,0,lon_497830528417086_lat_52364271689094274_radius_1_d0_r,lon_497830528417086_lat_52364271689094274_radius_1,0,r
ATM_square_equirectangular/Steigereiland_West/lon_497830528417086_lat_52364271689094274_radius_1_d0_r/20200622TMX7316010203-001754pano_0000_000135_4.97829777621615_52.3642759424574.jpg,2020,6,22,Steigereiland_West,0,lon_497830528417086_lat_52364271689094274_radius_1_d0_r,lon_497830528417086_lat_52364271689094274_radius_1,0,r
ATM_square_equirectangular/Steigereiland_West/lon_497830528417086_lat_52364271689094274_radius_1_d0_r/20200624TMX7316010203-001764pano_0000_005828_4.97830684577714_52.3642706264312.jpg,2020,6,24,Steigereiland_West,0,lon_497830528417086_lat_52364271689094274_radius_1_d0_r,lon_497830528417086_lat_52364271689094274_radius_1,0,r
ATM_square_equirectangular/Steigereiland_West/lon_497830528417086_lat_52364271689094274_radius_1_d0_r/20200908TMX7316010203-001912pano_0000_005392_4.9783113465158_52.3642651008434.jpg,2020,9,8,Steigereiland_West,0,lon_497830528417086_lat_52364271689094274_radius_1_d0_r,lon_497830528417086_lat_52364271689094274_radius_1,0,r
ATM_square_equirectangular/Steigereiland_West/lon_497830528417086_lat_52364271689094274_radius_1_d0_r/20220517TMX7316010203-002581pano_0000_000099_4.97831642145178_52.3642665234869.jpg,2022,5,17,Steigereiland_West,1,lon_497830528417086_lat_52364271689094274_radius_1_d0_r,lon_497830528417086_lat_52364271689094274_radius_1,0,r
ATM_square_equirectangular/Overtoomse_Veld_Noord/lon_483587978997552_lat_5236681182749946_radius_1_d0_b/20161010TMX7316010203-000154pano_0000_004289_4.8358818750137_52.3668190339582.jpg,2016,10,10,Overtoomse_Veld_Noord,0,lon_483587978997552_lat_5236681182749946_radius_1_d0_b,lon_483587978997552_lat_5236681182749946_radius_1,0,b
ATM_square_equirectangular/Overtoomse_Veld_Noord/lon_483587978997552_lat_5236681182749946_radius_1_d0_b/20180704TMX7316010203-000825pano_0000_004299_4.83588167049675_52.3668114519326.jpg,2018,7,4,Overtoomse_Veld_Noord,1,lon_483587978997552_lat_5236681182749946_radius_1_d0_b,lon_483587978997552_lat_5236681182749946_radius_1,0,b
ATM_square_equirectangular/Overtoomse_Veld_Noord/lon_483587978997552_lat_5236681182749946_radius_1_d0_b/20200508TMX7316010203-001698pano_0001_001545_4.83587754388271_52.3668160786476.jpg,2020,5,8,Overtoomse_Veld_Noord,0,lon_483587978997552_lat_5236681182749946_radius_1_d0_b,lon_483587978997552_lat_5236681182749946_radius_1,0,b
ATM_square_equirectangular/Overtoomse_Veld_Noord/lon_483587978997552_lat_5236681182749946_radius_1_d0_b/20210409TMX7316010203-002083pano_0000_001529_4.83587442799831_52.3668059792024.jpg,2021,4,9,Overtoomse_Veld_Noord,0,lon_483587978997552_lat_5236681182749946_radius_1_d0_b,lon_483587978997552_lat_5236681182749946_radius_1,0,b
ATM_square_equirectangular/Overtoomse_Veld_Noord/lon_483587978997552_lat_5236681182749946_radius_1_d0_b/20220106TMX7316010203-002395pano_0002_000006_4.83588343248613_52.3668065937565.jpg,2022,1,6,Overtoomse_Veld_Noord,0,lon_483587978997552_lat_5236681182749946_radius_1_d0_b,lon_483587978997552_lat_5236681182749946_radius_1,0,b
ATM_square_equirectangular/Venserpolder_Oost/lon_4950477061914366_lat_523223309073334_radius_1_d250_f/20180712TMX7316010203-000836pano_0001_001311_4.95047589510306_52.322329695758.jpg,2018,7,12,Venserpolder_Oost,0,lon_4950477061914366_lat_523223309073334_radius_1_d250_f,lon_4950477061914366_lat_523223309073334_radius_1,250,f
ATM_square_equirectangular/Venserpolder_Oost/lon_4950477061914366_lat_523223309073334_radius_1_d250_f/20191202TMX7316010203-001476pano_0010_000041_4.95046664951428_52.3223339283083.jpg,2019,12,2,Venserpolder_Oost,1,lon_4950477061914366_lat_523223309073334_radius_1_d250_f,lon_4950477061914366_lat_523223309073334_radius_1,250,f
ATM_square_equirectangular/Venserpolder_Oost/lon_4950477061914366_lat_523223309073334_radius_1_d250_f/20220118TMX7316010203-002423pano_0015_000012_4.95048864112576_52.3223290979339.jpg,2022,1,18,Venserpolder_Oost,0,lon_4950477061914366_lat_523223309073334_radius_1_d250_f,lon_4950477061914366_lat_523223309073334_radius_1,250,f
ATM_square_equirectangular/Overtoomse_veld_Zuid/lon_483645976477119_lat_5235931386220543_radius_1_d-300_f/20160810TMX7316010203-000054pano_0004_000095_4.83647073665366_52.3593141031962.jpg,2016,8,10,Overtoomse_veld_Zuid,0,lon_483645976477119_lat_5235931386220543_radius_1_d-300_f,lon_483645976477119_lat_5235931386220543_radius_1,-300,f
ATM_square_equirectangular/Overtoomse_veld_Zuid/lon_483645976477119_lat_5235931386220543_radius_1_d-300_f/20161010TMX7316010203-000154pano_0000_006768_4.83647129806172_52.359318156607.jpg,2016,10,10,Overtoomse_veld_Zuid,0,lon_483645976477119_lat_5235931386220543_radius_1_d-300_f,lon_483645976477119_lat_5235931386220543_radius_1,-300,f
ATM_square_equirectangular/Overtoomse_veld_Zuid/lon_483645976477119_lat_5235931386220543_radius_1_d-300_f/20180704TMX7316010203-000824pano_0000_004464_4.8364469643949_52.3593130451723.jpg,2018,7,4,Overtoomse_veld_Zuid,0,lon_483645976477119_lat_5235931386220543_radius_1_d-300_f,lon_483645976477119_lat_5235931386220543_radius_1,-300,f
ATM_square_equirectangular/Overtoomse_veld_Zuid/lon_483645976477119_lat_5235931386220543_radius_1_d-300_f/20200129TMX7316010203-001601pano_0000_000083_4.8364568096966_52.3593120790882.jpg,2020,1,29,Overtoomse_veld_Zuid,1,lon_483645976477119_lat_5235931386220543_radius_1_d-300_f,lon_483645976477119_lat_5235931386220543_radius_1,-300,f
ATM_square_equirectangular/Overtoomse_veld_Zuid/lon_483645976477119_lat_5235931386220543_radius_1_d-300_f/20210409TMX7316010203-002083pano_0000_000618_4.83645883230716_52.3593139480092.jpg,2021,4,9,Overtoomse_veld_Zuid,0,lon_483645976477119_lat_5235931386220543_radius_1_d-300_f,lon_483645976477119_lat_5235931386220543_radius_1,-300,f
ATM_square_equirectangular/Overtoomse_veld_Zuid/lon_483645976477119_lat_5235931386220543_radius_1_d-300_f/20210412TMX7316010203-002085pano_0000_001126_4.83645744880678_52.3593119982508.jpg,2021,4,12,Overtoomse_veld_Zuid,0,lon_483645976477119_lat_5235931386220543_radius_1_d-300_f,lon_483645976477119_lat_5235931386220543_radius_1,-300,f
ATM_square_equirectangular/Overtoomse_veld_Zuid/lon_483645976477119_lat_5235931386220543_radius_1_d-300_f/20210709TMX7316010203-002226pano_0000_003624_4.83645626347751_52.3593137051143.jpg,2021,7,9,Overtoomse_veld_Zuid,0,lon_483645976477119_lat_5235931386220543_radius_1_d-300_f,lon_483645976477119_lat_5235931386220543_radius_1,-300,f
ATM_square_equirectangular/Haveneiland_Noordwest/lon_5005368628980677_lat_52354682169273566_radius_1_d-500_l/20171130TMX7316010203-000503pano_0000_000427_5.00537635271757_52.3546847141709.jpg,2017,11,30,Haveneiland_Noordwest,0,lon_5005368628980677_lat_52354682169273566_radius_1_d-500_l,lon_5005368628980677_lat_52354682169273566_radius_1,-500,l
ATM_square_equirectangular/Haveneiland_Noordwest/lon_5005368628980677_lat_52354682169273566_radius_1_d-500_l/20191128TMX7316010203-001471pano_0004_001096_5.00536897429738_52.3546815523507.jpg,2019,11,28,Haveneiland_Noordwest,1,lon_5005368628980677_lat_52354682169273566_radius_1_d-500_l,lon_5005368628980677_lat_52354682169273566_radius_1,-500,l
ATM_square_equirectangular/Haveneiland_Noordwest/lon_5005368628980677_lat_52354682169273566_radius_1_d-500_l/20200622TMX7316010203-001754pano_0000_005338_5.00536055992708_52.3546802412991.jpg,2020,6,22,Haveneiland_Noordwest,0,lon_5005368628980677_lat_52354682169273566_radius_1_d-500_l,lon_5005368628980677_lat_52354682169273566_radius_1,-500,l
ATM_square_equirectangular/Steigereiland_Noord/lon_4988416535087855_lat_523628716103314_radius_1_d0_r/20171130TMX7316010203-000503pano_0000_001932_4.98841408236524_52.362868712362.jpg,2017,11,30,Steigereiland_Noord,0,lon_4988416535087855_lat_523628716103314_radius_1_d0_r,lon_4988416535087855_lat_523628716103314_radius_1,0,r
ATM_square_equirectangular/Steigereiland_Noord/lon_4988416535087855_lat_523628716103314_radius_1_d0_r/20200203TMX7316010203-001617pano_0001_000054_4.98842182458246_52.3628769209296.jpg,2020,2,3,Steigereiland_Noord,1,lon_4988416535087855_lat_523628716103314_radius_1_d0_r,lon_4988416535087855_lat_523628716103314_radius_1,0,r
ATM_square_equirectangular/Steigereiland_Noord/lon_4988416535087855_lat_523628716103314_radius_1_d0_r/20200624TMX7316010203-001764pano_0001_000515_4.98840682670804_52.3628661949437.jpg,2020,6,24,Steigereiland_Noord,0,lon_4988416535087855_lat_523628716103314_radius_1_d0_r,lon_4988416535087855_lat_523628716103314_radius_1,0,r
ATM_square_equirectangular/Steigereiland_Noord/lon_4988416535087855_lat_523628716103314_radius_1_d0_r/20210601TMX7316010203-002149pano_0001_002274_4.98842340669568_52.3628746130903.jpg,2021,6,1,Steigereiland_Noord,0,lon_4988416535087855_lat_523628716103314_radius_1_d0_r,lon_4988416535087855_lat_523628716103314_radius_1,0,r
ATM_square_equirectangular/Steigereiland_Noord/lon_4988416535087855_lat_523628716103314_radius_1_d0_b/20171130TMX7316010203-000503pano_0000_001932_4.98841408236524_52.362868712362.jpg,2017,11,30,Steigereiland_Noord,0,lon_4988416535087855_lat_523628716103314_radius_1_d0_b,lon_4988416535087855_lat_523628716103314_radius_1,0,b
ATM_square_equirectangular/Steigereiland_Noord/lon_4988416535087855_lat_523628716103314_radius_1_d0_b/20200203TMX7316010203-001617pano_0001_000054_4.98842182458246_52.3628769209296.jpg,2020,2,3,Steigereiland_Noord,1,lon_4988416535087855_lat_523628716103314_radius_1_d0_b,lon_4988416535087855_lat_523628716103314_radius_1,0,b
ATM_square_equirectangular/Steigereiland_Noord/lon_4988416535087855_lat_523628716103314_radius_1_d0_b/20200624TMX7316010203-001764pano_0001_000515_4.98840682670804_52.3628661949437.jpg,2020,6,24,Steigereiland_Noord,0,lon_4988416535087855_lat_523628716103314_radius_1_d0_b,lon_4988416535087855_lat_523628716103314_radius_1,0,b
ATM_square_equirectangular/Steigereiland_Noord/lon_4988416535087855_lat_523628716103314_radius_1_d0_b/20210601TMX7316010203-002149pano_0001_002274_4.98842340669568_52.3628746130903.jpg,2021,6,1,Steigereiland_Noord,0,lon_4988416535087855_lat_523628716103314_radius_1_d0_b,lon_4988416535087855_lat_523628716103314_radius_1,0,b
ATM_square_equirectangular/Steigereiland_Noord/lon_4988416535087855_lat_523628716103314_radius_1_d0_f/20171130TMX7316010203-000503pano_0000_001932_4.98841408236524_52.362868712362.jpg,2017,11,30,Steigereiland_Noord,0,lon_4988416535087855_lat_523628716103314_radius_1_d0_f,lon_4988416535087855_lat_523628716103314_radius_1,0,f
ATM_square_equirectangular/Steigereiland_Noord/lon_4988416535087855_lat_523628716103314_radius_1_d0_f/20200203TMX7316010203-001617pano_0001_000054_4.98842182458246_52.3628769209296.jpg,2020,2,3,Steigereiland_Noord,1,lon_4988416535087855_lat_523628716103314_radius_1_d0_f,lon_4988416535087855_lat_523628716103314_radius_1,0,f
ATM_square_equirectangular/Steigereiland_Noord/lon_4988416535087855_lat_523628716103314_radius_1_d0_f/20200624TMX7316010203-001764pano_0001_000515_4.98840682670804_52.3628661949437.jpg,2020,6,24,Steigereiland_Noord,0,lon_4988416535087855_lat_523628716103314_radius_1_d0_f,lon_4988416535087855_lat_523628716103314_radius_1,0,f
ATM_square_equirectangular/Steigereiland_Noord/lon_4988416535087855_lat_523628716103314_radius_1_d0_f/20210601TMX7316010203-002149pano_0001_002274_4.98842340669568_52.3628746130903.jpg,2021,6,1,Steigereiland_Noord,0,lon_4988416535087855_lat_523628716103314_radius_1_d0_f,lon_4988416535087855_lat_523628716103314_radius_1,0,f
ATM_square_equirectangular/Steigereiland_Noord/lon_4988416535087855_lat_523628716103314_radius_1_d0_l/20171130TMX7316010203-000503pano_0000_001932_4.98841408236524_52.362868712362.jpg,2017,11,30,Steigereiland_Noord,0,lon_4988416535087855_lat_523628716103314_radius_1_d0_l,lon_4988416535087855_lat_523628716103314_radius_1,0,l
ATM_square_equirectangular/Steigereiland_Noord/lon_4988416535087855_lat_523628716103314_radius_1_d0_l/20200203TMX7316010203-001617pano_0001_000054_4.98842182458246_52.3628769209296.jpg,2020,2,3,Steigereiland_Noord,1,lon_4988416535087855_lat_523628716103314_radius_1_d0_l,lon_4988416535087855_lat_523628716103314_radius_1,0,l
ATM_square_equirectangular/Steigereiland_Noord/lon_4988416535087855_lat_523628716103314_radius_1_d0_l/20200624TMX7316010203-001764pano_0001_000515_4.98840682670804_52.3628661949437.jpg,2020,6,24,Steigereiland_Noord,0,lon_4988416535087855_lat_523628716103314_radius_1_d0_l,lon_4988416535087855_lat_523628716103314_radius_1,0,l
ATM_square_equirectangular/Steigereiland_Noord/lon_4988416535087855_lat_523628716103314_radius_1_d0_l/20210601TMX7316010203-002149pano_0001_002274_4.98842340669568_52.3628746130903.jpg,2021,6,1,Steigereiland_Noord,0,lon_4988416535087855_lat_523628716103314_radius_1_d0_l,lon_4988416535087855_lat_523628716103314_radius_1,0,l
ATM_square_equirectangular/Steigereiland_Noord/lon_4988888890883827_lat_52362933959467966_radius_1_d0_l/20160606TMX7315120208-000067pano_0023_000410_4.98889151604286_52.3629371760765.jpg,2016,6,6,Steigereiland_Noord,0,lon_4988888890883827_lat_52362933959467966_radius_1_d0_l,lon_4988888890883827_lat_52362933959467966_radius_1,0,l
ATM_square_equirectangular/Steigereiland_Noord/lon_4988888890883827_lat_52362933959467966_radius_1_d0_l/20171130TMX7316010203-000503pano_0000_001877_4.98888785386603_52.3629300478856.jpg,2017,11,30,Steigereiland_Noord,0,lon_4988888890883827_lat_52362933959467966_radius_1_d0_l,lon_4988888890883827_lat_52362933959467966_radius_1,0,l
ATM_square_equirectangular/Steigereiland_Noord/lon_4988888890883827_lat_52362933959467966_radius_1_d0_l/20210601TMX7316010203-002149pano_0001_002548_4.98888730274259_52.3629346544418.jpg,2021,6,1,Steigereiland_Noord,1,lon_4988888890883827_lat_52362933959467966_radius_1_d0_l,lon_4988888890883827_lat_52362933959467966_radius_1,0,l
ATM_square_equirectangular/Steigereiland_Noord/lon_4988957605223945_lat_523629863327287_radius_1_d400_l/20171130TMX7316010203-000503pano_0000_001882_4.98896404063736_52.3629864805671.jpg,2017,11,30,Steigereiland_Noord,0,lon_4988957605223945_lat_523629863327287_radius_1_d400_l,lon_4988957605223945_lat_523629863327287_radius_1,400,l
ATM_square_equirectangular/Steigereiland_Noord/lon_4988957605223945_lat_523629863327287_radius_1_d400_l/20180518TMX7316010203-000743pano_0000_004306_4.98895979125685_52.3629828268407.jpg,2018,5,18,Steigereiland_Noord,0,lon_4988957605223945_lat_523629863327287_radius_1_d400_l,lon_4988957605223945_lat_523629863327287_radius_1,400,l
ATM_square_equirectangular/Steigereiland_Noord/lon_4988957605223945_lat_523629863327287_radius_1_d400_l/20200624TMX7316010203-001764pano_0001_000196_4.98895991310661_52.3629907480724.jpg,2020,6,24,Steigereiland_Noord,1,lon_4988957605223945_lat_523629863327287_radius_1_d400_l,lon_4988957605223945_lat_523629863327287_radius_1,400,l
ATM_square_equirectangular/Steigereiland_Noord/lon_4988957605223945_lat_523629863327287_radius_1_d400_l/20220117TMX7316010203-002419pano_0002_000028_4.98894667589496_52.3629852754346.jpg,2022,1,17,Steigereiland_Noord,0,lon_4988957605223945_lat_523629863327287_radius_1_d400_l,lon_4988957605223945_lat_523629863327287_radius_1,400,l
ATM_square_equirectangular/Banne_Zuidoost/lon_49206878341311_lat_5240615104699523_radius_1_d-150_f/20160718TMX7315120208-000137pano_0000_000015_4.92067738182451_52.4061523865349.jpg,2016,7,18,Banne_Zuidoost,0,lon_49206878341311_lat_5240615104699523_radius_1_d-150_f,lon_49206878341311_lat_5240615104699523_radius_1,-150,f
ATM_square_equirectangular/Banne_Zuidoost/lon_49206878341311_lat_5240615104699523_radius_1_d-150_f/20180802TMX7316010203-000895pano_0001_001130_4.92069518541022_52.4061502622112.jpg,2018,8,2,Banne_Zuidoost,1,lon_49206878341311_lat_5240615104699523_radius_1_d-150_f,lon_49206878341311_lat_5240615104699523_radius_1,-150,f
ATM_square_equirectangular/Banne_Zuidoost/lon_49206878341311_lat_5240615104699523_radius_1_d-150_f/20191211TMX7316010203-001508pano_0002_000021_4.92068681804362_52.4061485020923.jpg,2019,12,11,Banne_Zuidoost,1,lon_49206878341311_lat_5240615104699523_radius_1_d-150_f,lon_49206878341311_lat_5240615104699523_radius_1,-150,f
ATM_square_equirectangular/Banne_Zuidoost/lon_49206878341311_lat_5240615104699523_radius_1_d-150_f/20210623TMX7316010203-002186pano_0001_000579_4.92069195124605_52.4061530371425.jpg,2021,6,23,Banne_Zuidoost,0,lon_49206878341311_lat_5240615104699523_radius_1_d-150_f,lon_49206878341311_lat_5240615104699523_radius_1,-150,f
ATM_square_equirectangular/Banne_Zuidoost/lon_4920904499907532_lat_5240632323372026_radius_1_d200_l/20160718TMX7315120208-000137pano_0000_000010_4.92091390702391_52.4063280521538.jpg,2016,7,18,Banne_Zuidoost,0,lon_4920904499907532_lat_5240632323372026_radius_1_d200_l,lon_4920904499907532_lat_5240632323372026_radius_1,200,l
ATM_square_equirectangular/Banne_Zuidoost/lon_4920904499907532_lat_5240632323372026_radius_1_d200_l/20200206TMX7316010203-001624pano_0006_001713_4.92090937403391_52.4063212181724.jpg,2020,2,6,Banne_Zuidoost,1,lon_4920904499907532_lat_5240632323372026_radius_1_d200_l,lon_4920904499907532_lat_5240632323372026_radius_1,200,l
ATM_square_equirectangular/Banne_Zuidoost/lon_4920904499907532_lat_5240632323372026_radius_1_d200_l/20211223TMX7316010203-002334pano_0000_000293_4.92089267431535_52.4063181139549.jpg,2021,12,23,Banne_Zuidoost,0,lon_4920904499907532_lat_5240632323372026_radius_1_d200_l,lon_4920904499907532_lat_5240632323372026_radius_1,200,l
ATM_square_equirectangular/Banne_Zuidoost/lon_4920904499907532_lat_5240632323372026_radius_1_d200_l/20220513TMX7316010203-002579pano_0000_001422_4.92090823311531_52.406328430905.jpg,2022,5,13,Banne_Zuidoost,0,lon_4920904499907532_lat_5240632323372026_radius_1_d200_l,lon_4920904499907532_lat_5240632323372026_radius_1,200,l
ATM_square_equirectangular/Venserpolder_Oost/lon_49501859819617_lat_5232261207962777_radius_1_d600_f/20181213TMX7316010203-001011pano_0017_000940_4.95018366336229_52.3226183029459.jpg,2018,12,13,Venserpolder_Oost,0,lon_49501859819617_lat_5232261207962777_radius_1_d600_f,lon_49501859819617_lat_5232261207962777_radius_1,600,f
ATM_square_equirectangular/Venserpolder_Oost/lon_49501859819617_lat_5232261207962777_radius_1_d600_f/20191202TMX7316010203-001476pano_0010_000034_4.9501835945962_52.3226067233285.jpg,2019,12,2,Venserpolder_Oost,1,lon_49501859819617_lat_5232261207962777_radius_1_d600_f,lon_49501859819617_lat_5232261207962777_radius_1,600,f
ATM_square_equirectangular/Venserpolder_Oost/lon_49501859819617_lat_5232261207962777_radius_1_d600_f/20210604TMX7316010203-002157pano_0000_003531_4.95019068792661_52.3226112126089.jpg,2021,6,4,Venserpolder_Oost,0,lon_49501859819617_lat_5232261207962777_radius_1_d600_f,lon_49501859819617_lat_5232261207962777_radius_1,600,f
ATM_square_equirectangular/Venserpolder_Oost/lon_49501859819617_lat_5232261207962777_radius_1_d600_f/20220620TMX7316010203-002611pano_0005_001334_4.95017856158292_52.3226077597755.jpg,2022,6,20,Venserpolder_Oost,0,lon_49501859819617_lat_5232261207962777_radius_1_d600_f,lon_49501859819617_lat_5232261207962777_radius_1,600,f
ATM_square_equirectangular/Osdorpplein_eo/lon_480364993784052_lat_5235731362591104_radius_1_d100_r/20160808TMX7316010203-000050pano_0000_007856_4.80364518992419_52.3573097562411.jpg,2016,8,8,Osdorpplein_eo,0,lon_480364993784052_lat_5235731362591104_radius_1_d100_r,lon_480364993784052_lat_5235731362591104_radius_1,100,r
ATM_square_equirectangular/Osdorpplein_eo/lon_480364993784052_lat_5235731362591104_radius_1_d100_r/20200821TMX7316010203-001886pano_0000_001610_4.80364757622719_52.3573131522175.jpg,2020,8,21,Osdorpplein_eo,1,lon_480364993784052_lat_5235731362591104_radius_1_d100_r,lon_480364993784052_lat_5235731362591104_radius_1,100,r
ATM_square_equirectangular/Osdorpplein_eo/lon_480364993784052_lat_5235731362591104_radius_1_d100_r/20220107TMX7316010203-002397pano_0005_000017_4.80365704737018_52.3573179692745.jpg,2022,1,7,Osdorpplein_eo,1,lon_480364993784052_lat_5235731362591104_radius_1_d100_r,lon_480364993784052_lat_5235731362591104_radius_1,100,r
ATM_square_equirectangular/Osdorpplein_eo/lon_480364993784052_lat_5235731362591104_radius_1_d100_b/20160808TMX7316010203-000050pano_0000_007856_4.80364518992419_52.3573097562411.jpg,2016,8,8,Osdorpplein_eo,0,lon_480364993784052_lat_5235731362591104_radius_1_d100_b,lon_480364993784052_lat_5235731362591104_radius_1,100,b
ATM_square_equirectangular/Osdorpplein_eo/lon_480364993784052_lat_5235731362591104_radius_1_d100_b/20200821TMX7316010203-001886pano_0000_001610_4.80364757622719_52.3573131522175.jpg,2020,8,21,Osdorpplein_eo,0,lon_480364993784052_lat_5235731362591104_radius_1_d100_b,lon_480364993784052_lat_5235731362591104_radius_1,100,b
ATM_square_equirectangular/Osdorpplein_eo/lon_480364993784052_lat_5235731362591104_radius_1_d100_b/20220107TMX7316010203-002397pano_0005_000017_4.80365704737018_52.3573179692745.jpg,2022,1,7,Osdorpplein_eo,1,lon_480364993784052_lat_5235731362591104_radius_1_d100_b,lon_480364993784052_lat_5235731362591104_radius_1,100,b
ATM_square_equirectangular/Amstelveldbuurt/lon_4899729021239503_lat_5236309990214854_radius_1_d-800_f/20190510TMX7316010203-001176pano_0000_001718_4.89973370212112_52.3630987968682.jpg,2019,5,10,Amstelveldbuurt,0,lon_4899729021239503_lat_5236309990214854_radius_1_d-800_f,lon_4899729021239503_lat_5236309990214854_radius_1,-800,f
ATM_square_equirectangular/Amstelveldbuurt/lon_4899729021239503_lat_5236309990214854_radius_1_d-800_f/20200214TMX7316010203-001641pano_0002_000210_4.8997254830439_52.3631059808388.jpg,2020,2,14,Amstelveldbuurt,1,lon_4899729021239503_lat_5236309990214854_radius_1_d-800_f,lon_4899729021239503_lat_5236309990214854_radius_1,-800,f
ATM_square_equirectangular/Amstelveldbuurt/lon_4899729021239503_lat_5236309990214854_radius_1_d-800_f/20211229TMX7316010203-002364pano_0002_000236_4.89972787855349_52.3630949287386.jpg,2021,12,29,Amstelveldbuurt,0,lon_4899729021239503_lat_5236309990214854_radius_1_d-800_f,lon_4899729021239503_lat_5236309990214854_radius_1,-800,f
ATM_square_equirectangular/Amstelveldbuurt/lon_4899729021239503_lat_5236309990214854_radius_1_d-800_f/20220425TMX7316010203-002542pano_0000_002264_4.89972892665753_52.3630929122514.jpg,2022,4,25,Amstelveldbuurt,0,lon_4899729021239503_lat_5236309990214854_radius_1_d-800_f,lon_4899729021239503_lat_5236309990214854_radius_1,-800,f
ATM_square_equirectangular/Weesperzijde_Midden-Zuid/lon_4911600021388822_lat_5235493972990482_radius_1_d-50_b/20180515TMX7316010203-000720pano_0002_002047_4.91160110797915_52.3549379385345.jpg,2018,5,15,Weesperzijde_Midden-Zuid,0,lon_4911600021388822_lat_5235493972990482_radius_1_d-50_b,lon_4911600021388822_lat_5235493972990482_radius_1,-50,b
ATM_square_equirectangular/Weesperzijde_Midden-Zuid/lon_4911600021388822_lat_5235493972990482_radius_1_d-50_b/20181212TMX7316010203-001009pano_0006_000039_4.91160048158073_52.354937557729.jpg,2018,12,12,Weesperzijde_Midden-Zuid,0,lon_4911600021388822_lat_5235493972990482_radius_1_d-50_b,lon_4911600021388822_lat_5235493972990482_radius_1,-50,b
ATM_square_equirectangular/Weesperzijde_Midden-Zuid/lon_4911600021388822_lat_5235493972990482_radius_1_d-50_b/20190515TMX7316010203-001184pano_0000_001295_4.91160015288633_52.3549437928186.jpg,2019,5,15,Weesperzijde_Midden-Zuid,0,lon_4911600021388822_lat_5235493972990482_radius_1_d-50_b,lon_4911600021388822_lat_5235493972990482_radius_1,-50,b
ATM_square_equirectangular/Weesperzijde_Midden-Zuid/lon_4911600021388822_lat_5235493972990482_radius_1_d-50_b/20200904TMX7316010203-001906pano_0002_000155_4.91159866546924_52.3549401018597.jpg,2020,9,4,Weesperzijde_Midden-Zuid,1,lon_4911600021388822_lat_5235493972990482_radius_1_d-50_b,lon_4911600021388822_lat_5235493972990482_radius_1,-50,b
ATM_square_equirectangular/Weesperzijde_Midden-Zuid/lon_4911600021388822_lat_5235493972990482_radius_1_d-50_b/20220112TMX7316010203-002417pano_0014_000026_4.9115947546356_52.3549382284427.jpg,2022,1,12,Weesperzijde_Midden-Zuid,0,lon_4911600021388822_lat_5235493972990482_radius_1_d-50_b,lon_4911600021388822_lat_5235493972990482_radius_1,-50,b
ATM_square_equirectangular/Weesperzijde_Midden-Zuid/lon_4911600021388822_lat_5235493972990482_radius_1_d-50_b/20220426TMX7316010203-002544pano_0000_000709_4.9115923050862_52.3549444725634.jpg,2022,4,26,Weesperzijde_Midden-Zuid,0,lon_4911600021388822_lat_5235493972990482_radius_1_d-50_b,lon_4911600021388822_lat_5235493972990482_radius_1,-50,b
ATM_square_equirectangular/Oosterdokseiland/lon_4909965019475203_lat_5237708294541216_radius_1_d0_r/20170327TMX7316010203-000224pano_0000_001295_4.90996629219883_52.3770880203059.jpg,2017,3,27,Oosterdokseiland,0,lon_4909965019475203_lat_5237708294541216_radius_1_d0_r,lon_4909965019475203_lat_5237708294541216_radius_1,0,r
ATM_square_equirectangular/Oosterdokseiland/lon_4909965019475203_lat_5237708294541216_radius_1_d0_r/20200214TMX7316010203-001642pano_0000_000111_4.90995957316524_52.3770833407251.jpg,2020,2,14,Oosterdokseiland,1,lon_4909965019475203_lat_5237708294541216_radius_1_d0_r,lon_4909965019475203_lat_5237708294541216_radius_1,0,r
ATM_square_equirectangular/Oosterdokseiland/lon_4909965019475203_lat_5237708294541216_radius_1_d0_r/20200422TMX7316010203-001668pano_0000_000516_4.90996919306154_52.3770774752055.jpg,2020,4,22,Oosterdokseiland,0,lon_4909965019475203_lat_5237708294541216_radius_1_d0_r,lon_4909965019475203_lat_5237708294541216_radius_1,0,r
ATM_square_equirectangular/Spaarndammerbuurt_Midden/lon_4875430788988591_lat_5239094449129967_radius_1_d0_r/20190118TMX7316010203-001068pano_0002_000116_4.87544070235179_52.3909471358038.jpg,2019,1,18,Spaarndammerbuurt_Midden,0,lon_4875430788988591_lat_5239094449129967_radius_1_d0_r,lon_4875430788988591_lat_5239094449129967_radius_1,0,r
ATM_square_equirectangular/Spaarndammerbuurt_Midden/lon_4875430788988591_lat_5239094449129967_radius_1_d0_r/20210319TMX7316010203-002052pano_0000_001661_4.87542273297469_52.3909395032305.jpg,2021,3,19,Spaarndammerbuurt_Midden,1,lon_4875430788988591_lat_5239094449129967_radius_1_d0_r,lon_4875430788988591_lat_5239094449129967_radius_1,0,r
ATM_square_equirectangular/Spaarndammerbuurt_Midden/lon_4875430788988591_lat_5239094449129967_radius_1_d0_r/20211230TMX7316010203-002367pano_0000_000145_4.87542893163929_52.3909468348647.jpg,2021,12,30,Spaarndammerbuurt_Midden,0,lon_4875430788988591_lat_5239094449129967_radius_1_d0_r,lon_4875430788988591_lat_5239094449129967_radius_1,0,r
ATM_square_equirectangular/Spaarndammerbuurt_Midden/lon_4875430788988591_lat_5239094449129967_radius_1_d0_l/20190118TMX7316010203-001068pano_0002_000116_4.87544070235179_52.3909471358038.jpg,2019,1,18,Spaarndammerbuurt_Midden,0,lon_4875430788988591_lat_5239094449129967_radius_1_d0_l,lon_4875430788988591_lat_5239094449129967_radius_1,0,l
ATM_square_equirectangular/Spaarndammerbuurt_Midden/lon_4875430788988591_lat_5239094449129967_radius_1_d0_l/20210319TMX7316010203-002052pano_0000_001661_4.87542273297469_52.3909395032305.jpg,2021,3,19,Spaarndammerbuurt_Midden,1,lon_4875430788988591_lat_5239094449129967_radius_1_d0_l,lon_4875430788988591_lat_5239094449129967_radius_1,0,l
ATM_square_equirectangular/Spaarndammerbuurt_Midden/lon_4875430788988591_lat_5239094449129967_radius_1_d0_l/20211230TMX7316010203-002367pano_0000_000145_4.87542893163929_52.3909468348647.jpg,2021,12,30,Spaarndammerbuurt_Midden,0,lon_4875430788988591_lat_5239094449129967_radius_1_d0_l,lon_4875430788988591_lat_5239094449129967_radius_1,0,l
ATM_square_equirectangular/Tuindorp_Frankendael/lon_49337701421437155_lat_5234957173430972_radius_1_d0_f/20160419TMX7315120208-000032pano_0000_005770_4.93377657235466_52.349566432435.jpg,2016,4,19,Tuindorp_Frankendael,0,lon_49337701421437155_lat_5234957173430972_radius_1_d0_f,lon_49337701421437155_lat_5234957173430972_radius_1,0,f
ATM_square_equirectangular/Tuindorp_Frankendael/lon_49337701421437155_lat_5234957173430972_radius_1_d0_f/20180525TMX7316010203-000753pano_0000_000619_4.93376805011157_52.3495738435902.jpg,2018,5,25,Tuindorp_Frankendael,1,lon_49337701421437155_lat_5234957173430972_radius_1_d0_f,lon_49337701421437155_lat_5234957173430972_radius_1,0,f
ATM_square_equirectangular/Tuindorp_Frankendael/lon_49337701421437155_lat_5234957173430972_radius_1_d0_f/20200430TMX7316010203-001684pano_0000_003124_4.9337695045857_52.3495668120523.jpg,2020,4,30,Tuindorp_Frankendael,1,lon_49337701421437155_lat_5234957173430972_radius_1_d0_f,lon_49337701421437155_lat_5234957173430972_radius_1,0,f
ATM_square_equirectangular/Tuindorp_Frankendael/lon_49337701421437155_lat_5234957173430972_radius_1_d0_f/20220112TMX7316010203-002417pano_0030_000106_4.93376644152293_52.3495798491614.jpg,2022,1,12,Tuindorp_Frankendael,0,lon_49337701421437155_lat_5234957173430972_radius_1_d0_f,lon_49337701421437155_lat_5234957173430972_radius_1,0,f
ATM_square_equirectangular/Tuindorp_Frankendael/lon_49337701421437155_lat_5234957173430972_radius_1_d100_b/20160419TMX7315120208-000032pano_0000_005770_4.93377657235466_52.349566432435.jpg,2016,4,19,Tuindorp_Frankendael,0,lon_49337701421437155_lat_5234957173430972_radius_1_d100_b,lon_49337701421437155_lat_5234957173430972_radius_1,100,b
ATM_square_equirectangular/Tuindorp_Frankendael/lon_49337701421437155_lat_5234957173430972_radius_1_d100_b/20180525TMX7316010203-000753pano_0000_000619_4.93376805011157_52.3495738435902.jpg,2018,5,25,Tuindorp_Frankendael,1,lon_49337701421437155_lat_5234957173430972_radius_1_d100_b,lon_49337701421437155_lat_5234957173430972_radius_1,100,b
ATM_square_equirectangular/Tuindorp_Frankendael/lon_49337701421437155_lat_5234957173430972_radius_1_d100_b/20200430TMX7316010203-001684pano_0000_003124_4.9337695045857_52.3495668120523.jpg,2020,4,30,Tuindorp_Frankendael,1,lon_49337701421437155_lat_5234957173430972_radius_1_d100_b,lon_49337701421437155_lat_5234957173430972_radius_1,100,b
ATM_square_equirectangular/Tuindorp_Frankendael/lon_49337701421437155_lat_5234957173430972_radius_1_d100_b/20220112TMX7316010203-002417pano_0030_000106_4.93376644152293_52.3495798491614.jpg,2022,1,12,Tuindorp_Frankendael,0,lon_49337701421437155_lat_5234957173430972_radius_1_d100_b,lon_49337701421437155_lat_5234957173430972_radius_1,100,b
ATM_square_equirectangular/Tuindorp_Frankendael/lon_4933916464953881_lat_52349547816339765_radius_1_d0_f/20170330TMX7316010203-000232pano_0000_000191_4.93391173453356_52.3495448045505.jpg,2017,3,30,Tuindorp_Frankendael,0,lon_4933916464953881_lat_52349547816339765_radius_1_d0_f,lon_4933916464953881_lat_52349547816339765_radius_1,0,f
ATM_square_equirectangular/Tuindorp_Frankendael/lon_4933916464953881_lat_52349547816339765_radius_1_d0_f/20200904TMX7316010203-001906pano_0009_000034_4.93392165410565_52.3495512910707.jpg,2020,9,4,Tuindorp_Frankendael,1,lon_4933916464953881_lat_52349547816339765_radius_1_d0_f,lon_4933916464953881_lat_52349547816339765_radius_1,0,f
ATM_square_equirectangular/Tuindorp_Frankendael/lon_4933916464953881_lat_52349547816339765_radius_1_d0_f/20220112TMX7316010203-002417pano_0030_000041_4.93391600622243_52.3495473533981.jpg,2022,1,12,Tuindorp_Frankendael,0,lon_4933916464953881_lat_52349547816339765_radius_1_d0_f,lon_4933916464953881_lat_52349547816339765_radius_1,0,f
ATM_square_equirectangular/Tuindorp_Frankendael/lon_493296700095575_lat_5234932577846093_radius_1_d0_b/20160419TMX7315120208-000032pano_0000_004364_4.93296429466743_52.3493300010749.jpg,2016,4,19,Tuindorp_Frankendael,0,lon_493296700095575_lat_5234932577846093_radius_1_d0_b,lon_493296700095575_lat_5234932577846093_radius_1,0,b
ATM_square_equirectangular/Tuindorp_Frankendael/lon_493296700095575_lat_5234932577846093_radius_1_d0_b/20190516TMX7316010203-001191pano_0000_002901_4.93296929202012_52.3493236598622.jpg,2019,5,16,Tuindorp_Frankendael,1,lon_493296700095575_lat_5234932577846093_radius_1_d0_b,lon_493296700095575_lat_5234932577846093_radius_1,0,b
ATM_square_equirectangular/Tuindorp_Frankendael/lon_493296700095575_lat_5234932577846093_radius_1_d0_b/20220112TMX7316010203-002417pano_0030_000123_4.9329674161797_52.3493236744457.jpg,2022,1,12,Tuindorp_Frankendael,0,lon_493296700095575_lat_5234932577846093_radius_1_d0_b,lon_493296700095575_lat_5234932577846093_radius_1,0,b
ATM_square_equirectangular/Tuindorp_Frankendael/lon_49337166290688526_lat_52349601867360846_radius_1_d500_f/20160419TMX7315120208-000032pano_0000_005771_4.93372564615477_52.3495990780985.jpg,2016,4,19,Tuindorp_Frankendael,0,lon_49337166290688526_lat_52349601867360846_radius_1_d500_f,lon_49337166290688526_lat_52349601867360846_radius_1,500,f
ATM_square_equirectangular/Tuindorp_Frankendael/lon_49337166290688526_lat_52349601867360846_radius_1_d500_f/20180525TMX7316010203-000753pano_0000_000620_4.93371675075852_52.3496041690187.jpg,2018,5,25,Tuindorp_Frankendael,1,lon_49337166290688526_lat_52349601867360846_radius_1_d500_f,lon_49337166290688526_lat_52349601867360846_radius_1,500,f
ATM_square_equirectangular/Tuindorp_Frankendael/lon_49337166290688526_lat_52349601867360846_radius_1_d500_f/20200430TMX7316010203-001684pano_0000_003123_4.9337142019701_52.3495963872253.jpg,2020,4,30,Tuindorp_Frankendael,1,lon_49337166290688526_lat_52349601867360846_radius_1_d500_f,lon_49337166290688526_lat_52349601867360846_radius_1,500,f
ATM_square_equirectangular/Tuindorp_Frankendael/lon_49337166290688526_lat_52349601867360846_radius_1_d500_f/20220112TMX7316010203-002417pano_0030_000107_4.93370991739202_52.3496078351009.jpg,2022,1,12,Tuindorp_Frankendael,0,lon_49337166290688526_lat_52349601867360846_radius_1_d500_f,lon_49337166290688526_lat_52349601867360846_radius_1,500,f
ATM_square_equirectangular/Tuindorp_Frankendael/lon_49337053661775_lat_523486000778211_radius_1_d0_f/20181211TMX7316010203-001008pano_0000_000615_4.9337083118701_52.3485990077122.jpg,2018,12,11,Tuindorp_Frankendael,0,lon_49337053661775_lat_523486000778211_radius_1_d0_f,lon_49337053661775_lat_523486000778211_radius_1,0,f
ATM_square_equirectangular/Tuindorp_Frankendael/lon_49337053661775_lat_523486000778211_radius_1_d0_f/20181211TMX7316010203-001008pano_0000_000625_4.93371110497616_52.3485980403391.jpg,2018,12,11,Tuindorp_Frankendael,0,lon_49337053661775_lat_523486000778211_radius_1_d0_f,lon_49337053661775_lat_523486000778211_radius_1,0,f
ATM_square_equirectangular/Tuindorp_Frankendael/lon_49337053661775_lat_523486000778211_radius_1_d0_f/20200904TMX7316010203-001906pano_0009_000160_4.93369668168624_52.348603185412.jpg,2020,9,4,Tuindorp_Frankendael,1,lon_49337053661775_lat_523486000778211_radius_1_d0_f,lon_49337053661775_lat_523486000778211_radius_1,0,f
ATM_square_equirectangular/Tuindorp_Frankendael/lon_4933572314133566_lat_5234868128850994_radius_1_d0_l/20160419TMX7315120208-000032pano_0000_005804_4.9335703975006_52.3486822437954.jpg,2016,4,19,Tuindorp_Frankendael,0,lon_4933572314133566_lat_5234868128850994_radius_1_d0_l,lon_4933572314133566_lat_5234868128850994_radius_1,0,l
ATM_square_equirectangular/Tuindorp_Frankendael/lon_4933572314133566_lat_5234868128850994_radius_1_d0_l/20210531TMX7316010203-002144pano_0000_001632_4.93357894246417_52.3486774875518.jpg,2021,5,31,Tuindorp_Frankendael,1,lon_4933572314133566_lat_5234868128850994_radius_1_d0_l,lon_4933572314133566_lat_5234868128850994_radius_1,0,l
ATM_square_equirectangular/Tuindorp_Frankendael/lon_4933572314133566_lat_5234868128850994_radius_1_d0_l/20220112TMX7316010203-002417pano_0031_000041_4.93356760243593_52.3486841341826.jpg,2022,1,12,Tuindorp_Frankendael,0,lon_4933572314133566_lat_5234868128850994_radius_1_d0_l,lon_4933572314133566_lat_5234868128850994_radius_1,0,l
ATM_square_equirectangular/Tuindorp_Frankendael/lon_4934883221910921_lat_5234989965365114_radius_1_d0_l/20160419TMX7315120208-000032pano_0000_004330_4.93488460696604_52.3499007299072.jpg,2016,4,19,Tuindorp_Frankendael,0,lon_4934883221910921_lat_5234989965365114_radius_1_d0_l,lon_4934883221910921_lat_5234989965365114_radius_1,0,l
ATM_square_equirectangular/Tuindorp_Frankendael/lon_4934883221910921_lat_5234989965365114_radius_1_d0_l/20180525TMX7316010203-000753pano_0000_000644_4.93487570738287_52.3498934712864.jpg,2018,5,25,Tuindorp_Frankendael,1,lon_4934883221910921_lat_5234989965365114_radius_1_d0_l,lon_4934883221910921_lat_5234989965365114_radius_1,0,l
ATM_square_equirectangular/Tuindorp_Frankendael/lon_4934883221910921_lat_5234989965365114_radius_1_d0_l/20181211TMX7316010203-001008pano_0000_000521_4.93488541987079_52.3498985575388.jpg,2018,12,11,Tuindorp_Frankendael,0,lon_4934883221910921_lat_5234989965365114_radius_1_d0_l,lon_4934883221910921_lat_5234989965365114_radius_1,0,l
ATM_square_equirectangular/Tuindorp_Frankendael/lon_4934883221910921_lat_5234989965365114_radius_1_d0_l/20210531TMX7316010203-002144pano_0000_000665_4.93487884552452_52.3498966986207.jpg,2021,5,31,Tuindorp_Frankendael,1,lon_4934883221910921_lat_5234989965365114_radius_1_d0_l,lon_4934883221910921_lat_5234989965365114_radius_1,0,l
ATM_square_equirectangular/Tuindorp_Frankendael/lon_4934883221910921_lat_5234989965365114_radius_1_d0_l/20220112TMX7316010203-002417pano_0030_000013_4.93489051564766_52.3499070241109.jpg,2022,1,12,Tuindorp_Frankendael,0,lon_4934883221910921_lat_5234989965365114_radius_1_d0_l,lon_4934883221910921_lat_5234989965365114_radius_1,0,l
ATM_square_equirectangular/Tuindorp_Frankendael/lon_4934883221910921_lat_5234989965365114_radius_1_d0_l/20220518TMX7316010203-002585pano_0000_001653_4.93489191923877_52.349899037787.jpg,2022,5,18,Tuindorp_Frankendael,0,lon_4934883221910921_lat_5234989965365114_radius_1_d0_l,lon_4934883221910921_lat_5234989965365114_radius_1,0,l
ATM_square_equirectangular/Tuindorp_Frankendael/lon_4935334706352403_lat_5234961963067443_radius_1_d0_l/20181211TMX7316010203-001008pano_0000_000512_4.93533731164871_52.3496169716818.jpg,2018,12,11,Tuindorp_Frankendael,0,lon_4935334706352403_lat_5234961963067443_radius_1_d0_l,lon_4935334706352403_lat_5234961963067443_radius_1,0,l
ATM_square_equirectangular/Tuindorp_Frankendael/lon_4935334706352403_lat_5234961963067443_radius_1_d0_l/20200430TMX7316010203-001684pano_0000_003051_4.93532918689019_52.3496211118573.jpg,2020,4,30,Tuindorp_Frankendael,1,lon_4935334706352403_lat_5234961963067443_radius_1_d0_l,lon_4935334706352403_lat_5234961963067443_radius_1,0,l
ATM_square_equirectangular/Tuindorp_Frankendael/lon_4935334706352403_lat_5234961963067443_radius_1_d0_l/20220112TMX7316010203-002417pano_0030_000004_4.93533762051831_52.3496208084842.jpg,2022,1,12,Tuindorp_Frankendael,0,lon_4935334706352403_lat_5234961963067443_radius_1_d0_l,lon_4935334706352403_lat_5234961963067443_radius_1,0,l
ATM_square_equirectangular/Tuindorp_Frankendael/lon_4935334706352403_lat_5234961963067443_radius_1_d0_b/20181211TMX7316010203-001008pano_0000_000512_4.93533731164871_52.3496169716818.jpg,2018,12,11,Tuindorp_Frankendael,0,lon_4935334706352403_lat_5234961963067443_radius_1_d0_b,lon_4935334706352403_lat_5234961963067443_radius_1,0,b
ATM_square_equirectangular/Tuindorp_Frankendael/lon_4935334706352403_lat_5234961963067443_radius_1_d0_b/20200430TMX7316010203-001684pano_0000_003051_4.93532918689019_52.3496211118573.jpg,2020,4,30,Tuindorp_Frankendael,1,lon_4935334706352403_lat_5234961963067443_radius_1_d0_b,lon_4935334706352403_lat_5234961963067443_radius_1,0,b
ATM_square_equirectangular/Tuindorp_Frankendael/lon_4935334706352403_lat_5234961963067443_radius_1_d0_b/20220112TMX7316010203-002417pano_0030_000004_4.93533762051831_52.3496208084842.jpg,2022,1,12,Tuindorp_Frankendael,0,lon_4935334706352403_lat_5234961963067443_radius_1_d0_b,lon_4935334706352403_lat_5234961963067443_radius_1,0,b
ATM_square_equirectangular/Tuindorp_Frankendael/lon_4935357771307766_lat_5234926042804605_radius_1_d0_l/20160419TMX7315120208-000032pano_0000_004666_4.9353663836325_52.3492587101662.jpg,2016,4,19,Tuindorp_Frankendael,0,lon_4935357771307766_lat_5234926042804605_radius_1_d0_l,lon_4935357771307766_lat_5234926042804605_radius_1,0,l
ATM_square_equirectangular/Tuindorp_Frankendael/lon_4935357771307766_lat_5234926042804605_radius_1_d0_l/20170330TMX7316010203-000232pano_0000_000612_4.93535735264203_52.3492638869946.jpg,2017,3,30,Tuindorp_Frankendael,0,lon_4935357771307766_lat_5234926042804605_radius_1_d0_l,lon_4935357771307766_lat_5234926042804605_radius_1,0,l
ATM_square_equirectangular/Tuindorp_Frankendael/lon_4935357771307766_lat_5234926042804605_radius_1_d0_l/20180525TMX7316010203-000753pano_0000_000516_4.9353522759656_52.3492556764642.jpg,2018,5,25,Tuindorp_Frankendael,1,lon_4935357771307766_lat_5234926042804605_radius_1_d0_l,lon_4935357771307766_lat_5234926042804605_radius_1,0,l
ATM_square_equirectangular/Tuindorp_Frankendael/lon_4935357771307766_lat_5234926042804605_radius_1_d0_l/20181211TMX7316010203-001008pano_0000_000414_4.93536593072354_52.3492653755271.jpg,2018,12,11,Tuindorp_Frankendael,0,lon_4935357771307766_lat_5234926042804605_radius_1_d0_l,lon_4935357771307766_lat_5234926042804605_radius_1,0,l
ATM_square_equirectangular/Tuindorp_Frankendael/lon_4935357771307766_lat_5234926042804605_radius_1_d0_l/20210531TMX7316010203-002144pano_0000_001754_4.93535268080171_52.3492587118315.jpg,2021,5,31,Tuindorp_Frankendael,1,lon_4935357771307766_lat_5234926042804605_radius_1_d0_l,lon_4935357771307766_lat_5234926042804605_radius_1,0,l
ATM_square_equirectangular/Tuindorp_Frankendael/lon_493544839244721_lat_52349539900643926_radius_1_d0_l/20160419TMX7315120208-000032pano_0000_004319_4.93544731759999_52.3495414712279.jpg,2016,4,19,Tuindorp_Frankendael,0,lon_493544839244721_lat_52349539900643926_radius_1_d0_l,lon_493544839244721_lat_52349539900643926_radius_1,0,l
ATM_square_equirectangular/Tuindorp_Frankendael/lon_493544839244721_lat_52349539900643926_radius_1_d0_l/20170330TMX7316010203-000232pano_0000_000646_4.93544917235542_52.3495407454284.jpg,2017,3,30,Tuindorp_Frankendael,0,lon_493544839244721_lat_52349539900643926_radius_1_d0_l,lon_493544839244721_lat_52349539900643926_radius_1,0,l
ATM_square_equirectangular/Tuindorp_Frankendael/lon_493544839244721_lat_52349539900643926_radius_1_d0_l/20180525TMX7316010203-000753pano_0000_000655_4.93544054711745_52.3495384316128.jpg,2018,5,25,Tuindorp_Frankendael,1,lon_493544839244721_lat_52349539900643926_radius_1_d0_l,lon_493544839244721_lat_52349539900643926_radius_1,0,l
ATM_square_equirectangular/Tuindorp_Frankendael/lon_493544839244721_lat_52349539900643926_radius_1_d0_l/20200217TMX7316010203-001649pano_0000_000161_4.93545653271598_52.3495389543066.jpg,2020,2,17,Tuindorp_Frankendael,1,lon_493544839244721_lat_52349539900643926_radius_1_d0_l,lon_493544839244721_lat_52349539900643926_radius_1,0,l
ATM_square_equirectangular/Bijlmerpark_Oost/lon_49687376220504165_lat_5231188815411187_radius_1_d0_r/20181213TMX7316010203-001011pano_0008_000529_4.96872599852642_52.3118923206693.jpg,2018,12,13,Bijlmerpark_Oost,0,lon_49687376220504165_lat_5231188815411187_radius_1_d0_r,lon_49687376220504165_lat_5231188815411187_radius_1,0,r
ATM_square_equirectangular/Bijlmerpark_Oost/lon_49687376220504165_lat_5231188815411187_radius_1_d0_r/20200131TMX7316010203-001614pano_0004_000675_4.96874742912642_52.3118829502575.jpg,2020,1,31,Bijlmerpark_Oost,1,lon_49687376220504165_lat_5231188815411187_radius_1_d0_r,lon_49687376220504165_lat_5231188815411187_radius_1,0,r
ATM_square_equirectangular/Bijlmerpark_Oost/lon_49687376220504165_lat_5231188815411187_radius_1_d0_r/20200626TMX7316010203-001772pano_0000_002386_4.96873943849841_52.3118891914088.jpg,2020,6,26,Bijlmerpark_Oost,0,lon_49687376220504165_lat_5231188815411187_radius_1_d0_r,lon_49687376220504165_lat_5231188815411187_radius_1,0,r
ATM_square_equirectangular/Bijlmerpark_Oost/lon_4969166793284191_lat_523113467201789_radius_1_d-300_r/20181213TMX7316010203-001011pano_0008_000543_4.96916419973045_52.311346512191.jpg,2018,12,13,Bijlmerpark_Oost,0,lon_4969166793284191_lat_523113467201789_radius_1_d-300_r,lon_4969166793284191_lat_523113467201789_radius_1,-300,r
ATM_square_equirectangular/Bijlmerpark_Oost/lon_4969166793284191_lat_523113467201789_radius_1_d-300_r/20181213TMX7316010203-001011pano_0008_000583_4.9691625212504_52.311342132608.jpg,2018,12,13,Bijlmerpark_Oost,0,lon_4969166793284191_lat_523113467201789_radius_1_d-300_r,lon_4969166793284191_lat_523113467201789_radius_1,-300,r
ATM_square_equirectangular/Bijlmerpark_Oost/lon_4969166793284191_lat_523113467201789_radius_1_d-300_r/20220118TMX7316010203-002423pano_0018_000113_4.96917365887172_52.3113515157377.jpg,2022,1,18,Bijlmerpark_Oost,1,lon_4969166793284191_lat_523113467201789_radius_1_d-300_r,lon_4969166793284191_lat_523113467201789_radius_1,-300,r
ATM_square_equirectangular/Twiske_West/lon_4898037943465597_lat_5241966783812094_radius_1_d0_b/20170530TMX7316010203-000317pano_0000_005172_4.8980282948267_52.4196741893646.jpg,2017,5,30,Twiske_West,0,lon_4898037943465597_lat_5241966783812094_radius_1_d0_b,lon_4898037943465597_lat_5241966783812094_radius_1,0,b
ATM_square_equirectangular/Twiske_West/lon_4898037943465597_lat_5241966783812094_radius_1_d0_b/20171228TMX7316010203-000529pano_0000_003825_4.89803947170237_52.4196621597747.jpg,2017,12,28,Twiske_West,0,lon_4898037943465597_lat_5241966783812094_radius_1_d0_b,lon_4898037943465597_lat_5241966783812094_radius_1,0,b
ATM_square_equirectangular/Twiske_West/lon_4898037943465597_lat_5241966783812094_radius_1_d0_b/20181219TMX7316010203-001026pano_0004_000083_4.89802568728517_52.4196676057962.jpg,2018,12,19,Twiske_West,0,lon_4898037943465597_lat_5241966783812094_radius_1_d0_b,lon_4898037943465597_lat_5241966783812094_radius_1,0,b
ATM_square_equirectangular/Twiske_West/lon_4898037943465597_lat_5241966783812094_radius_1_d0_b/20190709TMX7316010203-001301pano_0000_003847_4.89802889720539_52.4196730383467.jpg,2019,7,9,Twiske_West,0,lon_4898037943465597_lat_5241966783812094_radius_1_d0_b,lon_4898037943465597_lat_5241966783812094_radius_1,0,b
ATM_square_equirectangular/Twiske_West/lon_4898037943465597_lat_5241966783812094_radius_1_d0_b/20200610TMX7316010203-001743pano_0000_003671_4.89804778989821_52.4196688597618.jpg,2020,6,10,Twiske_West,1,lon_4898037943465597_lat_5241966783812094_radius_1_d0_b,lon_4898037943465597_lat_5241966783812094_radius_1,0,b
ATM_square_equirectangular/Twiske_West/lon_4898037943465597_lat_5241966783812094_radius_1_d0_b/20210212TMX7316010203-002004pano_0000_000272_4.89802491626852_52.4196702847742.jpg,2021,2,12,Twiske_West,0,lon_4898037943465597_lat_5241966783812094_radius_1_d0_b,lon_4898037943465597_lat_5241966783812094_radius_1,0,b
ATM_square_equirectangular/Twiske_West/lon_4898037943465597_lat_5241966783812094_radius_1_d0_b/20211224TMX7316010203-002347pano_0006_001497_4.89803480338204_52.4196691814532.jpg,2021,12,24,Twiske_West,0,lon_4898037943465597_lat_5241966783812094_radius_1_d0_b,lon_4898037943465597_lat_5241966783812094_radius_1,0,b
ATM_square_equirectangular/Twiske_West/lon_4898037943465597_lat_5241966783812094_radius_1_d0_b/20220519TMX7316010203-002588pano_0003_000570_4.89804248674601_52.4196673723674.jpg,2022,5,19,Twiske_West,0,lon_4898037943465597_lat_5241966783812094_radius_1_d0_b,lon_4898037943465597_lat_5241966783812094_radius_1,0,b
ATM_square_equirectangular/Twiske_West/lon_4897458649504063_lat_52419621554247364_radius_1_d0_r/20170530TMX7316010203-000317pano_0000_005164_4.89746002167688_52.4196255002761.jpg,2017,5,30,Twiske_West,0,lon_4897458649504063_lat_52419621554247364_radius_1_d0_r,lon_4897458649504063_lat_52419621554247364_radius_1,0,r
ATM_square_equirectangular/Twiske_West/lon_4897458649504063_lat_52419621554247364_radius_1_d0_r/20171228TMX7316010203-000529pano_0000_003817_4.89746280156019_52.4196246432389.jpg,2017,12,28,Twiske_West,0,lon_4897458649504063_lat_52419621554247364_radius_1_d0_r,lon_4897458649504063_lat_52419621554247364_radius_1,0,r
ATM_square_equirectangular/Twiske_West/lon_4897458649504063_lat_52419621554247364_radius_1_d0_r/20181219TMX7316010203-001026pano_0004_000075_4.897458740361_52.4196240677312.jpg,2018,12,19,Twiske_West,0,lon_4897458649504063_lat_52419621554247364_radius_1_d0_r,lon_4897458649504063_lat_52419621554247364_radius_1,0,r
ATM_square_equirectangular/Twiske_West/lon_4897458649504063_lat_52419621554247364_radius_1_d0_r/20190709TMX7316010203-001301pano_0000_003839_4.89745262745298_52.4196151889006.jpg,2019,7,9,Twiske_West,0,lon_4897458649504063_lat_52419621554247364_radius_1_d0_r,lon_4897458649504063_lat_52419621554247364_radius_1,0,r
ATM_square_equirectangular/Twiske_West/lon_4897458649504063_lat_52419621554247364_radius_1_d0_r/20200610TMX7316010203-001743pano_0000_002115_4.89745905646927_52.41961837109.jpg,2020,6,10,Twiske_West,1,lon_4897458649504063_lat_52419621554247364_radius_1_d0_r,lon_4897458649504063_lat_52419621554247364_radius_1,0,r
ATM_square_equirectangular/Twiske_West/lon_4897458649504063_lat_52419621554247364_radius_1_d0_r/20220519TMX7316010203-002588pano_0003_000562_4.89745936635183_52.4196198964879.jpg,2022,5,19,Twiske_West,0,lon_4897458649504063_lat_52419621554247364_radius_1_d0_r,lon_4897458649504063_lat_52419621554247364_radius_1,0,r
ATM_square_equirectangular/Schipluidenbuurt/lon_4840627445599321_lat_523571860701697_radius_1_d450_l/20160812TMX7316010203-000058pano_0000_014140_4.84062929570776_52.3571861558083.jpg,2016,8,12,Schipluidenbuurt,0,lon_4840627445599321_lat_523571860701697_radius_1_d450_l,lon_4840627445599321_lat_523571860701697_radius_1,450,l
ATM_square_equirectangular/Schipluidenbuurt/lon_4840627445599321_lat_523571860701697_radius_1_d450_l/20180108TMX7316010203-000534pano_0000_000925_4.84062527860096_52.3571868727939.jpg,2018,1,8,Schipluidenbuurt,0,lon_4840627445599321_lat_523571860701697_radius_1_d450_l,lon_4840627445599321_lat_523571860701697_radius_1,450,l
ATM_square_equirectangular/Schipluidenbuurt/lon_4840627445599321_lat_523571860701697_radius_1_d450_l/20200827TMX7316010203-001893pano_0001_001756_4.84062507009806_52.3571819152422.jpg,2020,8,27,Schipluidenbuurt,1,lon_4840627445599321_lat_523571860701697_radius_1_d450_l,lon_4840627445599321_lat_523571860701697_radius_1,450,l
ATM_square_equirectangular/Schipluidenbuurt/lon_4840627445599321_lat_523571860701697_radius_1_d450_l/20210707TMX7316010203-002219pano_0000_003868_4.8406301379905_52.3571893368344.jpg,2021,7,7,Schipluidenbuurt,0,lon_4840627445599321_lat_523571860701697_radius_1_d450_l,lon_4840627445599321_lat_523571860701697_radius_1,450,l
ATM_square_equirectangular/Sportparkstad/lon_4836731846821943_lat_52373281583229_radius_1_d0_r/20180108TMX7316010203-000535pano_0000_006541_4.83673459443551_52.3732800871513.jpg,2018,1,8,Sportparkstad,0,lon_4836731846821943_lat_52373281583229_radius_1_d0_r,lon_4836731846821943_lat_52373281583229_radius_1,0,r
ATM_square_equirectangular/Sportparkstad/lon_4836731846821943_lat_52373281583229_radius_1_d0_r/20180108TMX7316010203-000535pano_0000_006618_4.83672769911068_52.3732803166924.jpg,2018,1,8,Sportparkstad,0,lon_4836731846821943_lat_52373281583229_radius_1_d0_r,lon_4836731846821943_lat_52373281583229_radius_1,0,r
ATM_square_equirectangular/Sportparkstad/lon_4836731846821943_lat_52373281583229_radius_1_d0_r/20180706TMX7316010203-000828pano_0000_004295_4.83672373194103_52.373284091835.jpg,2018,7,6,Sportparkstad,0,lon_4836731846821943_lat_52373281583229_radius_1_d0_r,lon_4836731846821943_lat_52373281583229_radius_1,0,r
ATM_square_equirectangular/Sportparkstad/lon_4836731846821943_lat_52373281583229_radius_1_d0_r/20200818TMX7316010203-001880pano_0002_000643_4.83674136180055_52.3732818372373.jpg,2020,8,18,Sportparkstad,1,lon_4836731846821943_lat_52373281583229_radius_1_d0_r,lon_4836731846821943_lat_52373281583229_radius_1,0,r
ATM_square_equirectangular/Koningin_Wilhelminaplein/lon_4836603825876122_lat_523551479591843_radius_1_d200_b/20190117TMX7316010203-001060pano_0007_000048_4.8366045689866_52.3551469427959.jpg,2019,1,17,Koningin_Wilhelminaplein,0,lon_4836603825876122_lat_523551479591843_radius_1_d200_b,lon_4836603825876122_lat_523551479591843_radius_1,200,b
ATM_square_equirectangular/Koningin_Wilhelminaplein/lon_4836603825876122_lat_523551479591843_radius_1_d200_b/20191218TMX7316010203-001523pano_0000_003876_4.83659930646956_52.3551521225306.jpg,2019,12,18,Koningin_Wilhelminaplein,1,lon_4836603825876122_lat_523551479591843_radius_1_d200_b,lon_4836603825876122_lat_523551479591843_radius_1,200,b
ATM_square_equirectangular/Koningin_Wilhelminaplein/lon_4836603825876122_lat_523551479591843_radius_1_d200_b/20210219TMX7316010203-002020pano_0000_003295_4.83660660787747_52.355145990008.jpg,2021,2,19,Koningin_Wilhelminaplein,0,lon_4836603825876122_lat_523551479591843_radius_1_d200_b,lon_4836603825876122_lat_523551479591843_radius_1,200,b
ATM_square_equirectangular/Koningin_Wilhelminaplein/lon_4836603825876122_lat_523551479591843_radius_1_d200_b/20210219TMX7316010203-002020pano_0000_003325_4.83660482017086_52.3551467814027.jpg,2021,2,19,Koningin_Wilhelminaplein,0,lon_4836603825876122_lat_523551479591843_radius_1_d200_b,lon_4836603825876122_lat_523551479591843_radius_1,200,b
ATM_square_equirectangular/Koningin_Wilhelminaplein/lon_4836603825876122_lat_523551479591843_radius_1_d200_b/20221005TMX7316010203-002815pano_0000_000015_4.83660863508518_52.3551497638556.jpg,2022,10,5,Koningin_Wilhelminaplein,0,lon_4836603825876122_lat_523551479591843_radius_1_d200_b,lon_4836603825876122_lat_523551479591843_radius_1,200,b
ATM_square_equirectangular/Koningin_Wilhelminaplein/lon_4836603825876122_lat_523551479591843_radius_1_d200_b/20221207TMX7316010203-002835pano_0002_000085_4.8365953692269_52.3551502533472.jpg,2022,12,7,Koningin_Wilhelminaplein,0,lon_4836603825876122_lat_523551479591843_radius_1_d200_b,lon_4836603825876122_lat_523551479591843_radius_1,200,b
ATM_square_equirectangular/Koningin_Wilhelminaplein/lon_48372998896764_lat_523551586194453_radius_1_d0_b/20190102TMX7316010203-001031pano_0010_000050_4.83730099164277_52.3551587969111.jpg,2019,1,2,Koningin_Wilhelminaplein,0,lon_48372998896764_lat_523551586194453_radius_1_d0_b,lon_48372998896764_lat_523551586194453_radius_1,0,b
ATM_square_equirectangular/Koningin_Wilhelminaplein/lon_48372998896764_lat_523551586194453_radius_1_d0_b/20190712TMX7316010203-001310pano_0000_001113_4.83729682057895_52.3551622416346.jpg,2019,7,12,Koningin_Wilhelminaplein,0,lon_48372998896764_lat_523551586194453_radius_1_d0_b,lon_48372998896764_lat_523551586194453_radius_1,0,b
ATM_square_equirectangular/Koningin_Wilhelminaplein/lon_48372998896764_lat_523551586194453_radius_1_d0_b/20200506TMX7316010203-001691pano_0001_006652_4.83730185680748_52.3551548197902.jpg,2020,5,6,Koningin_Wilhelminaplein,1,lon_48372998896764_lat_523551586194453_radius_1_d0_b,lon_48372998896764_lat_523551586194453_radius_1,0,b
ATM_square_equirectangular/Koningin_Wilhelminaplein/lon_48372998896764_lat_523551586194453_radius_1_d0_b/20220629TMX7316010203-002648pano_0001_000087_4.8372946157718_52.355152837247.jpg,2022,6,29,Koningin_Wilhelminaplein,0,lon_48372998896764_lat_523551586194453_radius_1_d0_b,lon_48372998896764_lat_523551586194453_radius_1,0,b
ATM_square_equirectangular/Jeugdland/lon_4929622184125025_lat_52404023198258244_radius_1_d0_f/20170516TMX7316010203-000298pano_0000_004029_4.92961023103954_52.4040238503525.jpg,2017,5,16,Jeugdland,0,lon_4929622184125025_lat_52404023198258244_radius_1_d0_f,lon_4929622184125025_lat_52404023198258244_radius_1,0,f
ATM_square_equirectangular/Jeugdland/lon_4929622184125025_lat_52404023198258244_radius_1_d0_f/20180802TMX7316010203-000895pano_0000_000334_4.9296296366899_52.4040190231015.jpg,2018,8,2,Jeugdland,0,lon_4929622184125025_lat_52404023198258244_radius_1_d0_f,lon_4929622184125025_lat_52404023198258244_radius_1,0,f
ATM_square_equirectangular/Jeugdland/lon_4929622184125025_lat_52404023198258244_radius_1_d0_f/20211223TMX7316010203-002333pano_0000_000743_4.92962416848561_52.4040245158033.jpg,2021,12,23,Jeugdland,1,lon_4929622184125025_lat_52404023198258244_radius_1_d0_f,lon_4929622184125025_lat_52404023198258244_radius_1,0,f
ATM_square_equirectangular/Jeugdland/lon_4929622184125025_lat_52404023198258244_radius_1_d0_r/20170516TMX7316010203-000298pano_0000_004029_4.92961023103954_52.4040238503525.jpg,2017,5,16,Jeugdland,0,lon_4929622184125025_lat_52404023198258244_radius_1_d0_r,lon_4929622184125025_lat_52404023198258244_radius_1,0,r
ATM_square_equirectangular/Jeugdland/lon_4929622184125025_lat_52404023198258244_radius_1_d0_r/20180802TMX7316010203-000895pano_0000_000334_4.9296296366899_52.4040190231015.jpg,2018,8,2,Jeugdland,0,lon_4929622184125025_lat_52404023198258244_radius_1_d0_r,lon_4929622184125025_lat_52404023198258244_radius_1,0,r
ATM_square_equirectangular/Jeugdland/lon_4929622184125025_lat_52404023198258244_radius_1_d0_r/20211223TMX7316010203-002333pano_0000_000743_4.92962416848561_52.4040245158033.jpg,2021,12,23,Jeugdland,1,lon_4929622184125025_lat_52404023198258244_radius_1_d0_r,lon_4929622184125025_lat_52404023198258244_radius_1,0,r
ATM_square_equirectangular/Kortvoort/lon_4971633846213803_lat_523146503335863_radius_1_d100_r/20160707TMX7315120208-000104pano_0001_005044_4.97163839927607_52.314651342457.jpg,2016,7,7,Kortvoort,0,lon_4971633846213803_lat_523146503335863_radius_1_d100_r,lon_4971633846213803_lat_523146503335863_radius_1,100,r
ATM_square_equirectangular/Kortvoort/lon_4971633846213803_lat_523146503335863_radius_1_d100_r/20170615TMX7316010203-000337pano_0000_015256_4.97162753034307_52.3146498325518.jpg,2017,6,15,Kortvoort,0,lon_4971633846213803_lat_523146503335863_radius_1_d100_r,lon_4971633846213803_lat_523146503335863_radius_1,100,r
ATM_square_equirectangular/Kortvoort/lon_4971633846213803_lat_523146503335863_radius_1_d100_r/20180723TMX7316010203-000854pano_0001_002414_4.97164085342209_52.3146541138201.jpg,2018,7,23,Kortvoort,0,lon_4971633846213803_lat_523146503335863_radius_1_d100_r,lon_4971633846213803_lat_523146503335863_radius_1,100,r
ATM_square_equirectangular/Kortvoort/lon_4971633846213803_lat_523146503335863_radius_1_d100_r/20220118TMX7316010203-002423pano_0019_000112_4.97162860181398_52.3146460455163.jpg,2022,1,18,Kortvoort,1,lon_4971633846213803_lat_523146503335863_radius_1_d100_r,lon_4971633846213803_lat_523146503335863_radius_1,100,r
ATM_square_equirectangular/Don_Bosco/lon_492415112364757_lat_5235314086773076_radius_1_d100_b/20160526TMX7315120208-000059pano_0005_000217_4.92414755185217_52.3531407842649.jpg,2016,5,26,Don_Bosco,0,lon_492415112364757_lat_5235314086773076_radius_1_d100_b,lon_492415112364757_lat_5235314086773076_radius_1,100,b
ATM_square_equirectangular/Don_Bosco/lon_492415112364757_lat_5235314086773076_radius_1_d100_b/20180515TMX7316010203-000723pano_0000_000222_4.92415199233404_52.3531455189331.jpg,2018,5,15,Don_Bosco,0,lon_492415112364757_lat_5235314086773076_radius_1_d100_b,lon_492415112364757_lat_5235314086773076_radius_1,100,b
ATM_square_equirectangular/Don_Bosco/lon_492415112364757_lat_5235314086773076_radius_1_d100_b/20181211TMX7316010203-001007pano_0005_000166_4.92415734611849_52.3531386080651.jpg,2018,12,11,Don_Bosco,0,lon_492415112364757_lat_5235314086773076_radius_1_d100_b,lon_492415112364757_lat_5235314086773076_radius_1,100,b
ATM_square_equirectangular/Don_Bosco/lon_492415112364757_lat_5235314086773076_radius_1_d100_b/20181211TMX7316010203-001007pano_0005_000183_4.92415282430127_52.3531440151751.jpg,2018,12,11,Don_Bosco,0,lon_492415112364757_lat_5235314086773076_radius_1_d100_b,lon_492415112364757_lat_5235314086773076_radius_1,100,b
ATM_square_equirectangular/Don_Bosco/lon_492415112364757_lat_5235314086773076_radius_1_d100_b/20190516TMX7316010203-001190pano_0000_001839_4.92415550840834_52.353133726189.jpg,2019,5,16,Don_Bosco,1,lon_492415112364757_lat_5235314086773076_radius_1_d100_b,lon_492415112364757_lat_5235314086773076_radius_1,100,b
ATM_square_equirectangular/Don_Bosco/lon_492415112364757_lat_5235314086773076_radius_1_d100_b/20200430TMX7316010203-001684pano_0000_001426_4.92416274729536_52.3531460132582.jpg,2020,4,30,Don_Bosco,0,lon_492415112364757_lat_5235314086773076_radius_1_d100_b,lon_492415112364757_lat_5235314086773076_radius_1,100,b
ATM_square_equirectangular/Don_Bosco/lon_492415112364757_lat_5235314086773076_radius_1_d100_b/20210531TMX7316010203-002144pano_0000_004122_4.92414519241704_52.3531409341328.jpg,2021,5,31,Don_Bosco,0,lon_492415112364757_lat_5235314086773076_radius_1_d100_b,lon_492415112364757_lat_5235314086773076_radius_1,100,b
ATM_square_equirectangular/Don_Bosco/lon_492415112364757_lat_5235314086773076_radius_1_d100_b/20220117TMX7316010203-002422pano_0000_000138_4.92415199493306_52.353137258063.jpg,2022,1,17,Don_Bosco,1,lon_492415112364757_lat_5235314086773076_radius_1_d100_b,lon_492415112364757_lat_5235314086773076_radius_1,100,b
ATM_square_equirectangular/Kortvoort/lon_49735661835340474_lat_52315102443350625_radius_1_d0_l/20170615TMX7316010203-000337pano_0000_015222_4.97356595140867_52.3151022874343.jpg,2017,6,15,Kortvoort,0,lon_49735661835340474_lat_52315102443350625_radius_1_d0_l,lon_49735661835340474_lat_52315102443350625_radius_1,0,l
ATM_square_equirectangular/Kortvoort/lon_49735661835340474_lat_52315102443350625_radius_1_d0_l/20180723TMX7316010203-000854pano_0001_002353_4.97356697508051_52.3151004015053.jpg,2018,7,23,Kortvoort,0,lon_49735661835340474_lat_52315102443350625_radius_1_d0_l,lon_49735661835340474_lat_52315102443350625_radius_1,0,l
ATM_square_equirectangular/Kortvoort/lon_49735661835340474_lat_52315102443350625_radius_1_d0_l/20181213TMX7316010203-001011pano_0006_000241_4.97356703699233_52.3151061203296.jpg,2018,12,13,Kortvoort,1,lon_49735661835340474_lat_52315102443350625_radius_1_d0_l,lon_49735661835340474_lat_52315102443350625_radius_1,0,l
ATM_square_equirectangular/Kortvoort/lon_49735661835340474_lat_52315102443350625_radius_1_d0_l/20220118TMX7316010203-002423pano_0019_000024_4.97356477065468_52.3151009641333.jpg,2022,1,18,Kortvoort,1,lon_49735661835340474_lat_52315102443350625_radius_1_d0_l,lon_49735661835340474_lat_52315102443350625_radius_1,0,l
ATM_square_equirectangular/Kadoelen/lon_4905997145841261_lat_5241065457465157_radius_1_d0_f/20181219TMX7316010203-001026pano_0005_000151_4.9060038653319_52.4106558808079.jpg,2018,12,19,Kadoelen,0,lon_4905997145841261_lat_5241065457465157_radius_1_d0_f,lon_4905997145841261_lat_5241065457465157_radius_1,0,f
ATM_square_equirectangular/Kadoelen/lon_4905997145841261_lat_5241065457465157_radius_1_d0_f/20210212TMX7316010203-002004pano_0000_000624_4.90600069507942_52.4106528402989.jpg,2021,2,12,Kadoelen,1,lon_4905997145841261_lat_5241065457465157_radius_1_d0_f,lon_4905997145841261_lat_5241065457465157_radius_1,0,f
ATM_square_equirectangular/Kadoelen/lon_4905997145841261_lat_5241065457465157_radius_1_d0_f/20210212TMX7316010203-002004pano_0000_000633_4.90598687711246_52.4106550028479.jpg,2021,2,12,Kadoelen,0,lon_4905997145841261_lat_5241065457465157_radius_1_d0_f,lon_4905997145841261_lat_5241065457465157_radius_1,0,f
ATM_square_equirectangular/Kadoelen/lon_4905997145841261_lat_5241065457465157_radius_1_d0_f/20220510TMX7316010203-002570pano_0000_000309_4.90601023413199_52.4106510588666.jpg,2022,5,10,Kadoelen,0,lon_4905997145841261_lat_5241065457465157_radius_1_d0_f,lon_4905997145841261_lat_5241065457465157_radius_1,0,f
ATM_square_equirectangular/Kadoelen/lon_4905997145841261_lat_5241065457465157_radius_1_d0_r/20181219TMX7316010203-001026pano_0005_000151_4.9060038653319_52.4106558808079.jpg,2018,12,19,Kadoelen,0,lon_4905997145841261_lat_5241065457465157_radius_1_d0_r,lon_4905997145841261_lat_5241065457465157_radius_1,0,r
ATM_square_equirectangular/Kadoelen/lon_4905997145841261_lat_5241065457465157_radius_1_d0_r/20210212TMX7316010203-002004pano_0000_000624_4.90600069507942_52.4106528402989.jpg,2021,2,12,Kadoelen,1,lon_4905997145841261_lat_5241065457465157_radius_1_d0_r,lon_4905997145841261_lat_5241065457465157_radius_1,0,r
ATM_square_equirectangular/Kadoelen/lon_4905997145841261_lat_5241065457465157_radius_1_d0_r/20210212TMX7316010203-002004pano_0000_000633_4.90598687711246_52.4106550028479.jpg,2021,2,12,Kadoelen,0,lon_4905997145841261_lat_5241065457465157_radius_1_d0_r,lon_4905997145841261_lat_5241065457465157_radius_1,0,r
ATM_square_equirectangular/Kadoelen/lon_4905997145841261_lat_5241065457465157_radius_1_d0_r/20220510TMX7316010203-002570pano_0000_000309_4.90601023413199_52.4106510588666.jpg,2022,5,10,Kadoelen,0,lon_4905997145841261_lat_5241065457465157_radius_1_d0_r,lon_4905997145841261_lat_5241065457465157_radius_1,0,r
ATM_square_equirectangular/IJsbaanpad_eo/lon_485739525656639_lat_52338876417653594_radius_1_d200_l/20190430TMX7316010203-001151pano_0001_002381_4.85739004086646_52.3388731526046.jpg,2019,4,30,IJsbaanpad_eo,0,lon_485739525656639_lat_52338876417653594_radius_1_d200_l,lon_485739525656639_lat_52338876417653594_radius_1,200,l
ATM_square_equirectangular/IJsbaanpad_eo/lon_485739525656639_lat_52338876417653594_radius_1_d200_l/20191204TMX7316010203-001489pano_0000_000688_4.85740276599906_52.3388773170503.jpg,2019,12,4,IJsbaanpad_eo,0,lon_485739525656639_lat_52338876417653594_radius_1_d200_l,lon_485739525656639_lat_52338876417653594_radius_1,200,l
ATM_square_equirectangular/IJsbaanpad_eo/lon_485739525656639_lat_52338876417653594_radius_1_d200_l/20210503TMX7316010203-002126pano_0000_000097_4.85739567475548_52.338873420266.jpg,2021,5,3,IJsbaanpad_eo,1,lon_485739525656639_lat_52338876417653594_radius_1_d200_l,lon_485739525656639_lat_52338876417653594_radius_1,200,l
ATM_square_equirectangular/IJsbaanpad_eo/lon_485739525656639_lat_52338876417653594_radius_1_d200_l/20220126TMX7316010203-002442pano_0003_000105_4.85739254464456_52.3388817806935.jpg,2022,1,26,IJsbaanpad_eo,0,lon_485739525656639_lat_52338876417653594_radius_1_d200_l,lon_485739525656639_lat_52338876417653594_radius_1,200,l
ATM_square_equirectangular/Bloemenbuurt_Noord/lon_4915113175470932_lat_52399654778027774_radius_1_d0_r/20200206TMX7316010203-001624pano_0002_000060_4.91510613626902_52.3996591200712.jpg,2020,2,6,Bloemenbuurt_Noord,0,lon_4915113175470932_lat_52399654778027774_radius_1_d0_r,lon_4915113175470932_lat_52399654778027774_radius_1,0,r
ATM_square_equirectangular/Bloemenbuurt_Noord/lon_4915113175470932_lat_52399654778027774_radius_1_d0_r/20210616TMX7316010203-002182pano_0000_000942_4.9151149973886_52.3996520335182.jpg,2021,6,16,Bloemenbuurt_Noord,0,lon_4915113175470932_lat_52399654778027774_radius_1_d0_r,lon_4915113175470932_lat_52399654778027774_radius_1,0,r
ATM_square_equirectangular/Bloemenbuurt_Noord/lon_4915113175470932_lat_52399654778027774_radius_1_d0_r/20211223TMX7316010203-002335pano_0002_000010_4.91512258268063_52.3996516508299.jpg,2021,12,23,Bloemenbuurt_Noord,1,lon_4915113175470932_lat_52399654778027774_radius_1_d0_r,lon_4915113175470932_lat_52399654778027774_radius_1,0,r
ATM_square_equirectangular/Cornelis_Douwesterrein/lon_4892654708860352_lat_5240227047987719_radius_1_d0_b/20180724TMX7316010203-000857pano_0000_001458_4.89264811638399_52.4022728620076.jpg,2018,7,24,Cornelis_Douwesterrein,0,lon_4892654708860352_lat_5240227047987719_radius_1_d0_b,lon_4892654708860352_lat_5240227047987719_radius_1,0,b
ATM_square_equirectangular/Cornelis_Douwesterrein/lon_4892654708860352_lat_5240227047987719_radius_1_d0_b/20210212TMX7316010203-002004pano_0000_002291_4.89265515667948_52.402266134528.jpg,2021,2,12,Cornelis_Douwesterrein,1,lon_4892654708860352_lat_5240227047987719_radius_1_d0_b,lon_4892654708860352_lat_5240227047987719_radius_1,0,b
ATM_square_equirectangular/Cornelis_Douwesterrein/lon_4892654708860352_lat_5240227047987719_radius_1_d0_b/20210625TMX7316010203-002193pano_0000_004595_4.89265668826263_52.4022643597794.jpg,2021,6,25,Cornelis_Douwesterrein,0,lon_4892654708860352_lat_5240227047987719_radius_1_d0_b,lon_4892654708860352_lat_5240227047987719_radius_1,0,b
ATM_square_equirectangular/Cornelis_Douwesterrein/lon_4892654708860352_lat_5240227047987719_radius_1_d0_b/20211224TMX7316010203-002347pano_0001_000385_4.89265017938102_52.4022716271994.jpg,2021,12,24,Cornelis_Douwesterrein,0,lon_4892654708860352_lat_5240227047987719_radius_1_d0_b,lon_4892654708860352_lat_5240227047987719_radius_1,0,b
ATM_square_equirectangular/Cornelis_Douwesterrein/lon_4892654708860352_lat_5240227047987719_radius_1_d0_l/20180724TMX7316010203-000857pano_0000_001458_4.89264811638399_52.4022728620076.jpg,2018,7,24,Cornelis_Douwesterrein,0,lon_4892654708860352_lat_5240227047987719_radius_1_d0_l,lon_4892654708860352_lat_5240227047987719_radius_1,0,l
ATM_square_equirectangular/Cornelis_Douwesterrein/lon_4892654708860352_lat_5240227047987719_radius_1_d0_l/20210212TMX7316010203-002004pano_0000_002291_4.89265515667948_52.402266134528.jpg,2021,2,12,Cornelis_Douwesterrein,1,lon_4892654708860352_lat_5240227047987719_radius_1_d0_l,lon_4892654708860352_lat_5240227047987719_radius_1,0,l
ATM_square_equirectangular/Cornelis_Douwesterrein/lon_4892654708860352_lat_5240227047987719_radius_1_d0_l/20210625TMX7316010203-002193pano_0000_004595_4.89265668826263_52.4022643597794.jpg,2021,6,25,Cornelis_Douwesterrein,0,lon_4892654708860352_lat_5240227047987719_radius_1_d0_l,lon_4892654708860352_lat_5240227047987719_radius_1,0,l
ATM_square_equirectangular/Cornelis_Douwesterrein/lon_4892654708860352_lat_5240227047987719_radius_1_d0_l/20211224TMX7316010203-002347pano_0001_000385_4.89265017938102_52.4022716271994.jpg,2021,12,24,Cornelis_Douwesterrein,0,lon_4892654708860352_lat_5240227047987719_radius_1_d0_l,lon_4892654708860352_lat_5240227047987719_radius_1,0,l
ATM_square_equirectangular/Oostenburg/lon_49306018761229735_lat_52372867852144935_radius_1_d0_b/20200214TMX7316010203-001643pano_0003_000101_4.93060215020786_52.372867173659.jpg,2020,2,14,Oostenburg,0,lon_49306018761229735_lat_52372867852144935_radius_1_d0_b,lon_49306018761229735_lat_52372867852144935_radius_1,0,b
ATM_square_equirectangular/Oostenburg/lon_49306018761229735_lat_52372867852144935_radius_1_d0_b/20200422TMX7316010203-001670pano_0000_000728_4.93060043205759_52.3728609436785.jpg,2020,4,22,Oostenburg,0,lon_49306018761229735_lat_52372867852144935_radius_1_d0_b,lon_49306018761229735_lat_52372867852144935_radius_1,0,b
ATM_square_equirectangular/Oostenburg/lon_49306018761229735_lat_52372867852144935_radius_1_d0_b/20211231TMX7316010203-002372pano_0005_000474_4.93060304610347_52.3728754390973.jpg,2021,12,31,Oostenburg,1,lon_49306018761229735_lat_52372867852144935_radius_1_d0_b,lon_49306018761229735_lat_52372867852144935_radius_1,0,b
ATM_square_equirectangular/De_Bongerd/lon_4903538293484103_lat_524106630163949_radius_1_d-400_l/20180724TMX7316010203-000857pano_0002_001897_4.90354135643932_52.4106697356695.jpg,2018,7,24,De_Bongerd,0,lon_4903538293484103_lat_524106630163949_radius_1_d-400_l,lon_4903538293484103_lat_524106630163949_radius_1,-400,l
ATM_square_equirectangular/De_Bongerd/lon_4903538293484103_lat_524106630163949_radius_1_d-400_l/20190705TMX7316010203-001292pano_0000_009326_4.90354049261638_52.4106653335796.jpg,2019,7,5,De_Bongerd,0,lon_4903538293484103_lat_524106630163949_radius_1_d-400_l,lon_4903538293484103_lat_524106630163949_radius_1,-400,l
ATM_square_equirectangular/De_Bongerd/lon_4903538293484103_lat_524106630163949_radius_1_d-400_l/20200218TMX7316010203-001651pano_0001_000177_4.90353965276371_52.4106610599815.jpg,2020,2,18,De_Bongerd,1,lon_4903538293484103_lat_524106630163949_radius_1_d-400_l,lon_4903538293484103_lat_524106630163949_radius_1,-400,l
ATM_square_equirectangular/De_Bongerd/lon_4903538293484103_lat_524106630163949_radius_1_d-400_l/20210624TMX7316010203-002191pano_0000_001790_4.903531672117_52.410655936349.jpg,2021,6,24,De_Bongerd,1,lon_4903538293484103_lat_524106630163949_radius_1_d-400_l,lon_4903538293484103_lat_524106630163949_radius_1,-400,l
ATM_square_equirectangular/De_Bongerd/lon_4902911492400328_lat_5241044216641608_radius_1_d0_r/20160614TMX7315120208-000080pano_0000_000089_4.90291706231974_52.4104477013696.jpg,2016,6,14,De_Bongerd,0,lon_4902911492400328_lat_5241044216641608_radius_1_d0_r,lon_4902911492400328_lat_5241044216641608_radius_1,0,r
ATM_square_equirectangular/De_Bongerd/lon_4902911492400328_lat_5241044216641608_radius_1_d0_r/20170530TMX7316010203-000317pano_0000_000731_4.90291028394843_52.4104412108496.jpg,2017,5,30,De_Bongerd,0,lon_4902911492400328_lat_5241044216641608_radius_1_d0_r,lon_4902911492400328_lat_5241044216641608_radius_1,0,r
ATM_square_equirectangular/De_Bongerd/lon_4902911492400328_lat_5241044216641608_radius_1_d0_r/20190705TMX7316010203-001292pano_0000_009387_4.90291491306637_52.4104378661612.jpg,2019,7,5,De_Bongerd,0,lon_4902911492400328_lat_5241044216641608_radius_1_d0_r,lon_4902911492400328_lat_5241044216641608_radius_1,0,r
ATM_square_equirectangular/De_Bongerd/lon_4902911492400328_lat_5241044216641608_radius_1_d0_r/20210218TMX7316010203-002016pano_0000_000125_4.90290093644213_52.4104436063218.jpg,2021,2,18,De_Bongerd,1,lon_4902911492400328_lat_5241044216641608_radius_1_d0_r,lon_4902911492400328_lat_5241044216641608_radius_1,0,r
ATM_square_equirectangular/De_Bongerd/lon_4902911492400328_lat_5241044216641608_radius_1_d0_r/20220510TMX7316010203-002570pano_0001_000236_4.90291506216695_52.4104498527947.jpg,2022,5,10,De_Bongerd,0,lon_4902911492400328_lat_5241044216641608_radius_1_d0_r,lon_4902911492400328_lat_5241044216641608_radius_1,0,r
ATM_square_equirectangular/De_Bongerd/lon_4902911492400328_lat_5241044216641608_radius_1_d0_f/20160614TMX7315120208-000080pano_0000_000089_4.90291706231974_52.4104477013696.jpg,2016,6,14,De_Bongerd,0,lon_4902911492400328_lat_5241044216641608_radius_1_d0_f,lon_4902911492400328_lat_5241044216641608_radius_1,0,f
ATM_square_equirectangular/De_Bongerd/lon_4902911492400328_lat_5241044216641608_radius_1_d0_f/20170530TMX7316010203-000317pano_0000_000731_4.90291028394843_52.4104412108496.jpg,2017,5,30,De_Bongerd,0,lon_4902911492400328_lat_5241044216641608_radius_1_d0_f,lon_4902911492400328_lat_5241044216641608_radius_1,0,f
ATM_square_equirectangular/De_Bongerd/lon_4902911492400328_lat_5241044216641608_radius_1_d0_f/20190705TMX7316010203-001292pano_0000_009387_4.90291491306637_52.4104378661612.jpg,2019,7,5,De_Bongerd,0,lon_4902911492400328_lat_5241044216641608_radius_1_d0_f,lon_4902911492400328_lat_5241044216641608_radius_1,0,f
ATM_square_equirectangular/De_Bongerd/lon_4902911492400328_lat_5241044216641608_radius_1_d0_f/20210218TMX7316010203-002016pano_0000_000125_4.90290093644213_52.4104436063218.jpg,2021,2,18,De_Bongerd,1,lon_4902911492400328_lat_5241044216641608_radius_1_d0_f,lon_4902911492400328_lat_5241044216641608_radius_1,0,f
ATM_square_equirectangular/De_Bongerd/lon_4902911492400328_lat_5241044216641608_radius_1_d0_f/20220510TMX7316010203-002570pano_0001_000236_4.90291506216695_52.4104498527947.jpg,2022,5,10,De_Bongerd,0,lon_4902911492400328_lat_5241044216641608_radius_1_d0_f,lon_4902911492400328_lat_5241044216641608_radius_1,0,f
ATM_square_equirectangular/Sloterweg_eo/lon_4809288999214115_lat_52341493221916_radius_1_d0_b/20170504TMX7316010203-000285pano_0000_000195_4.80929350529842_52.3414942379182.jpg,2017,5,4,Sloterweg_eo,0,lon_4809288999214115_lat_52341493221916_radius_1_d0_b,lon_4809288999214115_lat_52341493221916_radius_1,0,b
ATM_square_equirectangular/Sloterweg_eo/lon_4809288999214115_lat_52341493221916_radius_1_d0_b/20180626TMX7316010203-000809pano_0000_002782_4.80928207456329_52.3414965901442.jpg,2018,6,26,Sloterweg_eo,0,lon_4809288999214115_lat_52341493221916_radius_1_d0_b,lon_4809288999214115_lat_52341493221916_radius_1,0,b
ATM_square_equirectangular/Sloterweg_eo/lon_4809288999214115_lat_52341493221916_radius_1_d0_b/20200813TMX7316010203-001873pano_0000_003896_4.80927756156612_52.3414907347087.jpg,2020,8,13,Sloterweg_eo,1,lon_4809288999214115_lat_52341493221916_radius_1_d0_b,lon_4809288999214115_lat_52341493221916_radius_1,0,b
ATM_square_equirectangular/Sloterweg_eo/lon_4809288999214115_lat_52341493221916_radius_1_d0_b/20210416TMX7316010203-002095pano_0000_000118_4.80930285542863_52.3414913248929.jpg,2021,4,16,Sloterweg_eo,1,lon_4809288999214115_lat_52341493221916_radius_1_d0_b,lon_4809288999214115_lat_52341493221916_radius_1,0,b
ATM_square_equirectangular/Sloterweg_eo/lon_480873190948181_lat_52341453839309345_radius_1_d0_b/20170504TMX7316010203-000285pano_0000_000199_4.80871729797704_52.341452738425.jpg,2017,5,4,Sloterweg_eo,0,lon_480873190948181_lat_52341453839309345_radius_1_d0_b,lon_480873190948181_lat_52341453839309345_radius_1,0,b
ATM_square_equirectangular/Sloterweg_eo/lon_480873190948181_lat_52341453839309345_radius_1_d0_b/20180626TMX7316010203-000808pano_0000_005440_4.80873125066861_52.3414537393261.jpg,2018,6,26,Sloterweg_eo,0,lon_480873190948181_lat_52341453839309345_radius_1_d0_b,lon_480873190948181_lat_52341453839309345_radius_1,0,b
ATM_square_equirectangular/Sloterweg_eo/lon_480873190948181_lat_52341453839309345_radius_1_d0_b/20190102TMX7316010203-001033pano_0000_000260_4.80872628453565_52.3414523483387.jpg,2019,1,2,Sloterweg_eo,0,lon_480873190948181_lat_52341453839309345_radius_1_d0_b,lon_480873190948181_lat_52341453839309345_radius_1,0,b
ATM_square_equirectangular/Sloterweg_eo/lon_480873190948181_lat_52341453839309345_radius_1_d0_b/20210419TMX7316010203-002103pano_0000_000040_4.80873478985512_52.3414564337334.jpg,2021,4,19,Sloterweg_eo,1,lon_480873190948181_lat_52341453839309345_radius_1_d0_b,lon_480873190948181_lat_52341453839309345_radius_1,0,b
ATM_square_equirectangular/Sloterweg_eo/lon_480873190948181_lat_52341453839309345_radius_1_d0_b/20220106TMX7316010203-002391pano_0004_000069_4.80873825495711_52.341452334167.jpg,2022,1,6,Sloterweg_eo,0,lon_480873190948181_lat_52341453839309345_radius_1_d0_b,lon_480873190948181_lat_52341453839309345_radius_1,0,b
ATM_square_equirectangular/Sloterweg_eo/lon_480873190948181_lat_52341453839309345_radius_1_d0_b/20220107TMX7316010203-002402pano_0001_000144_4.80872480146619_52.341453917195.jpg,2022,1,7,Sloterweg_eo,0,lon_480873190948181_lat_52341453839309345_radius_1_d0_b,lon_480873190948181_lat_52341453839309345_radius_1,0,b
ATM_square_equirectangular/Sloterweg_eo/lon_480873190948181_lat_52341453839309345_radius_1_d0_b/20221207TMX7316010203-002835pano_0004_000042_4.80872447119414_52.3414560346669.jpg,2022,12,7,Sloterweg_eo,0,lon_480873190948181_lat_52341453839309345_radius_1_d0_b,lon_480873190948181_lat_52341453839309345_radius_1,0,b
ATM_square_equirectangular/Sloterweg_eo/lon_48068695675478565_lat_5234090684970386_radius_1_d-350_r/20200813TMX7316010203-001873pano_0000_008998_4.80687190695935_52.3409128657146.jpg,2020,8,13,Sloterweg_eo,0,lon_48068695675478565_lat_5234090684970386_radius_1_d-350_r,lon_48068695675478565_lat_5234090684970386_radius_1,-350,r
ATM_square_equirectangular/Sloterweg_eo/lon_48068695675478565_lat_5234090684970386_radius_1_d-350_r/20210226TMX7316010203-002030pano_0006_000274_4.80686582311942_52.3408999330344.jpg,2021,2,26,Sloterweg_eo,1,lon_48068695675478565_lat_5234090684970386_radius_1_d-350_r,lon_48068695675478565_lat_5234090684970386_radius_1,-350,r
ATM_square_equirectangular/Sloterweg_eo/lon_48068695675478565_lat_5234090684970386_radius_1_d-350_r/20210226TMX7316010203-002030pano_0006_000611_4.8068709725648_52.3409077503626.jpg,2021,2,26,Sloterweg_eo,0,lon_48068695675478565_lat_5234090684970386_radius_1_d-350_r,lon_48068695675478565_lat_5234090684970386_radius_1,-350,r
ATM_square_equirectangular/De_Aker_Oost/lon_479221464896441_lat_5234931219455583_radius_1_d200_r/20180108TMX7316010203-000535pano_0000_000503_4.79222287730498_52.349315496071.jpg,2018,1,8,De_Aker_Oost,0,lon_479221464896441_lat_5234931219455583_radius_1_d200_r,lon_479221464896441_lat_5234931219455583_radius_1,200,r
ATM_square_equirectangular/De_Aker_Oost/lon_479221464896441_lat_5234931219455583_radius_1_d200_r/20190711TMX7316010203-001307pano_0001_000168_4.79220709681983_52.3493076416971.jpg,2019,7,11,De_Aker_Oost,1,lon_479221464896441_lat_5234931219455583_radius_1_d200_r,lon_479221464896441_lat_5234931219455583_radius_1,200,r
ATM_square_equirectangular/De_Aker_Oost/lon_479221464896441_lat_5234931219455583_radius_1_d200_r/20200824TMX7316010203-001889pano_0000_002922_4.79221397276842_52.3493134458994.jpg,2020,8,24,De_Aker_Oost,1,lon_479221464896441_lat_5234931219455583_radius_1_d200_r,lon_479221464896441_lat_5234931219455583_radius_1,200,r
ATM_square_equirectangular/De_Aker_Oost/lon_47877168670328905_lat_5234511781413486_radius_1_d0_l/20190711TMX7316010203-001307pano_0001_000051_4.78772046752615_52.3451145750479.jpg,2019,7,11,De_Aker_Oost,0,lon_47877168670328905_lat_5234511781413486_radius_1_d0_l,lon_47877168670328905_lat_5234511781413486_radius_1,0,l
ATM_square_equirectangular/De_Aker_Oost/lon_47877168670328905_lat_5234511781413486_radius_1_d0_l/20200824TMX7316010203-001889pano_0000_002809_4.78771964758145_52.3451201562827.jpg,2020,8,24,De_Aker_Oost,1,lon_47877168670328905_lat_5234511781413486_radius_1_d0_l,lon_47877168670328905_lat_5234511781413486_radius_1,0,l
ATM_square_equirectangular/De_Aker_Oost/lon_47877168670328905_lat_5234511781413486_radius_1_d0_l/20221209TMX7316010203-002840pano_0005_000030_4.7877230037203_52.3451206082063.jpg,2022,12,9,De_Aker_Oost,0,lon_47877168670328905_lat_5234511781413486_radius_1_d0_l,lon_47877168670328905_lat_5234511781413486_radius_1,0,l
ATM_square_equirectangular/Markengouw_Midden/lon_4957515442559243_lat_5239342695880746_radius_1_d400_r/20200206TMX7316010203-001622pano_0002_000296_4.95750797861689_52.3934238345274.jpg,2020,2,6,Markengouw_Midden,0,lon_4957515442559243_lat_5239342695880746_radius_1_d400_r,lon_4957515442559243_lat_5239342695880746_radius_1,400,r
ATM_square_equirectangular/Markengouw_Midden/lon_4957515442559243_lat_5239342695880746_radius_1_d400_r/20210225TMX7316010203-002029pano_0000_000159_4.95751999184648_52.3934312890857.jpg,2021,2,25,Markengouw_Midden,1,lon_4957515442559243_lat_5239342695880746_radius_1_d400_r,lon_4957515442559243_lat_5239342695880746_radius_1,400,r
ATM_square_equirectangular/Markengouw_Midden/lon_4957515442559243_lat_5239342695880746_radius_1_d400_r/20211224TMX7316010203-002341pano_0001_000110_4.95751835721436_52.3934257528093.jpg,2021,12,24,Markengouw_Midden,1,lon_4957515442559243_lat_5239342695880746_radius_1_d400_r,lon_4957515442559243_lat_5239342695880746_radius_1,400,r
ATM_square_equirectangular/Markengouw_Midden/lon_495762352277251_lat_523929722650709_radius_1_d0_f/20200526TMX7316010203-001722pano_0000_002618_4.95762647645462_52.3929731234925.jpg,2020,5,26,Markengouw_Midden,0,lon_495762352277251_lat_523929722650709_radius_1_d0_f,lon_495762352277251_lat_523929722650709_radius_1,0,f
ATM_square_equirectangular/Markengouw_Midden/lon_495762352277251_lat_523929722650709_radius_1_d0_f/20210225TMX7316010203-002029pano_0001_000036_4.95762454631152_52.3929764011747.jpg,2021,2,25,Markengouw_Midden,1,lon_495762352277251_lat_523929722650709_radius_1_d0_f,lon_495762352277251_lat_523929722650709_radius_1,0,f
ATM_square_equirectangular/Markengouw_Midden/lon_495762352277251_lat_523929722650709_radius_1_d0_f/20210225TMX7316010203-002029pano_0001_000098_4.957626402997_52.3929644636051.jpg,2021,2,25,Markengouw_Midden,0,lon_495762352277251_lat_523929722650709_radius_1_d0_f,lon_495762352277251_lat_523929722650709_radius_1,0,f
ATM_square_equirectangular/Markengouw_Midden/lon_495762352277251_lat_523929722650709_radius_1_d0_f/20211224TMX7316010203-002341pano_0001_000317_4.9576166653269_52.3929750720113.jpg,2021,12,24,Markengouw_Midden,0,lon_495762352277251_lat_523929722650709_radius_1_d0_f,lon_495762352277251_lat_523929722650709_radius_1,0,f
ATM_square_equirectangular/Markengouw_Midden/lon_495771436908126_lat_5239285196622494_radius_1_d0_r/20200526TMX7316010203-001722pano_0000_002621_4.95771590799963_52.3928526368999.jpg,2020,5,26,Markengouw_Midden,0,lon_495771436908126_lat_5239285196622494_radius_1_d0_r,lon_495771436908126_lat_5239285196622494_radius_1,0,r
ATM_square_equirectangular/Markengouw_Midden/lon_495771436908126_lat_5239285196622494_radius_1_d0_r/20210225TMX7316010203-002029pano_0001_000033_4.95771894968543_52.3928527190822.jpg,2021,2,25,Markengouw_Midden,1,lon_495771436908126_lat_5239285196622494_radius_1_d0_r,lon_495771436908126_lat_5239285196622494_radius_1,0,r
ATM_square_equirectangular/Markengouw_Midden/lon_495771436908126_lat_5239285196622494_radius_1_d0_r/20210225TMX7316010203-002029pano_0001_000101_4.95771599895274_52.3928454891023.jpg,2021,2,25,Markengouw_Midden,0,lon_495771436908126_lat_5239285196622494_radius_1_d0_r,lon_495771436908126_lat_5239285196622494_radius_1,0,r
ATM_square_equirectangular/Markengouw_Midden/lon_495771436908126_lat_5239285196622494_radius_1_d0_r/20210622TMX7316010203-002185pano_0002_001770_4.95771962742731_52.3928566895968.jpg,2021,6,22,Markengouw_Midden,0,lon_495771436908126_lat_5239285196622494_radius_1_d0_r,lon_495771436908126_lat_5239285196622494_radius_1,0,r
ATM_square_equirectangular/Markengouw_Midden/lon_495771436908126_lat_5239285196622494_radius_1_d0_r/20211224TMX7316010203-002341pano_0001_000314_4.95770136134119_52.3928522964435.jpg,2021,12,24,Markengouw_Midden,0,lon_495771436908126_lat_5239285196622494_radius_1_d0_r,lon_495771436908126_lat_5239285196622494_radius_1,0,r
ATM_square_equirectangular/Markengouw_Midden/lon_4958118597736077_lat_5239239235298936_radius_1_d200_f/20180725TMX7316010203-000867pano_0000_002079_4.95812280539422_52.3923945139864.jpg,2018,7,25,Markengouw_Midden,0,lon_4958118597736077_lat_5239239235298936_radius_1_d200_f,lon_4958118597736077_lat_5239239235298936_radius_1,200,f
ATM_square_equirectangular/Markengouw_Midden/lon_4958118597736077_lat_5239239235298936_radius_1_d200_f/20190708TMX7316010203-001298pano_0000_001259_4.95811154396062_52.392393116212.jpg,2019,7,8,Markengouw_Midden,0,lon_4958118597736077_lat_5239239235298936_radius_1_d200_f,lon_4958118597736077_lat_5239239235298936_radius_1,200,f
ATM_square_equirectangular/Markengouw_Midden/lon_4958118597736077_lat_5239239235298936_radius_1_d200_f/20200526TMX7316010203-001722pano_0000_001572_4.95812153054618_52.3923907312668.jpg,2020,5,26,Markengouw_Midden,1,lon_4958118597736077_lat_5239239235298936_radius_1_d200_f,lon_4958118597736077_lat_5239239235298936_radius_1,200,f
ATM_square_equirectangular/Markengouw_Midden/lon_4958118597736077_lat_5239239235298936_radius_1_d200_f/20200917TMX7316060226-000505pano_0000_004476_4.9581317377749_52.3923918073545.jpg,2020,9,17,Markengouw_Midden,0,lon_4958118597736077_lat_5239239235298936_radius_1_d200_f,lon_4958118597736077_lat_5239239235298936_radius_1,200,f
ATM_square_equirectangular/Markengouw_Midden/lon_4958118597736077_lat_5239239235298936_radius_1_d200_f/20210225TMX7316010203-002029pano_0000_000005_4.95810537100447_52.3923915961271.jpg,2021,2,25,Markengouw_Midden,1,lon_4958118597736077_lat_5239239235298936_radius_1_d200_f,lon_4958118597736077_lat_5239239235298936_radius_1,200,f
ATM_square_equirectangular/Markengouw_Midden/lon_4958118597736077_lat_5239239235298936_radius_1_d200_l/20180725TMX7316010203-000867pano_0000_002079_4.95812280539422_52.3923945139864.jpg,2018,7,25,Markengouw_Midden,0,lon_4958118597736077_lat_5239239235298936_radius_1_d200_l,lon_4958118597736077_lat_5239239235298936_radius_1,200,l
ATM_square_equirectangular/Markengouw_Midden/lon_4958118597736077_lat_5239239235298936_radius_1_d200_l/20190708TMX7316010203-001298pano_0000_001259_4.95811154396062_52.392393116212.jpg,2019,7,8,Markengouw_Midden,1,lon_4958118597736077_lat_5239239235298936_radius_1_d200_l,lon_4958118597736077_lat_5239239235298936_radius_1,200,l
ATM_square_equirectangular/Markengouw_Midden/lon_4958118597736077_lat_5239239235298936_radius_1_d200_l/20200526TMX7316010203-001722pano_0000_001572_4.95812153054618_52.3923907312668.jpg,2020,5,26,Markengouw_Midden,0,lon_4958118597736077_lat_5239239235298936_radius_1_d200_l,lon_4958118597736077_lat_5239239235298936_radius_1,200,l
ATM_square_equirectangular/Markengouw_Midden/lon_4958118597736077_lat_5239239235298936_radius_1_d200_l/20200917TMX7316060226-000505pano_0000_004476_4.9581317377749_52.3923918073545.jpg,2020,9,17,Markengouw_Midden,0,lon_4958118597736077_lat_5239239235298936_radius_1_d200_l,lon_4958118597736077_lat_5239239235298936_radius_1,200,l
ATM_square_equirectangular/Markengouw_Midden/lon_4958118597736077_lat_5239239235298936_radius_1_d200_l/20210225TMX7316010203-002029pano_0000_000005_4.95810537100447_52.3923915961271.jpg,2021,2,25,Markengouw_Midden,0,lon_4958118597736077_lat_5239239235298936_radius_1_d200_l,lon_4958118597736077_lat_5239239235298936_radius_1,200,l
ATM_square_equirectangular/Markengouw_Midden/lon_495940929324776_lat_5239277615561946_radius_1_d0_f/20181219TMX7316010203-001025pano_0011_000347_4.95940989130617_52.3927761642304.jpg,2018,12,19,Markengouw_Midden,0,lon_495940929324776_lat_5239277615561946_radius_1_d0_f,lon_495940929324776_lat_5239277615561946_radius_1,0,f
ATM_square_equirectangular/Markengouw_Midden/lon_495940929324776_lat_5239277615561946_radius_1_d0_f/20191211TMX7316010203-001508pano_0004_000056_4.95939672626274_52.3927773712231.jpg,2019,12,11,Markengouw_Midden,0,lon_495940929324776_lat_5239277615561946_radius_1_d0_f,lon_495940929324776_lat_5239277615561946_radius_1,0,f
ATM_square_equirectangular/Markengouw_Midden/lon_495940929324776_lat_5239277615561946_radius_1_d0_f/20210615TMX7316010203-002177pano_0000_000091_4.95942126217437_52.3927749314049.jpg,2021,6,15,Markengouw_Midden,1,lon_495940929324776_lat_5239277615561946_radius_1_d0_f,lon_495940929324776_lat_5239277615561946_radius_1,0,f
ATM_square_equirectangular/Markengouw_Midden/lon_495940929324776_lat_5239277615561946_radius_1_d0_f/20220512TMX7316010203-002576pano_0001_000122_4.95940264398692_52.3927755530881.jpg,2022,5,12,Markengouw_Midden,0,lon_495940929324776_lat_5239277615561946_radius_1_d0_f,lon_495940929324776_lat_5239277615561946_radius_1,0,f
ATM_square_equirectangular/Markengouw_Midden/lon_49597579256318625_lat_52392871105731345_radius_1_d0_f/20181219TMX7316010203-001025pano_0011_000342_4.95974750043846_52.3928678951414.jpg,2018,12,19,Markengouw_Midden,0,lon_49597579256318625_lat_52392871105731345_radius_1_d0_f,lon_49597579256318625_lat_52392871105731345_radius_1,0,f
ATM_square_equirectangular/Markengouw_Midden/lon_49597579256318625_lat_52392871105731345_radius_1_d0_f/20190708TMX7316010203-001298pano_0000_001284_4.95975554411733_52.3928688329511.jpg,2019,7,8,Markengouw_Midden,0,lon_49597579256318625_lat_52392871105731345_radius_1_d0_f,lon_49597579256318625_lat_52392871105731345_radius_1,0,f
ATM_square_equirectangular/Markengouw_Midden/lon_49597579256318625_lat_52392871105731345_radius_1_d0_f/20210615TMX7316010203-002177pano_0000_000086_4.95976016699138_52.3928762566375.jpg,2021,6,15,Markengouw_Midden,1,lon_49597579256318625_lat_52392871105731345_radius_1_d0_f,lon_49597579256318625_lat_52392871105731345_radius_1,0,f
ATM_square_equirectangular/Markengouw_Midden/lon_49597579256318625_lat_52392871105731345_radius_1_d0_f/20210916TMX7316010203-002313pano_0006_000088_4.95976849098028_52.3928714381954.jpg,2021,9,16,Markengouw_Midden,1,lon_49597579256318625_lat_52392871105731345_radius_1_d0_f,lon_49597579256318625_lat_52392871105731345_radius_1,0,f
ATM_square_equirectangular/Markengouw_Midden/lon_4959289995472182_lat_5239385479866544_radius_1_d0_r/20180725TMX7316010203-000871pano_0000_001051_4.95929511523676_52.3938581366666.jpg,2018,7,25,Markengouw_Midden,0,lon_4959289995472182_lat_5239385479866544_radius_1_d0_r,lon_4959289995472182_lat_5239385479866544_radius_1,0,r
ATM_square_equirectangular/Markengouw_Midden/lon_4959289995472182_lat_5239385479866544_radius_1_d0_r/20181219TMX7316010203-001025pano_0011_000306_4.95927990117768_52.3938503441409.jpg,2018,12,19,Markengouw_Midden,0,lon_4959289995472182_lat_5239385479866544_radius_1_d0_r,lon_4959289995472182_lat_5239385479866544_radius_1,0,r
ATM_square_equirectangular/Markengouw_Midden/lon_4959289995472182_lat_5239385479866544_radius_1_d0_r/20200206TMX7316010203-001622pano_0002_000322_4.95928454063057_52.3938544727032.jpg,2020,2,6,Markengouw_Midden,0,lon_4959289995472182_lat_5239385479866544_radius_1_d0_r,lon_4959289995472182_lat_5239385479866544_radius_1,0,r
ATM_square_equirectangular/Markengouw_Midden/lon_4959289995472182_lat_5239385479866544_radius_1_d0_r/20200526TMX7316010203-001722pano_0000_003006_4.95928560546104_52.3938549434989.jpg,2020,5,26,Markengouw_Midden,0,lon_4959289995472182_lat_5239385479866544_radius_1_d0_r,lon_4959289995472182_lat_5239385479866544_radius_1,0,r
ATM_square_equirectangular/Markengouw_Midden/lon_4959289995472182_lat_5239385479866544_radius_1_d0_r/20211224TMX7316010203-002341pano_0001_000239_4.95929920979622_52.3938563394065.jpg,2021,12,24,Markengouw_Midden,1,lon_4959289995472182_lat_5239385479866544_radius_1_d0_r,lon_4959289995472182_lat_5239385479866544_radius_1,0,r
ATM_square_equirectangular/Markengouw_Midden/lon_4959289995472182_lat_5239385479866544_radius_1_d0_r/20211224TMX7316010203-002341pano_0001_000243_4.95929560053082_52.3938545555765.jpg,2021,12,24,Markengouw_Midden,0,lon_4959289995472182_lat_5239385479866544_radius_1_d0_r,lon_4959289995472182_lat_5239385479866544_radius_1,0,r
ATM_square_equirectangular/Overtoomse_veld_Zuid/lon_4836618374905324_lat_52361449283663035_radius_1_d-300_f/20170510TMX7316010203-000293pano_0000_002481_4.83661918553254_52.3614574876791.jpg,2017,5,10,Overtoomse_veld_Zuid,0,lon_4836618374905324_lat_52361449283663035_radius_1_d-300_f,lon_4836618374905324_lat_52361449283663035_radius_1,-300,f
ATM_square_equirectangular/Overtoomse_veld_Zuid/lon_4836618374905324_lat_52361449283663035_radius_1_d-300_f/20180704TMX7316010203-000825pano_0000_003040_4.83661406520377_52.3614499845421.jpg,2018,7,4,Overtoomse_veld_Zuid,1,lon_4836618374905324_lat_52361449283663035_radius_1_d-300_f,lon_4836618374905324_lat_52361449283663035_radius_1,-300,f
ATM_square_equirectangular/Overtoomse_veld_Zuid/lon_4836618374905324_lat_52361449283663035_radius_1_d-300_f/20190712TMX7316010203-001310pano_0000_003942_4.83661465840363_52.3614456322716.jpg,2019,7,12,Overtoomse_veld_Zuid,0,lon_4836618374905324_lat_52361449283663035_radius_1_d-300_f,lon_4836618374905324_lat_52361449283663035_radius_1,-300,f
ATM_square_equirectangular/Overtoomse_veld_Zuid/lon_4836618374905324_lat_52361449283663035_radius_1_d-300_f/20210219TMX7316010203-002020pano_0000_003779_4.83661210470008_52.3614427574651.jpg,2021,2,19,Overtoomse_veld_Zuid,0,lon_4836618374905324_lat_52361449283663035_radius_1_d-300_f,lon_4836618374905324_lat_52361449283663035_radius_1,-300,f
ATM_square_equirectangular/Overtoomse_veld_Zuid/lon_4836618374905324_lat_52361449283663035_radius_1_d-300_f/20220629TMX7316010203-002650pano_0005_000235_4.83662062067491_52.3614568384309.jpg,2022,6,29,Overtoomse_veld_Zuid,0,lon_4836618374905324_lat_52361449283663035_radius_1_d-300_f,lon_4836618374905324_lat_52361449283663035_radius_1,-300,f
ATM_square_equirectangular/Plantage/lon_4912983916728726_lat_523660476829624_radius_1_d-200_l/20160607TMX7315120208-000070pano_0010_000085_4.91298233587686_52.3660487229071.jpg,2016,6,7,Plantage,0,lon_4912983916728726_lat_523660476829624_radius_1_d-200_l,lon_4912983916728726_lat_523660476829624_radius_1,-200,l
ATM_square_equirectangular/Plantage/lon_4912983916728726_lat_523660476829624_radius_1_d-200_l/20190114TMX7316010203-001051pano_0001_000835_4.91298398502503_52.366047462047.jpg,2019,1,14,Plantage,1,lon_4912983916728726_lat_523660476829624_radius_1_d-200_l,lon_4912983916728726_lat_523660476829624_radius_1,-200,l
ATM_square_equirectangular/Plantage/lon_4912983916728726_lat_523660476829624_radius_1_d-200_l/20190114TMX7316010203-001051pano_0001_000996_4.91298542928429_52.3660468639331.jpg,2019,1,14,Plantage,0,lon_4912983916728726_lat_523660476829624_radius_1_d-200_l,lon_4912983916728726_lat_523660476829624_radius_1,-200,l
ATM_square_equirectangular/G-buurt_Oost/lon_498018315348631_lat_5232378071606205_radius_1_d0_f/20160616TMX7315120208-000088pano_0000_001901_4.98018833925244_52.3237841265441.jpg,2016,6,16,G-buurt_Oost,0,lon_498018315348631_lat_5232378071606205_radius_1_d0_f,lon_498018315348631_lat_5232378071606205_radius_1,0,f
ATM_square_equirectangular/G-buurt_Oost/lon_498018315348631_lat_5232378071606205_radius_1_d0_f/20160707TMX7315120208-000104pano_0000_005202_4.98017043296966_52.3237785662348.jpg,2016,7,7,G-buurt_Oost,0,lon_498018315348631_lat_5232378071606205_radius_1_d0_f,lon_498018315348631_lat_5232378071606205_radius_1,0,f
ATM_square_equirectangular/G-buurt_Oost/lon_498018315348631_lat_5232378071606205_radius_1_d0_f/20200131TMX7316010203-001614pano_0003_000111_4.98018355098248_52.3237803654218.jpg,2020,1,31,G-buurt_Oost,1,lon_498018315348631_lat_5232378071606205_radius_1_d0_f,lon_498018315348631_lat_5232378071606205_radius_1,0,f
ATM_square_equirectangular/G-buurt_Oost/lon_498018315348631_lat_5232378071606205_radius_1_d0_f/20220118TMX7316010203-002424pano_0006_000044_4.98019029074066_52.3237798060475.jpg,2022,1,18,G-buurt_Oost,0,lon_498018315348631_lat_5232378071606205_radius_1_d0_f,lon_498018315348631_lat_5232378071606205_radius_1,0,f
ATM_square_equirectangular/G-buurt_Oost/lon_498018315348631_lat_5232378071606205_radius_1_d0_r/20160616TMX7315120208-000088pano_0000_001901_4.98018833925244_52.3237841265441.jpg,2016,6,16,G-buurt_Oost,0,lon_498018315348631_lat_5232378071606205_radius_1_d0_r,lon_498018315348631_lat_5232378071606205_radius_1,0,r
ATM_square_equirectangular/G-buurt_Oost/lon_498018315348631_lat_5232378071606205_radius_1_d0_r/20160707TMX7315120208-000104pano_0000_005202_4.98017043296966_52.3237785662348.jpg,2016,7,7,G-buurt_Oost,0,lon_498018315348631_lat_5232378071606205_radius_1_d0_r,lon_498018315348631_lat_5232378071606205_radius_1,0,r
ATM_square_equirectangular/G-buurt_Oost/lon_498018315348631_lat_5232378071606205_radius_1_d0_r/20200131TMX7316010203-001614pano_0003_000111_4.98018355098248_52.3237803654218.jpg,2020,1,31,G-buurt_Oost,1,lon_498018315348631_lat_5232378071606205_radius_1_d0_r,lon_498018315348631_lat_5232378071606205_radius_1,0,r
ATM_square_equirectangular/G-buurt_Oost/lon_498018315348631_lat_5232378071606205_radius_1_d0_r/20220118TMX7316010203-002424pano_0006_000044_4.98019029074066_52.3237798060475.jpg,2022,1,18,G-buurt_Oost,0,lon_498018315348631_lat_5232378071606205_radius_1_d0_r,lon_498018315348631_lat_5232378071606205_radius_1,0,r
ATM_square_equirectangular/Durgerdam/lon_4988553779258847_lat_5237732938929159_radius_1_d0_f/20160509TMX7315120208-000038pano_0000_001708_4.98853954463445_52.3773274761613.jpg,2016,5,9,Durgerdam,0,lon_4988553779258847_lat_5237732938929159_radius_1_d0_f,lon_4988553779258847_lat_5237732938929159_radius_1,0,f
ATM_square_equirectangular/Durgerdam/lon_4988553779258847_lat_5237732938929159_radius_1_d0_f/20190701TMX7316010203-001261pano_0000_002560_4.98855167321673_52.3773323049323.jpg,2019,7,1,Durgerdam,0,lon_4988553779258847_lat_5237732938929159_radius_1_d0_f,lon_4988553779258847_lat_5237732938929159_radius_1,0,f
ATM_square_equirectangular/Durgerdam/lon_4988553779258847_lat_5237732938929159_radius_1_d0_f/20200207TMX7316010203-001627pano_0002_000319_4.98854500028829_52.3773267584463.jpg,2020,2,7,Durgerdam,0,lon_4988553779258847_lat_5237732938929159_radius_1_d0_f,lon_4988553779258847_lat_5237732938929159_radius_1,0,f
ATM_square_equirectangular/Durgerdam/lon_4988553779258847_lat_5237732938929159_radius_1_d0_f/20210225TMX7316010203-002028pano_0000_000027_4.98856069874507_52.3773324885302.jpg,2021,2,25,Durgerdam,0,lon_4988553779258847_lat_5237732938929159_radius_1_d0_f,lon_4988553779258847_lat_5237732938929159_radius_1,0,f
ATM_square_equirectangular/Durgerdam/lon_4988553779258847_lat_5237732938929159_radius_1_d0_f/20210917TMX7316010203-002315pano_0007_000366_4.98856080347357_52.3773259708263.jpg,2021,9,17,Durgerdam,1,lon_4988553779258847_lat_5237732938929159_radius_1_d0_f,lon_4988553779258847_lat_5237732938929159_radius_1,0,f
ATM_square_equirectangular/Durgerdam/lon_4988553779258847_lat_5237732938929159_radius_1_d0_f/20220125TMX7316010203-002436pano_0000_000227_4.98856495519497_52.3773313368531.jpg,2022,1,25,Durgerdam,0,lon_4988553779258847_lat_5237732938929159_radius_1_d0_f,lon_4988553779258847_lat_5237732938929159_radius_1,0,f
ATM_square_equirectangular/Aalsmeerwegbuurt_Oost/lon_4848031879382072_lat_523483659919743_radius_1_d-400_b/20180612TMX7316010203-000785pano_0001_003855_4.84802922732224_52.3483647060696.jpg,2018,6,12,Aalsmeerwegbuurt_Oost,0,lon_4848031879382072_lat_523483659919743_radius_1_d-400_b,lon_4848031879382072_lat_523483659919743_radius_1,-400,b
ATM_square_equirectangular/Aalsmeerwegbuurt_Oost/lon_4848031879382072_lat_523483659919743_radius_1_d-400_b/20181115TMX7316010203-000985pano_0001_003855_4.84802922732224_52.3483647060696.jpg,2018,11,15,Aalsmeerwegbuurt_Oost,0,lon_4848031879382072_lat_523483659919743_radius_1_d-400_b,lon_4848031879382072_lat_523483659919743_radius_1,-400,b
ATM_square_equirectangular/Aalsmeerwegbuurt_Oost/lon_4848031879382072_lat_523483659919743_radius_1_d-400_b/20190107TMX7316010203-001039pano_0001_000474_4.84803530711435_52.3483702023295.jpg,2019,1,7,Aalsmeerwegbuurt_Oost,0,lon_4848031879382072_lat_523483659919743_radius_1_d-400_b,lon_4848031879382072_lat_523483659919743_radius_1,-400,b
ATM_square_equirectangular/Aalsmeerwegbuurt_Oost/lon_4848031879382072_lat_523483659919743_radius_1_d-400_b/20210420TMX7316010203-002107pano_0001_000040_4.84803917746814_52.3483676611112.jpg,2021,4,20,Aalsmeerwegbuurt_Oost,1,lon_4848031879382072_lat_523483659919743_radius_1_d-400_b,lon_4848031879382072_lat_523483659919743_radius_1,-400,b
ATM_square_equirectangular/Aalsmeerwegbuurt_Oost/lon_4848031879382072_lat_523483659919743_radius_1_d-400_b/20220111TMX7316010203-002413pano_0006_000035_4.84802645768339_52.3483626842916.jpg,2022,1,11,Aalsmeerwegbuurt_Oost,1,lon_4848031879382072_lat_523483659919743_radius_1_d-400_b,lon_4848031879382072_lat_523483659919743_radius_1,-400,b
ATM_square_equirectangular/Landlust_Zuid/lon_4860966388468108_lat_5237922698250935_radius_1_d0_l/20160622TMX7315080123-000312pano_0000_001482_4.86097049910459_52.3792307060803.jpg,2016,6,22,Landlust_Zuid,0,lon_4860966388468108_lat_5237922698250935_radius_1_d0_l,lon_4860966388468108_lat_5237922698250935_radius_1,0,l
ATM_square_equirectangular/Landlust_Zuid/lon_4860966388468108_lat_5237922698250935_radius_1_d0_l/20180614TMX7316010203-000792pano_0000_001266_4.86096798884658_52.379222850242.jpg,2018,6,14,Landlust_Zuid,0,lon_4860966388468108_lat_5237922698250935_radius_1_d0_l,lon_4860966388468108_lat_5237922698250935_radius_1,0,l
ATM_square_equirectangular/Landlust_Zuid/lon_4860966388468108_lat_5237922698250935_radius_1_d0_l/20200514TMX7316010203-001714pano_0000_005484_4.86096497942216_52.379226674238.jpg,2020,5,14,Landlust_Zuid,0,lon_4860966388468108_lat_5237922698250935_radius_1_d0_l,lon_4860966388468108_lat_5237922698250935_radius_1,0,l
ATM_square_equirectangular/Landlust_Zuid/lon_4860966388468108_lat_5237922698250935_radius_1_d0_l/20210324TMX7316010203-002058pano_0000_002998_4.8609620864991_52.3792276994771.jpg,2021,3,24,Landlust_Zuid,0,lon_4860966388468108_lat_5237922698250935_radius_1_d0_l,lon_4860966388468108_lat_5237922698250935_radius_1,0,l
ATM_square_equirectangular/Landlust_Zuid/lon_4860966388468108_lat_5237922698250935_radius_1_d0_l/20220627TMX7316010203-002635pano_0014_000530_4.86096402508388_52.3792182574025.jpg,2022,6,27,Landlust_Zuid,1,lon_4860966388468108_lat_5237922698250935_radius_1_d0_l,lon_4860966388468108_lat_5237922698250935_radius_1,0,l
ATM_square_equirectangular/D-buurt/lon_4958090223843787_lat_5232117611905403_radius_1_d0_f/20160712TMX7315120208-000110pano_0000_000935_4.95808782077549_52.3211774496484.jpg,2016,7,12,D-buurt,0,lon_4958090223843787_lat_5232117611905403_radius_1_d0_f,lon_4958090223843787_lat_5232117611905403_radius_1,0,f
ATM_square_equirectangular/D-buurt/lon_4958090223843787_lat_5232117611905403_radius_1_d0_f/20210603TMX7316010203-002154pano_0000_002916_4.95809609826634_52.3211787940094.jpg,2021,6,3,D-buurt,1,lon_4958090223843787_lat_5232117611905403_radius_1_d0_f,lon_4958090223843787_lat_5232117611905403_radius_1,0,f
ATM_square_equirectangular/D-buurt/lon_4958090223843787_lat_5232117611905403_radius_1_d0_f/20210603TMX7316010203-002154pano_0000_003015_4.95808675248953_52.3211721135043.jpg,2021,6,3,D-buurt,0,lon_4958090223843787_lat_5232117611905403_radius_1_d0_f,lon_4958090223843787_lat_5232117611905403_radius_1,0,f
ATM_square_equirectangular/D-buurt/lon_4958090223843787_lat_5232117611905403_radius_1_d0_f/20221216TMX7316010203-002868pano_0009_000090_4.95808181865269_52.321177688007.jpg,2022,12,16,D-buurt,1,lon_4958090223843787_lat_5232117611905403_radius_1_d0_f,lon_4958090223843787_lat_5232117611905403_radius_1,0,f
ATM_square_equirectangular/Staalmanpleinbuurt/lon_4832407869511427_lat_52350544215995285_radius_1_d-500_r/20180622TMX7316010203-000803pano_0001_002071_4.83240859290696_52.3505476476892.jpg,2018,6,22,Staalmanpleinbuurt,0,lon_4832407869511427_lat_52350544215995285_radius_1_d-500_r,lon_4832407869511427_lat_52350544215995285_radius_1,-500,r
ATM_square_equirectangular/Staalmanpleinbuurt/lon_4832407869511427_lat_52350544215995285_radius_1_d-500_r/20200506TMX7316010203-001691pano_0001_005776_4.83241190892825_52.3505362212675.jpg,2020,5,6,Staalmanpleinbuurt,0,lon_4832407869511427_lat_52350544215995285_radius_1_d-500_r,lon_4832407869511427_lat_52350544215995285_radius_1,-500,r
ATM_square_equirectangular/Staalmanpleinbuurt/lon_4832407869511427_lat_52350544215995285_radius_1_d-500_r/20210413TMX7316010203-002087pano_0000_002610_4.83240267329442_52.35054081046.jpg,2021,4,13,Staalmanpleinbuurt,0,lon_4832407869511427_lat_52350544215995285_radius_1_d-500_r,lon_4832407869511427_lat_52350544215995285_radius_1,-500,r
ATM_square_equirectangular/Staalmanpleinbuurt/lon_4832407869511427_lat_52350544215995285_radius_1_d-500_r/20220411TMX7316010203-002502pano_0000_000163_4.83240633234248_52.350543069107.jpg,2022,4,11,Staalmanpleinbuurt,1,lon_4832407869511427_lat_52350544215995285_radius_1_d-500_r,lon_4832407869511427_lat_52350544215995285_radius_1,-500,r
ATM_square_equirectangular/Entrepot-Noordwest/lon_493373533979631_lat_5236797748115847_radius_1_d0_l/20160519TMX7315120208-000054pano_0000_000741_4.93373343627848_52.3679782538406.jpg,2016,5,19,Entrepot-Noordwest,0,lon_493373533979631_lat_5236797748115847_radius_1_d0_l,lon_493373533979631_lat_5236797748115847_radius_1,0,l
ATM_square_equirectangular/Entrepot-Noordwest/lon_493373533979631_lat_5236797748115847_radius_1_d0_l/20200422TMX7316010203-001670pano_0000_002063_4.93373950934958_52.3679795655581.jpg,2020,4,22,Entrepot-Noordwest,0,lon_493373533979631_lat_5236797748115847_radius_1_d0_l,lon_493373533979631_lat_5236797748115847_radius_1,0,l
ATM_square_equirectangular/Entrepot-Noordwest/lon_493373533979631_lat_5236797748115847_radius_1_d0_l/20210512TMX7316010203-002139pano_0000_000236_4.93373126296811_52.3679749864713.jpg,2021,5,12,Entrepot-Noordwest,1,lon_493373533979631_lat_5236797748115847_radius_1_d0_l,lon_493373533979631_lat_5236797748115847_radius_1,0,l
ATM_square_equirectangular/Entrepot-Noordwest/lon_493373533979631_lat_5236797748115847_radius_1_d0_l/20211231TMX7316010203-002372pano_0002_000074_4.93373715058907_52.3679771187639.jpg,2021,12,31,Entrepot-Noordwest,0,lon_493373533979631_lat_5236797748115847_radius_1_d0_l,lon_493373533979631_lat_5236797748115847_radius_1,0,l
ATM_square_equirectangular/Gelderlandpleinbuurt/lon_4876691850456623_lat_5233673604368365_radius_1_d-400_r/20171220TMX7316010203-000521pano_0000_000084_4.87670243746087_52.3367362310409.jpg,2017,12,20,Gelderlandpleinbuurt,0,lon_4876691850456623_lat_5233673604368365_radius_1_d-400_r,lon_4876691850456623_lat_5233673604368365_radius_1,-400,r
ATM_square_equirectangular/Gelderlandpleinbuurt/lon_4876691850456623_lat_5233673604368365_radius_1_d-400_r/20180604TMX7316010203-000771pano_0000_000425_4.8766997085441_52.3367334930131.jpg,2018,6,4,Gelderlandpleinbuurt,0,lon_4876691850456623_lat_5233673604368365_radius_1_d-400_r,lon_4876691850456623_lat_5233673604368365_radius_1,-400,r
ATM_square_equirectangular/Gelderlandpleinbuurt/lon_4876691850456623_lat_5233673604368365_radius_1_d-400_r/20190103TMX7316010203-001034pano_0007_000097_4.87667805769432_52.336737240714.jpg,2019,1,3,Gelderlandpleinbuurt,0,lon_4876691850456623_lat_5233673604368365_radius_1_d-400_r,lon_4876691850456623_lat_5233673604368365_radius_1,-400,r
ATM_square_equirectangular/Gelderlandpleinbuurt/lon_4876691850456623_lat_5233673604368365_radius_1_d-400_r/20200706TMX7316010203-001789pano_0002_003537_4.8766871981272_52.3367372099666.jpg,2020,7,6,Gelderlandpleinbuurt,1,lon_4876691850456623_lat_5233673604368365_radius_1_d-400_r,lon_4876691850456623_lat_5233673604368365_radius_1,-400,r
ATM_square_equirectangular/Gelderlandpleinbuurt/lon_4876691850456623_lat_5233673604368365_radius_1_d500_b/20171220TMX7316010203-000521pano_0000_000084_4.87670243746087_52.3367362310409.jpg,2017,12,20,Gelderlandpleinbuurt,0,lon_4876691850456623_lat_5233673604368365_radius_1_d500_b,lon_4876691850456623_lat_5233673604368365_radius_1,500,b
ATM_square_equirectangular/Gelderlandpleinbuurt/lon_4876691850456623_lat_5233673604368365_radius_1_d500_b/20180604TMX7316010203-000771pano_0000_000425_4.8766997085441_52.3367334930131.jpg,2018,6,4,Gelderlandpleinbuurt,0,lon_4876691850456623_lat_5233673604368365_radius_1_d500_b,lon_4876691850456623_lat_5233673604368365_radius_1,500,b
ATM_square_equirectangular/Gelderlandpleinbuurt/lon_4876691850456623_lat_5233673604368365_radius_1_d500_b/20190103TMX7316010203-001034pano_0007_000097_4.87667805769432_52.336737240714.jpg,2019,1,3,Gelderlandpleinbuurt,1,lon_4876691850456623_lat_5233673604368365_radius_1_d500_b,lon_4876691850456623_lat_5233673604368365_radius_1,500,b
ATM_square_equirectangular/Gelderlandpleinbuurt/lon_4876691850456623_lat_5233673604368365_radius_1_d500_b/20200706TMX7316010203-001789pano_0002_003537_4.8766871981272_52.3367372099666.jpg,2020,7,6,Gelderlandpleinbuurt,1,lon_4876691850456623_lat_5233673604368365_radius_1_d500_b,lon_4876691850456623_lat_5233673604368365_radius_1,500,b
ATM_square_equirectangular/Gelderlandpleinbuurt/lon_4877774638139137_lat_5233591969005656_radius_1_d200_f/20161124TMX7316010203-000192pano_0001_003868_4.8777803213255_52.3359239034055.jpg,2016,11,24,Gelderlandpleinbuurt,0,lon_4877774638139137_lat_5233591969005656_radius_1_d200_f,lon_4877774638139137_lat_5233591969005656_radius_1,200,f
ATM_square_equirectangular/Gelderlandpleinbuurt/lon_4877774638139137_lat_5233591969005656_radius_1_d200_f/20170411TMX7316010203-000257pano_0000_002002_4.87776967344346_52.3359195287393.jpg,2017,4,11,Gelderlandpleinbuurt,0,lon_4877774638139137_lat_5233591969005656_radius_1_d200_f,lon_4877774638139137_lat_5233591969005656_radius_1,200,f
ATM_square_equirectangular/Gelderlandpleinbuurt/lon_4877774638139137_lat_5233591969005656_radius_1_d200_f/20210219TMX7316010203-002019pano_0000_001950_4.87777391964845_52.3359156380249.jpg,2021,2,19,Gelderlandpleinbuurt,1,lon_4877774638139137_lat_5233591969005656_radius_1_d200_f,lon_4877774638139137_lat_5233591969005656_radius_1,200,f
ATM_square_equirectangular/Schinkelbuurt_Noord/lon_48543597459158905_lat_5235495566488323_radius_1_d0_r/20160804TMX7316060226-000013pano_0000_003987_4.85434656615584_52.3549576588606.jpg,2016,8,4,Schinkelbuurt_Noord,0,lon_48543597459158905_lat_5235495566488323_radius_1_d0_r,lon_48543597459158905_lat_5235495566488323_radius_1,0,r
ATM_square_equirectangular/Schinkelbuurt_Noord/lon_48543597459158905_lat_5235495566488323_radius_1_d0_r/20180612TMX7316010203-000785pano_0001_000207_4.85436124129785_52.3549581250928.jpg,2018,6,12,Schinkelbuurt_Noord,1,lon_48543597459158905_lat_5235495566488323_radius_1_d0_r,lon_48543597459158905_lat_5235495566488323_radius_1,0,r
ATM_square_equirectangular/Schinkelbuurt_Noord/lon_48543597459158905_lat_5235495566488323_radius_1_d0_r/20181115TMX7316010203-000985pano_0001_000207_4.85436124129785_52.3549581250928.jpg,2018,11,15,Schinkelbuurt_Noord,0,lon_48543597459158905_lat_5235495566488323_radius_1_d0_r,lon_48543597459158905_lat_5235495566488323_radius_1,0,r
ATM_square_equirectangular/Schinkelbuurt_Noord/lon_48543597459158905_lat_5235495566488323_radius_1_d0_r/20190430TMX7316010203-001152pano_0002_000639_4.85435675515197_52.3549507444641.jpg,2019,4,30,Schinkelbuurt_Noord,0,lon_48543597459158905_lat_5235495566488323_radius_1_d0_r,lon_48543597459158905_lat_5235495566488323_radius_1,0,r
ATM_square_equirectangular/Zuidoostkwadrant_Indische_buurt/lon_494216106847035_lat_52359317265000826_radius_1_d0_r/20190522TMX7316010203-001204pano_0000_002739_4.94216603551681_52.3593153563148.jpg,2019,5,22,Zuidoostkwadrant_Indische_buurt,0,lon_494216106847035_lat_52359317265000826_radius_1_d0_r,lon_494216106847035_lat_52359317265000826_radius_1,0,r
ATM_square_equirectangular/Zuidoostkwadrant_Indische_buurt/lon_494216106847035_lat_52359317265000826_radius_1_d0_r/20200507TMX7316010203-001693pano_0000_005974_4.9421572406038_52.3593242846463.jpg,2020,5,7,Zuidoostkwadrant_Indische_buurt,0,lon_494216106847035_lat_52359317265000826_radius_1_d0_r,lon_494216106847035_lat_52359317265000826_radius_1,0,r
ATM_square_equirectangular/Zuidoostkwadrant_Indische_buurt/lon_494216106847035_lat_52359317265000826_radius_1_d0_r/20220112TMX7316010203-002416pano_0012_000033_4.94215594281029_52.3593216925778.jpg,2022,1,12,Zuidoostkwadrant_Indische_buurt,1,lon_494216106847035_lat_52359317265000826_radius_1_d0_r,lon_494216106847035_lat_52359317265000826_radius_1,0,r
ATM_square_equirectangular/Bellamybuurt_Zuid/lon_4869877115898247_lat_5236769213897583_radius_1_d-100_f/20160809TMX7316010203-000053pano_0000_001562_4.86987328791695_52.3676867387.jpg,2016,8,9,Bellamybuurt_Zuid,0,lon_4869877115898247_lat_5236769213897583_radius_1_d-100_f,lon_4869877115898247_lat_5236769213897583_radius_1,-100,f
ATM_square_equirectangular/Bellamybuurt_Zuid/lon_4869877115898247_lat_5236769213897583_radius_1_d-100_f/20200817TMX7316010203-001877pano_0007_000132_4.86987597483997_52.3676957769019.jpg,2020,8,17,Bellamybuurt_Zuid,1,lon_4869877115898247_lat_5236769213897583_radius_1_d-100_f,lon_4869877115898247_lat_5236769213897583_radius_1,-100,f
ATM_square_equirectangular/Bellamybuurt_Zuid/lon_4869877115898247_lat_5236769213897583_radius_1_d-100_f/20210325TMX7316010203-002060pano_0000_006127_4.86988208493782_52.3676939013256.jpg,2021,3,25,Bellamybuurt_Zuid,0,lon_4869877115898247_lat_5236769213897583_radius_1_d-100_f,lon_4869877115898247_lat_5236769213897583_radius_1,-100,f
ATM_square_equirectangular/Haveneiland_Oost/lon_5013225499703203_lat_5234832397547303_radius_1_d0_l/20160606TMX7315120208-000068pano_0005_001440_5.01322649129812_52.3483218730346.jpg,2016,6,6,Haveneiland_Oost,0,lon_5013225499703203_lat_5234832397547303_radius_1_d0_l,lon_5013225499703203_lat_5234832397547303_radius_1,0,l
ATM_square_equirectangular/Haveneiland_Oost/lon_5013225499703203_lat_5234832397547303_radius_1_d0_l/20171130TMX7316010203-000503pano_0000_000880_5.01322866746322_52.3483223209105.jpg,2017,11,30,Haveneiland_Oost,1,lon_5013225499703203_lat_5234832397547303_radius_1_d0_l,lon_5013225499703203_lat_5234832397547303_radius_1,0,l
ATM_square_equirectangular/Haveneiland_Oost/lon_5013225499703203_lat_5234832397547303_radius_1_d0_l/20190517TMX7316010203-001192pano_0001_001603_5.0132196555569_52.3483273664151.jpg,2019,5,17,Haveneiland_Oost,0,lon_5013225499703203_lat_5234832397547303_radius_1_d0_l,lon_5013225499703203_lat_5234832397547303_radius_1,0,l
ATM_square_equirectangular/Haveneiland_Oost/lon_5013225499703203_lat_5234832397547303_radius_1_d0_l/20210915TMX7316010203-002311pano_0004_001815_5.01322718449457_52.3483243415319.jpg,2021,9,15,Haveneiland_Oost,0,lon_5013225499703203_lat_5234832397547303_radius_1_d0_l,lon_5013225499703203_lat_5234832397547303_radius_1,0,l
ATM_square_equirectangular/Louis_Chrispijnbuurt/lon_4824038305886581_lat_5235561961609807_radius_1_d250_l/20160726TMX7316010203-000024pano_0001_000100_4.82404120367864_52.3556139813398.jpg,2016,7,26,Louis_Chrispijnbuurt,0,lon_4824038305886581_lat_5235561961609807_radius_1_d250_l,lon_4824038305886581_lat_5235561961609807_radius_1,250,l
ATM_square_equirectangular/Louis_Chrispijnbuurt/lon_4824038305886581_lat_5235561961609807_radius_1_d250_l/20190712TMX7316010203-001308pano_0000_003644_4.82403657151742_52.3556213889565.jpg,2019,7,12,Louis_Chrispijnbuurt,1,lon_4824038305886581_lat_5235561961609807_radius_1_d250_l,lon_4824038305886581_lat_5235561961609807_radius_1,250,l
ATM_square_equirectangular/Louis_Chrispijnbuurt/lon_4824038305886581_lat_5235561961609807_radius_1_d250_l/20210412TMX7316010203-002086pano_0000_003440_4.82403714246368_52.3556234779979.jpg,2021,4,12,Louis_Chrispijnbuurt,0,lon_4824038305886581_lat_5235561961609807_radius_1_d250_l,lon_4824038305886581_lat_5235561961609807_radius_1,250,l
ATM_square_equirectangular/Van_der_Pekbuurt/lon_49080709065692_lat_52385410398888496_radius_1_d0_l/20170523TMX7316010203-000306pano_0000_001154_4.90807217570446_52.3854125555187.jpg,2017,5,23,Van_der_Pekbuurt,0,lon_49080709065692_lat_52385410398888496_radius_1_d0_l,lon_49080709065692_lat_52385410398888496_radius_1,0,l
ATM_square_equirectangular/Van_der_Pekbuurt/lon_49080709065692_lat_52385410398888496_radius_1_d0_l/20200603TMX7316010203-001735pano_0000_001520_4.90807186094301_52.3854120210331.jpg,2020,6,3,Van_der_Pekbuurt,0,lon_49080709065692_lat_52385410398888496_radius_1_d0_l,lon_49080709065692_lat_52385410398888496_radius_1,0,l
ATM_square_equirectangular/Van_der_Pekbuurt/lon_49080709065692_lat_52385410398888496_radius_1_d0_l/20210616TMX7316010203-002181pano_0000_003931_4.90806868306013_52.3854066201137.jpg,2021,6,16,Van_der_Pekbuurt,1,lon_49080709065692_lat_52385410398888496_radius_1_d0_l,lon_49080709065692_lat_52385410398888496_radius_1,0,l
ATM_square_equirectangular/Huntum/lon_4960713573074642_lat_5230911860298245_radius_1_d0_r/20160722TMX7315120208-000161pano_0001_001816_4.96071808764163_52.3091201004281.jpg,2016,7,22,Huntum,0,lon_4960713573074642_lat_5230911860298245_radius_1_d0_r,lon_4960713573074642_lat_5230911860298245_radius_1,0,r
ATM_square_equirectangular/Huntum/lon_4960713573074642_lat_5230911860298245_radius_1_d0_r/20170616TMX7316010203-000338pano_0000_006301_4.96072001596412_52.3091168686543.jpg,2017,6,16,Huntum,1,lon_4960713573074642_lat_5230911860298245_radius_1_d0_r,lon_4960713573074642_lat_5230911860298245_radius_1,0,r
ATM_square_equirectangular/Huntum/lon_4960713573074642_lat_5230911860298245_radius_1_d0_r/20180723TMX7316010203-000853pano_0000_001104_4.96071152274759_52.3091176112331.jpg,2018,7,23,Huntum,0,lon_4960713573074642_lat_5230911860298245_radius_1_d0_r,lon_4960713573074642_lat_5230911860298245_radius_1,0,r
ATM_square_equirectangular/Huntum/lon_4960713573074642_lat_5230911860298245_radius_1_d0_r/20190626TMX7316010203-001253pano_0000_002059_4.96070466594523_52.3091198316143.jpg,2019,6,26,Huntum,0,lon_4960713573074642_lat_5230911860298245_radius_1_d0_r,lon_4960713573074642_lat_5230911860298245_radius_1,0,r
ATM_square_equirectangular/Huntum/lon_4960713573074642_lat_5230911860298245_radius_1_d0_f/20160722TMX7315120208-000161pano_0001_001816_4.96071808764163_52.3091201004281.jpg,2016,7,22,Huntum,0,lon_4960713573074642_lat_5230911860298245_radius_1_d0_f,lon_4960713573074642_lat_5230911860298245_radius_1,0,f
ATM_square_equirectangular/Huntum/lon_4960713573074642_lat_5230911860298245_radius_1_d0_f/20170616TMX7316010203-000338pano_0000_006301_4.96072001596412_52.3091168686543.jpg,2017,6,16,Huntum,1,lon_4960713573074642_lat_5230911860298245_radius_1_d0_f,lon_4960713573074642_lat_5230911860298245_radius_1,0,f
ATM_square_equirectangular/Huntum/lon_4960713573074642_lat_5230911860298245_radius_1_d0_f/20180723TMX7316010203-000853pano_0000_001104_4.96071152274759_52.3091176112331.jpg,2018,7,23,Huntum,0,lon_4960713573074642_lat_5230911860298245_radius_1_d0_f,lon_4960713573074642_lat_5230911860298245_radius_1,0,f
ATM_square_equirectangular/Huntum/lon_4960713573074642_lat_5230911860298245_radius_1_d0_f/20190626TMX7316010203-001253pano_0000_002059_4.96070466594523_52.3091198316143.jpg,2019,6,26,Huntum,0,lon_4960713573074642_lat_5230911860298245_radius_1_d0_f,lon_4960713573074642_lat_5230911860298245_radius_1,0,f
ATM_square_equirectangular/Haveneiland_Noord/lon_5007610374863135_lat_5235248564495415_radius_1_d-200_r/20160606TMX7315120208-000068pano_0005_001846_5.00760511651156_52.3524865208615.jpg,2016,6,6,Haveneiland_Noord,0,lon_5007610374863135_lat_5235248564495415_radius_1_d-200_r,lon_5007610374863135_lat_5235248564495415_radius_1,-200,r
ATM_square_equirectangular/Haveneiland_Noord/lon_5007610374863135_lat_5235248564495415_radius_1_d-200_r/20170403TMX7316010203-000240pano_0001_002965_5.00760070572394_52.352492135442.jpg,2017,4,3,Haveneiland_Noord,1,lon_5007610374863135_lat_5235248564495415_radius_1_d-200_r,lon_5007610374863135_lat_5235248564495415_radius_1,-200,r
ATM_square_equirectangular/Haveneiland_Noord/lon_5007610374863135_lat_5235248564495415_radius_1_d-200_r/20200910TMX7316010203-001921pano_0001_000973_5.00761569925243_52.3524861830927.jpg,2020,9,10,Haveneiland_Noord,0,lon_5007610374863135_lat_5235248564495415_radius_1_d-200_r,lon_5007610374863135_lat_5235248564495415_radius_1,-200,r
ATM_square_equirectangular/Werengouw_Midden/lon_4952205172443174_lat_523953898972031_radius_1_d-200_r/20160805TMX7316060226-000014pano_0000_004654_4.95219701698655_52.3953911699895.jpg,2016,8,5,Werengouw_Midden,0,lon_4952205172443174_lat_523953898972031_radius_1_d-200_r,lon_4952205172443174_lat_523953898972031_radius_1,-200,r
ATM_square_equirectangular/Werengouw_Midden/lon_4952205172443174_lat_523953898972031_radius_1_d-200_r/20170517TMX7316010203-000299pano_0002_001300_4.9522050924042_52.3953919247551.jpg,2017,5,17,Werengouw_Midden,0,lon_4952205172443174_lat_523953898972031_radius_1_d-200_r,lon_4952205172443174_lat_523953898972031_radius_1,-200,r
ATM_square_equirectangular/Werengouw_Midden/lon_4952205172443174_lat_523953898972031_radius_1_d-200_r/20181219TMX7316010203-001025pano_0008_000035_4.95221717450839_52.395387152525.jpg,2018,12,19,Werengouw_Midden,1,lon_4952205172443174_lat_523953898972031_radius_1_d-200_r,lon_4952205172443174_lat_523953898972031_radius_1,-200,r
ATM_square_equirectangular/Werengouw_Midden/lon_4952205172443174_lat_523953898972031_radius_1_d-200_r/20190701TMX7316010203-001262pano_0002_000657_4.95219314622526_52.3953873284852.jpg,2019,7,1,Werengouw_Midden,1,lon_4952205172443174_lat_523953898972031_radius_1_d-200_r,lon_4952205172443174_lat_523953898972031_radius_1,-200,r
ATM_square_equirectangular/Werengouw_Midden/lon_4952205172443174_lat_523953898972031_radius_1_d-200_r/20200529TMX7316010203-001730pano_0000_001146_4.95221002367401_52.3953888026801.jpg,2020,5,29,Werengouw_Midden,0,lon_4952205172443174_lat_523953898972031_radius_1_d-200_r,lon_4952205172443174_lat_523953898972031_radius_1,-200,r
ATM_square_equirectangular/Werengouw_Midden/lon_4952205172443174_lat_523953898972031_radius_1_d-200_r/20210225TMX7316010203-002029pano_0003_000056_4.95220514335509_52.3953935215727.jpg,2021,2,25,Werengouw_Midden,0,lon_4952205172443174_lat_523953898972031_radius_1_d-200_r,lon_4952205172443174_lat_523953898972031_radius_1,-200,r
ATM_square_equirectangular/Werengouw_Midden/lon_4952205172443174_lat_523953898972031_radius_1_d-200_r/20210615TMX7316010203-002180pano_0000_000064_4.95221862927338_52.3953930134892.jpg,2021,6,15,Werengouw_Midden,0,lon_4952205172443174_lat_523953898972031_radius_1_d-200_r,lon_4952205172443174_lat_523953898972031_radius_1,-200,r
ATM_square_equirectangular/Werengouw_Midden/lon_4952205172443174_lat_523953898972031_radius_1_d-200_r/20210622TMX7316010203-002185pano_0002_001030_4.95219515311851_52.395386264128.jpg,2021,6,22,Werengouw_Midden,0,lon_4952205172443174_lat_523953898972031_radius_1_d-200_r,lon_4952205172443174_lat_523953898972031_radius_1,-200,r
ATM_square_equirectangular/Rieteiland_Oost/lon_5001085654742642_lat_5234699903181693_radius_1_d0_b/20170403TMX7316010203-000241pano_0000_001813_5.00107733554686_52.3469955150234.jpg,2017,4,3,Rieteiland_Oost,0,lon_5001085654742642_lat_5234699903181693_radius_1_d0_b,lon_5001085654742642_lat_5234699903181693_radius_1,0,b
ATM_square_equirectangular/Rieteiland_Oost/lon_5001085654742642_lat_5234699903181693_radius_1_d0_b/20171130TMX7316010203-000502pano_0001_000066_5.00109332860003_52.3469984371214.jpg,2017,11,30,Rieteiland_Oost,1,lon_5001085654742642_lat_5234699903181693_radius_1_d0_b,lon_5001085654742642_lat_5234699903181693_radius_1,0,b
ATM_square_equirectangular/Rieteiland_Oost/lon_5001085654742642_lat_5234699903181693_radius_1_d0_b/20180517TMX7316010203-000741pano_0000_003732_5.00108452998927_52.3470001521462.jpg,2018,5,17,Rieteiland_Oost,0,lon_5001085654742642_lat_5234699903181693_radius_1_d0_b,lon_5001085654742642_lat_5234699903181693_radius_1,0,b
ATM_square_equirectangular/Rieteiland_Oost/lon_5001085654742642_lat_5234699903181693_radius_1_d0_b/20200622TMX7316010203-001754pano_0000_006249_5.00108742483441_52.3470020229767.jpg,2020,6,22,Rieteiland_Oost,0,lon_5001085654742642_lat_5234699903181693_radius_1_d0_b,lon_5001085654742642_lat_5234699903181693_radius_1,0,b
ATM_square_equirectangular/Haveneiland_Oost/lon_5004587493383702_lat_5234821260258512_radius_1_d-300_b/20160606TMX7315120208-000068pano_0005_000644_5.00458797377217_52.3482054589915.jpg,2016,6,6,Haveneiland_Oost,0,lon_5004587493383702_lat_5234821260258512_radius_1_d-300_b,lon_5004587493383702_lat_5234821260258512_radius_1,-300,b
ATM_square_equirectangular/Haveneiland_Oost/lon_5004587493383702_lat_5234821260258512_radius_1_d-300_b/20170403TMX7316010203-000241pano_0000_002837_5.00458080029618_52.3482194566279.jpg,2017,4,3,Haveneiland_Oost,1,lon_5004587493383702_lat_5234821260258512_radius_1_d-300_b,lon_5004587493383702_lat_5234821260258512_radius_1,-300,b
ATM_square_equirectangular/Haveneiland_Oost/lon_5004587493383702_lat_5234821260258512_radius_1_d-300_b/20171130TMX7316010203-000503pano_0000_001296_5.00459246370181_52.3482166443467.jpg,2017,11,30,Haveneiland_Oost,0,lon_5004587493383702_lat_5234821260258512_radius_1_d-300_b,lon_5004587493383702_lat_5234821260258512_radius_1,-300,b
ATM_square_equirectangular/Haveneiland_Oost/lon_5004587493383702_lat_5234821260258512_radius_1_d-300_b/20180517TMX7316010203-000741pano_0000_004218_5.00459100869031_52.3482075611738.jpg,2018,5,17,Haveneiland_Oost,0,lon_5004587493383702_lat_5234821260258512_radius_1_d-300_b,lon_5004587493383702_lat_5234821260258512_radius_1,-300,b
ATM_square_equirectangular/Haveneiland_Oost/lon_5004587493383702_lat_5234821260258512_radius_1_d-300_b/20210915TMX7316010203-002311pano_0004_000600_5.00458522045804_52.3482138917857.jpg,2021,9,15,Haveneiland_Oost,0,lon_5004587493383702_lat_5234821260258512_radius_1_d-300_b,lon_5004587493383702_lat_5234821260258512_radius_1,-300,b
ATM_square_equirectangular/Staalmanpleinbuurt/lon_4832381953162063_lat_52347701788317174_radius_1_d-500_f/20160728TMX7316010203-000031pano_0000_000053_4.83239153674718_52.3476954060756.jpg,2016,7,28,Staalmanpleinbuurt,0,lon_4832381953162063_lat_52347701788317174_radius_1_d-500_f,lon_4832381953162063_lat_52347701788317174_radius_1,-500,f
ATM_square_equirectangular/Staalmanpleinbuurt/lon_4832381953162063_lat_52347701788317174_radius_1_d-500_f/20170508TMX7316010203-000288pano_0003_001812_4.83238974956899_52.3476974432919.jpg,2017,5,8,Staalmanpleinbuurt,1,lon_4832381953162063_lat_52347701788317174_radius_1_d-500_f,lon_4832381953162063_lat_52347701788317174_radius_1,-500,f
ATM_square_equirectangular/Staalmanpleinbuurt/lon_4832381953162063_lat_52347701788317174_radius_1_d-500_f/20180622TMX7316010203-000804pano_0000_000559_4.83237809773232_52.3477050828658.jpg,2018,6,22,Staalmanpleinbuurt,1,lon_4832381953162063_lat_52347701788317174_radius_1_d-500_f,lon_4832381953162063_lat_52347701788317174_radius_1,-500,f
ATM_square_equirectangular/Staalmanpleinbuurt/lon_4832381953162063_lat_52347701788317174_radius_1_d-500_f/20200508TMX7316010203-001697pano_0001_000187_4.83238181613286_52.3477034463724.jpg,2020,5,8,Staalmanpleinbuurt,0,lon_4832381953162063_lat_52347701788317174_radius_1_d-500_f,lon_4832381953162063_lat_52347701788317174_radius_1,-500,f
ATM_square_equirectangular/Staalmanpleinbuurt/lon_4832381953162063_lat_52347701788317174_radius_1_d-500_f/20210413TMX7316010203-002087pano_0000_003417_4.83237473692362_52.3477053444967.jpg,2021,4,13,Staalmanpleinbuurt,0,lon_4832381953162063_lat_52347701788317174_radius_1_d-500_f,lon_4832381953162063_lat_52347701788317174_radius_1,-500,f
ATM_square_equirectangular/Staalmanpleinbuurt/lon_4832381953162063_lat_52347701788317174_radius_1_d-500_f/20210709TMX7316010203-002226pano_0000_000140_4.83237578186741_52.3477040068006.jpg,2021,7,9,Staalmanpleinbuurt,0,lon_4832381953162063_lat_52347701788317174_radius_1_d-500_f,lon_4832381953162063_lat_52347701788317174_radius_1,-500,f
ATM_square_equirectangular/Staalmanpleinbuurt/lon_4832381953162063_lat_52347701788317174_radius_1_d-500_l/20160728TMX7316010203-000031pano_0000_000053_4.83239153674718_52.3476954060756.jpg,2016,7,28,Staalmanpleinbuurt,0,lon_4832381953162063_lat_52347701788317174_radius_1_d-500_l,lon_4832381953162063_lat_52347701788317174_radius_1,-500,l
ATM_square_equirectangular/Staalmanpleinbuurt/lon_4832381953162063_lat_52347701788317174_radius_1_d-500_l/20170508TMX7316010203-000288pano_0003_001812_4.83238974956899_52.3476974432919.jpg,2017,5,8,Staalmanpleinbuurt,1,lon_4832381953162063_lat_52347701788317174_radius_1_d-500_l,lon_4832381953162063_lat_52347701788317174_radius_1,-500,l
ATM_square_equirectangular/Staalmanpleinbuurt/lon_4832381953162063_lat_52347701788317174_radius_1_d-500_l/20180622TMX7316010203-000804pano_0000_000559_4.83237809773232_52.3477050828658.jpg,2018,6,22,Staalmanpleinbuurt,1,lon_4832381953162063_lat_52347701788317174_radius_1_d-500_l,lon_4832381953162063_lat_52347701788317174_radius_1,-500,l
ATM_square_equirectangular/Staalmanpleinbuurt/lon_4832381953162063_lat_52347701788317174_radius_1_d-500_l/20200508TMX7316010203-001697pano_0001_000187_4.83238181613286_52.3477034463724.jpg,2020,5,8,Staalmanpleinbuurt,0,lon_4832381953162063_lat_52347701788317174_radius_1_d-500_l,lon_4832381953162063_lat_52347701788317174_radius_1,-500,l
ATM_square_equirectangular/Staalmanpleinbuurt/lon_4832381953162063_lat_52347701788317174_radius_1_d-500_l/20210413TMX7316010203-002087pano_0000_003417_4.83237473692362_52.3477053444967.jpg,2021,4,13,Staalmanpleinbuurt,0,lon_4832381953162063_lat_52347701788317174_radius_1_d-500_l,lon_4832381953162063_lat_52347701788317174_radius_1,-500,l
ATM_square_equirectangular/Staalmanpleinbuurt/lon_4832381953162063_lat_52347701788317174_radius_1_d-500_l/20210709TMX7316010203-002226pano_0000_000140_4.83237578186741_52.3477040068006.jpg,2021,7,9,Staalmanpleinbuurt,0,lon_4832381953162063_lat_52347701788317174_radius_1_d-500_l,lon_4832381953162063_lat_52347701788317174_radius_1,-500,l
ATM_square_equirectangular/Osdorp_Zuidoost/lon_480846901102073_lat_5235165292270903_radius_1_d0_l/20170503TMX7316010203-000284pano_0000_003812_4.80846911972131_52.3516513669185.jpg,2017,5,3,Osdorp_Zuidoost,0,lon_480846901102073_lat_5235165292270903_radius_1_d0_l,lon_480846901102073_lat_5235165292270903_radius_1,0,l
ATM_square_equirectangular/Osdorp_Zuidoost/lon_480846901102073_lat_5235165292270903_radius_1_d0_l/20190102TMX7316010203-001033pano_0010_000043_4.80846737136495_52.3516547644661.jpg,2019,1,2,Osdorp_Zuidoost,1,lon_480846901102073_lat_5235165292270903_radius_1_d0_l,lon_480846901102073_lat_5235165292270903_radius_1,0,l
ATM_square_equirectangular/Osdorp_Zuidoost/lon_480846901102073_lat_5235165292270903_radius_1_d0_l/20210222TMX7316010203-002022pano_0000_000080_4.80846415457569_52.3516455724713.jpg,2021,2,22,Osdorp_Zuidoost,0,lon_480846901102073_lat_5235165292270903_radius_1_d0_l,lon_480846901102073_lat_5235165292270903_radius_1,0,l
ATM_square_equirectangular/Osdorp_Zuidoost/lon_480846901102073_lat_5235165292270903_radius_1_d0_l/20210413TMX7316010203-002089pano_0000_001924_4.80847539842097_52.3516599869802.jpg,2021,4,13,Osdorp_Zuidoost,0,lon_480846901102073_lat_5235165292270903_radius_1_d0_l,lon_480846901102073_lat_5235165292270903_radius_1,0,l
ATM_square_equirectangular/Steigereiland_West/lon_49774913980007_lat_52360619388721844_radius_1_d-300_b/20160606TMX7315120208-000067pano_0015_000242_4.9774949369783_52.3606180015787.jpg,2016,6,6,Steigereiland_West,0,lon_49774913980007_lat_52360619388721844_radius_1_d-300_b,lon_49774913980007_lat_52360619388721844_radius_1,-300,b
ATM_square_equirectangular/Steigereiland_West/lon_49774913980007_lat_52360619388721844_radius_1_d-300_b/20180518TMX7316010203-000743pano_0000_005229_4.97749596172375_52.3606159559771.jpg,2018,5,18,Steigereiland_West,1,lon_49774913980007_lat_52360619388721844_radius_1_d-300_b,lon_49774913980007_lat_52360619388721844_radius_1,-300,b
ATM_square_equirectangular/Steigereiland_West/lon_49774913980007_lat_52360619388721844_radius_1_d-300_b/20191128TMX7316010203-001471pano_0003_000066_4.9774905396037_52.3606215506799.jpg,2019,11,28,Steigereiland_West,0,lon_49774913980007_lat_52360619388721844_radius_1_d-300_b,lon_49774913980007_lat_52360619388721844_radius_1,-300,b
ATM_square_equirectangular/Steigereiland_West/lon_49774913980007_lat_52360619388721844_radius_1_d-300_b/20200624TMX7316010203-001764pano_0001_002186_4.97748055149256_52.3606197259177.jpg,2020,6,24,Steigereiland_West,0,lon_49774913980007_lat_52360619388721844_radius_1_d-300_b,lon_49774913980007_lat_52360619388721844_radius_1,-300,b
ATM_square_equirectangular/Steigereiland_West/lon_49774913980007_lat_52360619388721844_radius_1_d-300_b/20210601TMX7316010203-002149pano_0001_000726_4.97749500020519_52.3606217094558.jpg,2021,6,1,Steigereiland_West,0,lon_49774913980007_lat_52360619388721844_radius_1_d-300_b,lon_49774913980007_lat_52360619388721844_radius_1,-300,b
ATM_square_equirectangular/Steigereiland_West/lon_49774913980007_lat_52360619388721844_radius_1_d-300_b/20220517TMX7316010203-002581pano_0000_000578_4.97748030565285_52.3606188692419.jpg,2022,5,17,Steigereiland_West,0,lon_49774913980007_lat_52360619388721844_radius_1_d-300_b,lon_49774913980007_lat_52360619388721844_radius_1,-300,b
ATM_square_equirectangular/Rieteiland_Oost/lon_5003542627595427_lat_52346107332014604_radius_1_d150_l/20160606TMX7315120208-000068pano_0005_000760_5.00354245070838_52.3461111082369.jpg,2016,6,6,Rieteiland_Oost,0,lon_5003542627595427_lat_52346107332014604_radius_1_d150_l,lon_5003542627595427_lat_52346107332014604_radius_1,150,l
ATM_square_equirectangular/Rieteiland_Oost/lon_5003542627595427_lat_52346107332014604_radius_1_d150_l/20170403TMX7316010203-000241pano_0000_001837_5.00354131827997_52.3461063251572.jpg,2017,4,3,Rieteiland_Oost,1,lon_5003542627595427_lat_52346107332014604_radius_1_d150_l,lon_5003542627595427_lat_52346107332014604_radius_1,150,l
ATM_square_equirectangular/Rieteiland_Oost/lon_5003542627595427_lat_52346107332014604_radius_1_d150_l/20180517TMX7316010203-000741pano_0000_003771_5.00354411379793_52.3461045626497.jpg,2018,5,17,Rieteiland_Oost,1,lon_5003542627595427_lat_52346107332014604_radius_1_d150_l,lon_5003542627595427_lat_52346107332014604_radius_1,150,l
ATM_square_equirectangular/Rieteiland_Oost/lon_5003542627595427_lat_52346107332014604_radius_1_d150_f/20160606TMX7315120208-000068pano_0005_000760_5.00354245070838_52.3461111082369.jpg,2016,6,6,Rieteiland_Oost,0,lon_5003542627595427_lat_52346107332014604_radius_1_d150_f,lon_5003542627595427_lat_52346107332014604_radius_1,150,f
ATM_square_equirectangular/Rieteiland_Oost/lon_5003542627595427_lat_52346107332014604_radius_1_d150_f/20170403TMX7316010203-000241pano_0000_001837_5.00354131827997_52.3461063251572.jpg,2017,4,3,Rieteiland_Oost,1,lon_5003542627595427_lat_52346107332014604_radius_1_d150_f,lon_5003542627595427_lat_52346107332014604_radius_1,150,f
ATM_square_equirectangular/Rieteiland_Oost/lon_5003542627595427_lat_52346107332014604_radius_1_d150_f/20180517TMX7316010203-000741pano_0000_003771_5.00354411379793_52.3461045626497.jpg,2018,5,17,Rieteiland_Oost,0,lon_5003542627595427_lat_52346107332014604_radius_1_d150_f,lon_5003542627595427_lat_52346107332014604_radius_1,150,f
ATM_square_equirectangular/Rieteiland_Oost/lon_5003542627595427_lat_52346107332014604_radius_1_d150_b/20160606TMX7315120208-000068pano_0005_000760_5.00354245070838_52.3461111082369.jpg,2016,6,6,Rieteiland_Oost,0,lon_5003542627595427_lat_52346107332014604_radius_1_d150_b,lon_5003542627595427_lat_52346107332014604_radius_1,150,b
ATM_square_equirectangular/Rieteiland_Oost/lon_5003542627595427_lat_52346107332014604_radius_1_d150_b/20170403TMX7316010203-000241pano_0000_001837_5.00354131827997_52.3461063251572.jpg,2017,4,3,Rieteiland_Oost,1,lon_5003542627595427_lat_52346107332014604_radius_1_d150_b,lon_5003542627595427_lat_52346107332014604_radius_1,150,b
ATM_square_equirectangular/Rieteiland_Oost/lon_5003542627595427_lat_52346107332014604_radius_1_d150_b/20180517TMX7316010203-000741pano_0000_003771_5.00354411379793_52.3461045626497.jpg,2018,5,17,Rieteiland_Oost,1,lon_5003542627595427_lat_52346107332014604_radius_1_d150_b,lon_5003542627595427_lat_52346107332014604_radius_1,150,b
ATM_square_equirectangular/Linnaeusparkbuurt/lon_4932972021543672_lat_5235392085836215_radius_1_d0_l/20160418TMX7315120208-000030pano_0000_000301_4.93297129840294_52.3539198891822.jpg,2016,4,18,Linnaeusparkbuurt,0,lon_4932972021543672_lat_5235392085836215_radius_1_d0_l,lon_4932972021543672_lat_5235392085836215_radius_1,0,l
ATM_square_equirectangular/Linnaeusparkbuurt/lon_4932972021543672_lat_5235392085836215_radius_1_d0_l/20170330TMX7316010203-000232pano_0000_004204_4.93298039610775_52.3539215506916.jpg,2017,3,30,Linnaeusparkbuurt,1,lon_4932972021543672_lat_5235392085836215_radius_1_d0_l,lon_4932972021543672_lat_5235392085836215_radius_1,0,l
ATM_square_equirectangular/Linnaeusparkbuurt/lon_4932972021543672_lat_5235392085836215_radius_1_d0_l/20200129TMX7316010203-001603pano_0001_000048_4.93296256768562_52.3539185864682.jpg,2020,1,29,Linnaeusparkbuurt,0,lon_4932972021543672_lat_5235392085836215_radius_1_d0_l,lon_4932972021543672_lat_5235392085836215_radius_1,0,l
ATM_square_equirectangular/Linnaeusparkbuurt/lon_4932972021543672_lat_5235392085836215_radius_1_d0_l/20210531TMX7316010203-002143pano_0000_004054_4.93297382397838_52.3539234071066.jpg,2021,5,31,Linnaeusparkbuurt,0,lon_4932972021543672_lat_5235392085836215_radius_1_d0_l,lon_4932972021543672_lat_5235392085836215_radius_1,0,l
ATM_square_equirectangular/Uilenburg/lon_49075039124604425_lat_5236981911454203_radius_1_d300_l/20161124TMX7316010203-000190pano_0000_001534_4.90750688337184_52.3698175071031.jpg,2016,11,24,Uilenburg,0,lon_49075039124604425_lat_5236981911454203_radius_1_d300_l,lon_49075039124604425_lat_5236981911454203_radius_1,300,l
ATM_square_equirectangular/Uilenburg/lon_49075039124604425_lat_5236981911454203_radius_1_d300_l/20180508TMX7316010203-000711pano_0000_003494_4.907506142072_52.3698232980562.jpg,2018,5,8,Uilenburg,1,lon_49075039124604425_lat_5236981911454203_radius_1_d300_l,lon_49075039124604425_lat_5236981911454203_radius_1,300,l
ATM_square_equirectangular/Uilenburg/lon_49075039124604425_lat_5236981911454203_radius_1_d300_l/20210308TMX7316010203-002031pano_0002_000066_4.90749871193749_52.3698165384668.jpg,2021,3,8,Uilenburg,0,lon_49075039124604425_lat_5236981911454203_radius_1_d300_l,lon_49075039124604425_lat_5236981911454203_radius_1,300,l
ATM_square_equirectangular/Sportparkstad/lon_4837437023185507_lat_52372915418068665_radius_1_d0_f/20170510TMX7316010203-000293pano_0000_004708_4.83744821380042_52.3729150510531.jpg,2017,5,10,Sportparkstad,0,lon_4837437023185507_lat_52372915418068665_radius_1_d0_f,lon_4837437023185507_lat_52372915418068665_radius_1,0,f
ATM_square_equirectangular/Sportparkstad/lon_4837437023185507_lat_52372915418068665_radius_1_d0_f/20180108TMX7316010203-000535pano_0000_006525_4.83744165215843_52.3729132523682.jpg,2018,1,8,Sportparkstad,0,lon_4837437023185507_lat_52372915418068665_radius_1_d0_f,lon_4837437023185507_lat_52372915418068665_radius_1,0,f
ATM_square_equirectangular/Sportparkstad/lon_4837437023185507_lat_52372915418068665_radius_1_d0_f/20180706TMX7316010203-000828pano_0000_004993_4.83743084073185_52.3729179416623.jpg,2018,7,6,Sportparkstad,0,lon_4837437023185507_lat_52372915418068665_radius_1_d0_f,lon_4837437023185507_lat_52372915418068665_radius_1,0,f
ATM_square_equirectangular/Sportparkstad/lon_4837437023185507_lat_52372915418068665_radius_1_d0_f/20181220TMX7316010203-001028pano_0003_000063_4.83743149383637_52.3729218203586.jpg,2018,12,20,Sportparkstad,0,lon_4837437023185507_lat_52372915418068665_radius_1_d0_f,lon_4837437023185507_lat_52372915418068665_radius_1,0,f
ATM_square_equirectangular/Sportparkstad/lon_4837437023185507_lat_52372915418068665_radius_1_d0_f/20190724TMX7316010203-001326pano_0000_000400_4.83743458616272_52.3729086290101.jpg,2019,7,24,Sportparkstad,1,lon_4837437023185507_lat_52372915418068665_radius_1_d0_f,lon_4837437023185507_lat_52372915418068665_radius_1,0,f
ATM_square_equirectangular/Sportparkstad/lon_4837437023185507_lat_52372915418068665_radius_1_d0_f/20210331TMX7316010203-002073pano_0000_005425_4.83743535242325_52.3729158139597.jpg,2021,3,31,Sportparkstad,1,lon_4837437023185507_lat_52372915418068665_radius_1_d0_f,lon_4837437023185507_lat_52372915418068665_radius_1,0,f
ATM_square_equirectangular/Sportparkstad/lon_4837437023185507_lat_52372915418068665_radius_1_d0_r/20170510TMX7316010203-000293pano_0000_004708_4.83744821380042_52.3729150510531.jpg,2017,5,10,Sportparkstad,0,lon_4837437023185507_lat_52372915418068665_radius_1_d0_r,lon_4837437023185507_lat_52372915418068665_radius_1,0,r
ATM_square_equirectangular/Sportparkstad/lon_4837437023185507_lat_52372915418068665_radius_1_d0_r/20180108TMX7316010203-000535pano_0000_006525_4.83744165215843_52.3729132523682.jpg,2018,1,8,Sportparkstad,0,lon_4837437023185507_lat_52372915418068665_radius_1_d0_r,lon_4837437023185507_lat_52372915418068665_radius_1,0,r
ATM_square_equirectangular/Sportparkstad/lon_4837437023185507_lat_52372915418068665_radius_1_d0_r/20180706TMX7316010203-000828pano_0000_004993_4.83743084073185_52.3729179416623.jpg,2018,7,6,Sportparkstad,0,lon_4837437023185507_lat_52372915418068665_radius_1_d0_r,lon_4837437023185507_lat_52372915418068665_radius_1,0,r
ATM_square_equirectangular/Sportparkstad/lon_4837437023185507_lat_52372915418068665_radius_1_d0_r/20181220TMX7316010203-001028pano_0003_000063_4.83743149383637_52.3729218203586.jpg,2018,12,20,Sportparkstad,0,lon_4837437023185507_lat_52372915418068665_radius_1_d0_r,lon_4837437023185507_lat_52372915418068665_radius_1,0,r
ATM_square_equirectangular/Sportparkstad/lon_4837437023185507_lat_52372915418068665_radius_1_d0_r/20190724TMX7316010203-001326pano_0000_000400_4.83743458616272_52.3729086290101.jpg,2019,7,24,Sportparkstad,1,lon_4837437023185507_lat_52372915418068665_radius_1_d0_r,lon_4837437023185507_lat_52372915418068665_radius_1,0,r
ATM_square_equirectangular/Sportparkstad/lon_4837437023185507_lat_52372915418068665_radius_1_d0_r/20210331TMX7316010203-002073pano_0000_005425_4.83743535242325_52.3729158139597.jpg,2021,3,31,Sportparkstad,1,lon_4837437023185507_lat_52372915418068665_radius_1_d0_r,lon_4837437023185507_lat_52372915418068665_radius_1,0,r
ATM_square_equirectangular/Haveneiland_Noordwest/lon_4997311841987477_lat_5235896660714985_radius_1_d0_l/20160606TMX7315120208-000067pano_0024_000297_4.99731056994124_52.358972145589.jpg,2016,6,6,Haveneiland_Noordwest,0,lon_4997311841987477_lat_5235896660714985_radius_1_d0_l,lon_4997311841987477_lat_5235896660714985_radius_1,0,l
ATM_square_equirectangular/Haveneiland_Noordwest/lon_4997311841987477_lat_5235896660714985_radius_1_d0_l/20200203TMX7316010203-001617pano_0004_000060_4.99731119679954_52.3589650944732.jpg,2020,2,3,Haveneiland_Noordwest,1,lon_4997311841987477_lat_5235896660714985_radius_1_d0_l,lon_4997311841987477_lat_5235896660714985_radius_1,0,l
ATM_square_equirectangular/Haveneiland_Noordwest/lon_4997311841987477_lat_5235896660714985_radius_1_d0_l/20200622TMX7316010203-001754pano_0000_004598_4.99730782279717_52.3589619845926.jpg,2020,6,22,Haveneiland_Noordwest,0,lon_4997311841987477_lat_5235896660714985_radius_1_d0_l,lon_4997311841987477_lat_5235896660714985_radius_1,0,l
ATM_square_equirectangular/Haveneiland_Noordwest/lon_4997311841987477_lat_5235896660714985_radius_1_d0_l/20210601TMX7316010203-002149pano_0001_005307_4.99731777841196_52.3589672039446.jpg,2021,6,1,Haveneiland_Noordwest,0,lon_4997311841987477_lat_5235896660714985_radius_1_d0_l,lon_4997311841987477_lat_5235896660714985_radius_1,0,l
ATM_square_equirectangular/Haveneiland_Noordwest/lon_4997311841987477_lat_5235896660714985_radius_1_d0_l/20220513TMX7316010203-002580pano_0008_000937_4.99730049532993_52.3589675500204.jpg,2022,5,13,Haveneiland_Noordwest,0,lon_4997311841987477_lat_5235896660714985_radius_1_d0_l,lon_4997311841987477_lat_5235896660714985_radius_1,0,l
ATM_square_equirectangular/Haveneiland_Noordwest/lon_4997311841987477_lat_5235896660714985_radius_1_d0_b/20160606TMX7315120208-000067pano_0024_000297_4.99731056994124_52.358972145589.jpg,2016,6,6,Haveneiland_Noordwest,0,lon_4997311841987477_lat_5235896660714985_radius_1_d0_b,lon_4997311841987477_lat_5235896660714985_radius_1,0,b
ATM_square_equirectangular/Haveneiland_Noordwest/lon_4997311841987477_lat_5235896660714985_radius_1_d0_b/20200203TMX7316010203-001617pano_0004_000060_4.99731119679954_52.3589650944732.jpg,2020,2,3,Haveneiland_Noordwest,1,lon_4997311841987477_lat_5235896660714985_radius_1_d0_b,lon_4997311841987477_lat_5235896660714985_radius_1,0,b
ATM_square_equirectangular/Haveneiland_Noordwest/lon_4997311841987477_lat_5235896660714985_radius_1_d0_b/20200622TMX7316010203-001754pano_0000_004598_4.99730782279717_52.3589619845926.jpg,2020,6,22,Haveneiland_Noordwest,0,lon_4997311841987477_lat_5235896660714985_radius_1_d0_b,lon_4997311841987477_lat_5235896660714985_radius_1,0,b
ATM_square_equirectangular/Haveneiland_Noordwest/lon_4997311841987477_lat_5235896660714985_radius_1_d0_b/20210601TMX7316010203-002149pano_0001_005307_4.99731777841196_52.3589672039446.jpg,2021,6,1,Haveneiland_Noordwest,0,lon_4997311841987477_lat_5235896660714985_radius_1_d0_b,lon_4997311841987477_lat_5235896660714985_radius_1,0,b
ATM_square_equirectangular/Haveneiland_Noordwest/lon_4997311841987477_lat_5235896660714985_radius_1_d0_b/20220513TMX7316010203-002580pano_0008_000937_4.99730049532993_52.3589675500204.jpg,2022,5,13,Haveneiland_Noordwest,0,lon_4997311841987477_lat_5235896660714985_radius_1_d0_b,lon_4997311841987477_lat_5235896660714985_radius_1,0,b
ATM_square_equirectangular/Haveneiland_Noordwest/lon_4997698225051931_lat_52358755451130214_radius_1_d0_l/20160606TMX7315120208-000067pano_0024_000304_4.9976904688465_52.3587583747888.jpg,2016,6,6,Haveneiland_Noordwest,0,lon_4997698225051931_lat_52358755451130214_radius_1_d0_l,lon_4997698225051931_lat_52358755451130214_radius_1,0,l
ATM_square_equirectangular/Haveneiland_Noordwest/lon_4997698225051931_lat_52358755451130214_radius_1_d0_l/20170403TMX7316010203-000240pano_0001_002534_4.99770181358539_52.3587570937107.jpg,2017,4,3,Haveneiland_Noordwest,1,lon_4997698225051931_lat_52358755451130214_radius_1_d0_l,lon_4997698225051931_lat_52358755451130214_radius_1,0,l
ATM_square_equirectangular/Haveneiland_Noordwest/lon_4997698225051931_lat_52358755451130214_radius_1_d0_l/20180518TMX7316010203-000743pano_0000_000380_4.99770193356906_52.3587527809819.jpg,2018,5,18,Haveneiland_Noordwest,0,lon_4997698225051931_lat_52358755451130214_radius_1_d0_l,lon_4997698225051931_lat_52358755451130214_radius_1,0,l
ATM_square_equirectangular/Haveneiland_Noordwest/lon_4997698225051931_lat_52358755451130214_radius_1_d0_l/20200203TMX7316010203-001617pano_0004_000067_4.99768961952338_52.3587609853259.jpg,2020,2,3,Haveneiland_Noordwest,0,lon_4997698225051931_lat_52358755451130214_radius_1_d0_l,lon_4997698225051931_lat_52358755451130214_radius_1,0,l
ATM_square_equirectangular/Haveneiland_Noordwest/lon_4997698225051931_lat_52358755451130214_radius_1_d0_l/20200622TMX7316010203-001754pano_0000_004605_4.99769778577598_52.3587531086393.jpg,2020,6,22,Haveneiland_Noordwest,0,lon_4997698225051931_lat_52358755451130214_radius_1_d0_l,lon_4997698225051931_lat_52358755451130214_radius_1,0,l
ATM_square_equirectangular/Haveneiland_Noordwest/lon_4997698225051931_lat_52358755451130214_radius_1_d0_l/20220513TMX7316010203-002580pano_0008_000944_4.99769047544166_52.3587588020169.jpg,2022,5,13,Haveneiland_Noordwest,0,lon_4997698225051931_lat_52358755451130214_radius_1_d0_l,lon_4997698225051931_lat_52358755451130214_radius_1,0,l
ATM_square_equirectangular/Haveneiland_Noordwest/lon_4997698225051931_lat_52358755451130214_radius_1_d0_b/20160606TMX7315120208-000067pano_0024_000304_4.9976904688465_52.3587583747888.jpg,2016,6,6,Haveneiland_Noordwest,0,lon_4997698225051931_lat_52358755451130214_radius_1_d0_b,lon_4997698225051931_lat_52358755451130214_radius_1,0,b
ATM_square_equirectangular/Haveneiland_Noordwest/lon_4997698225051931_lat_52358755451130214_radius_1_d0_b/20170403TMX7316010203-000240pano_0001_002534_4.99770181358539_52.3587570937107.jpg,2017,4,3,Haveneiland_Noordwest,1,lon_4997698225051931_lat_52358755451130214_radius_1_d0_b,lon_4997698225051931_lat_52358755451130214_radius_1,0,b
ATM_square_equirectangular/Haveneiland_Noordwest/lon_4997698225051931_lat_52358755451130214_radius_1_d0_b/20180518TMX7316010203-000743pano_0000_000380_4.99770193356906_52.3587527809819.jpg,2018,5,18,Haveneiland_Noordwest,0,lon_4997698225051931_lat_52358755451130214_radius_1_d0_b,lon_4997698225051931_lat_52358755451130214_radius_1,0,b
ATM_square_equirectangular/Haveneiland_Noordwest/lon_4997698225051931_lat_52358755451130214_radius_1_d0_b/20200203TMX7316010203-001617pano_0004_000067_4.99768961952338_52.3587609853259.jpg,2020,2,3,Haveneiland_Noordwest,0,lon_4997698225051931_lat_52358755451130214_radius_1_d0_b,lon_4997698225051931_lat_52358755451130214_radius_1,0,b
ATM_square_equirectangular/Haveneiland_Noordwest/lon_4997698225051931_lat_52358755451130214_radius_1_d0_b/20200622TMX7316010203-001754pano_0000_004605_4.99769778577598_52.3587531086393.jpg,2020,6,22,Haveneiland_Noordwest,0,lon_4997698225051931_lat_52358755451130214_radius_1_d0_b,lon_4997698225051931_lat_52358755451130214_radius_1,0,b
ATM_square_equirectangular/Haveneiland_Noordwest/lon_4997698225051931_lat_52358755451130214_radius_1_d0_b/20220513TMX7316010203-002580pano_0008_000944_4.99769047544166_52.3587588020169.jpg,2022,5,13,Haveneiland_Noordwest,0,lon_4997698225051931_lat_52358755451130214_radius_1_d0_b,lon_4997698225051931_lat_52358755451130214_radius_1,0,b
ATM_square_equirectangular/Haveneiland_Noordwest/lon_4998470470392001_lat_5235834627209089_radius_1_d0_l/20160606TMX7315120208-000067pano_0024_000318_4.99847192878818_52.3583493736062.jpg,2016,6,6,Haveneiland_Noordwest,0,lon_4998470470392001_lat_5235834627209089_radius_1_d0_l,lon_4998470470392001_lat_5235834627209089_radius_1,0,l
ATM_square_equirectangular/Haveneiland_Noordwest/lon_4998470470392001_lat_5235834627209089_radius_1_d0_l/20170403TMX7316010203-000240pano_0001_002527_4.99848262747747_52.358346527773.jpg,2017,4,3,Haveneiland_Noordwest,1,lon_4998470470392001_lat_5235834627209089_radius_1_d0_l,lon_4998470470392001_lat_5235834627209089_radius_1,0,l
ATM_square_equirectangular/Haveneiland_Noordwest/lon_4998470470392001_lat_5235834627209089_radius_1_d0_l/20171130TMX7316010203-000503pano_0000_000072_4.99847951196686_52.3583399939936.jpg,2017,11,30,Haveneiland_Noordwest,0,lon_4998470470392001_lat_5235834627209089_radius_1_d0_l,lon_4998470470392001_lat_5235834627209089_radius_1,0,l
ATM_square_equirectangular/Haveneiland_Noordwest/lon_4998470470392001_lat_5235834627209089_radius_1_d0_l/20180518TMX7316010203-000743pano_0000_000394_4.9984601278112_52.3583486918032.jpg,2018,5,18,Haveneiland_Noordwest,0,lon_4998470470392001_lat_5235834627209089_radius_1_d0_l,lon_4998470470392001_lat_5235834627209089_radius_1,0,l
ATM_square_equirectangular/Haveneiland_Noordwest/lon_4998470470392001_lat_5235834627209089_radius_1_d0_l/20191128TMX7316010203-001472pano_0001_000326_4.99845838061311_52.3583500045156.jpg,2019,11,28,Haveneiland_Noordwest,0,lon_4998470470392001_lat_5235834627209089_radius_1_d0_l,lon_4998470470392001_lat_5235834627209089_radius_1,0,l
ATM_square_equirectangular/Haveneiland_Noordwest/lon_4998470470392001_lat_5235834627209089_radius_1_d0_l/20191210TMX7316010203-001507pano_0004_000129_4.99846850640186_52.3583513916542.jpg,2019,12,10,Haveneiland_Noordwest,0,lon_4998470470392001_lat_5235834627209089_radius_1_d0_l,lon_4998470470392001_lat_5235834627209089_radius_1,0,l
ATM_square_equirectangular/Haveneiland_Noordwest/lon_4998470470392001_lat_5235834627209089_radius_1_d0_l/20210601TMX7316010203-002149pano_0001_005328_4.99846566379135_52.3583469043282.jpg,2021,6,1,Haveneiland_Noordwest,0,lon_4998470470392001_lat_5235834627209089_radius_1_d0_l,lon_4998470470392001_lat_5235834627209089_radius_1,0,l
ATM_square_equirectangular/Haveneiland_Noordwest/lon_4998470470392001_lat_5235834627209089_radius_1_d0_l/20220513TMX7316010203-002580pano_0008_000958_4.99846615938679_52.3583440038022.jpg,2022,5,13,Haveneiland_Noordwest,0,lon_4998470470392001_lat_5235834627209089_radius_1_d0_l,lon_4998470470392001_lat_5235834627209089_radius_1,0,l
ATM_square_equirectangular/Haveneiland_Noordwest/lon_4998470470392001_lat_5235834627209089_radius_1_d0_b/20160606TMX7315120208-000067pano_0024_000318_4.99847192878818_52.3583493736062.jpg,2016,6,6,Haveneiland_Noordwest,0,lon_4998470470392001_lat_5235834627209089_radius_1_d0_b,lon_4998470470392001_lat_5235834627209089_radius_1,0,b
ATM_square_equirectangular/Haveneiland_Noordwest/lon_4998470470392001_lat_5235834627209089_radius_1_d0_b/20170403TMX7316010203-000240pano_0001_002527_4.99848262747747_52.358346527773.jpg,2017,4,3,Haveneiland_Noordwest,1,lon_4998470470392001_lat_5235834627209089_radius_1_d0_b,lon_4998470470392001_lat_5235834627209089_radius_1,0,b
ATM_square_equirectangular/Haveneiland_Noordwest/lon_4998470470392001_lat_5235834627209089_radius_1_d0_b/20171130TMX7316010203-000503pano_0000_000072_4.99847951196686_52.3583399939936.jpg,2017,11,30,Haveneiland_Noordwest,0,lon_4998470470392001_lat_5235834627209089_radius_1_d0_b,lon_4998470470392001_lat_5235834627209089_radius_1,0,b
ATM_square_equirectangular/Haveneiland_Noordwest/lon_4998470470392001_lat_5235834627209089_radius_1_d0_b/20180518TMX7316010203-000743pano_0000_000394_4.9984601278112_52.3583486918032.jpg,2018,5,18,Haveneiland_Noordwest,0,lon_4998470470392001_lat_5235834627209089_radius_1_d0_b,lon_4998470470392001_lat_5235834627209089_radius_1,0,b
ATM_square_equirectangular/Haveneiland_Noordwest/lon_4998470470392001_lat_5235834627209089_radius_1_d0_b/20191128TMX7316010203-001472pano_0001_000326_4.99845838061311_52.3583500045156.jpg,2019,11,28,Haveneiland_Noordwest,0,lon_4998470470392001_lat_5235834627209089_radius_1_d0_b,lon_4998470470392001_lat_5235834627209089_radius_1,0,b
ATM_square_equirectangular/Haveneiland_Noordwest/lon_4998470470392001_lat_5235834627209089_radius_1_d0_b/20191210TMX7316010203-001507pano_0004_000129_4.99846850640186_52.3583513916542.jpg,2019,12,10,Haveneiland_Noordwest,0,lon_4998470470392001_lat_5235834627209089_radius_1_d0_b,lon_4998470470392001_lat_5235834627209089_radius_1,0,b
ATM_square_equirectangular/Haveneiland_Noordwest/lon_4998470470392001_lat_5235834627209089_radius_1_d0_b/20210601TMX7316010203-002149pano_0001_005328_4.99846566379135_52.3583469043282.jpg,2021,6,1,Haveneiland_Noordwest,0,lon_4998470470392001_lat_5235834627209089_radius_1_d0_b,lon_4998470470392001_lat_5235834627209089_radius_1,0,b
ATM_square_equirectangular/Haveneiland_Noordwest/lon_4998470470392001_lat_5235834627209089_radius_1_d0_b/20220513TMX7316010203-002580pano_0008_000958_4.99846615938679_52.3583440038022.jpg,2022,5,13,Haveneiland_Noordwest,0,lon_4998470470392001_lat_5235834627209089_radius_1_d0_b,lon_4998470470392001_lat_5235834627209089_radius_1,0,b
ATM_square_equirectangular/Haveneiland_Noordwest/lon_4998690855352366_lat_52358228460396134_radius_1_d0_l/20160606TMX7315120208-000067pano_0024_000322_4.99869552710428_52.3582327898237.jpg,2016,6,6,Haveneiland_Noordwest,0,lon_4998690855352366_lat_52358228460396134_radius_1_d0_l,lon_4998690855352366_lat_52358228460396134_radius_1,0,l
ATM_square_equirectangular/Haveneiland_Noordwest/lon_4998690855352366_lat_52358228460396134_radius_1_d0_l/20171130TMX7316010203-000503pano_0000_000076_4.99869795310481_52.3582244203321.jpg,2017,11,30,Haveneiland_Noordwest,1,lon_4998690855352366_lat_52358228460396134_radius_1_d0_l,lon_4998690855352366_lat_52358228460396134_radius_1,0,l
ATM_square_equirectangular/Haveneiland_Noordwest/lon_4998690855352366_lat_52358228460396134_radius_1_d0_l/20180518TMX7316010203-000743pano_0000_000398_4.99868126607627_52.3582335263038.jpg,2018,5,18,Haveneiland_Noordwest,0,lon_4998690855352366_lat_52358228460396134_radius_1_d0_l,lon_4998690855352366_lat_52358228460396134_radius_1,0,l
ATM_square_equirectangular/Haveneiland_Noordwest/lon_4998690855352366_lat_52358228460396134_radius_1_d0_l/20210601TMX7316010203-002149pano_0001_005332_4.99868662770145_52.3582289510314.jpg,2021,6,1,Haveneiland_Noordwest,0,lon_4998690855352366_lat_52358228460396134_radius_1_d0_l,lon_4998690855352366_lat_52358228460396134_radius_1,0,l
ATM_square_equirectangular/Haveneiland_Noordwest/lon_4998690855352366_lat_52358228460396134_radius_1_d0_l/20220513TMX7316010203-002580pano_0008_000962_4.99869036181764_52.3582263610439.jpg,2022,5,13,Haveneiland_Noordwest,0,lon_4998690855352366_lat_52358228460396134_radius_1_d0_l,lon_4998690855352366_lat_52358228460396134_radius_1,0,l
ATM_square_equirectangular/Haveneiland_Noordwest/lon_4998327064333668_lat_5235741499833876_radius_1_d0_r/20160606TMX7315120208-000067pano_0027_000015_4.99832680593906_52.3574214199742.jpg,2016,6,6,Haveneiland_Noordwest,0,lon_4998327064333668_lat_5235741499833876_radius_1_d0_r,lon_4998327064333668_lat_5235741499833876_radius_1,0,r
ATM_square_equirectangular/Haveneiland_Noordwest/lon_4998327064333668_lat_5235741499833876_radius_1_d0_r/20171130TMX7316010203-000503pano_0000_000101_4.99832193659624_52.3574103252079.jpg,2017,11,30,Haveneiland_Noordwest,1,lon_4998327064333668_lat_5235741499833876_radius_1_d0_r,lon_4998327064333668_lat_5235741499833876_radius_1,0,r
ATM_square_equirectangular/Haveneiland_Noordwest/lon_4998327064333668_lat_5235741499833876_radius_1_d0_r/20180518TMX7316010203-000743pano_0000_000422_4.99832400116765_52.3574128327853.jpg,2018,5,18,Haveneiland_Noordwest,1,lon_4998327064333668_lat_5235741499833876_radius_1_d0_r,lon_4998327064333668_lat_5235741499833876_radius_1,0,r
ATM_square_equirectangular/Haveneiland_Noordwest/lon_4998327064333668_lat_5235741499833876_radius_1_d0_r/20191128TMX7316010203-001472pano_0001_000355_4.99832996828704_52.3574132800075.jpg,2019,11,28,Haveneiland_Noordwest,0,lon_4998327064333668_lat_5235741499833876_radius_1_d0_r,lon_4998327064333668_lat_5235741499833876_radius_1,0,r
ATM_square_equirectangular/Haveneiland_Noordwest/lon_4998327064333668_lat_5235741499833876_radius_1_d0_r/20200622TMX7316010203-001754pano_0000_004647_4.99832278321609_52.3574152440036.jpg,2020,6,22,Haveneiland_Noordwest,0,lon_4998327064333668_lat_5235741499833876_radius_1_d0_r,lon_4998327064333668_lat_5235741499833876_radius_1,0,r
ATM_square_equirectangular/Haveneiland_Noordwest/lon_4998327064333668_lat_5235741499833876_radius_1_d0_r/20220513TMX7316010203-002580pano_0008_000986_4.99832398500998_52.3574124458915.jpg,2022,5,13,Haveneiland_Noordwest,0,lon_4998327064333668_lat_5235741499833876_radius_1_d0_r,lon_4998327064333668_lat_5235741499833876_radius_1,0,r
ATM_square_equirectangular/Kolenkitbuurt_Noord/lon_4840211409881346_lat_523796866654379_radius_1_d-300_l/20180108TMX7316010203-000535pano_0000_008932_4.84021029855421_52.3796815889436.jpg,2018,1,8,Kolenkitbuurt_Noord,0,lon_4840211409881346_lat_523796866654379_radius_1_d-300_l,lon_4840211409881346_lat_523796866654379_radius_1,-300,l
ATM_square_equirectangular/Kolenkitbuurt_Noord/lon_4840211409881346_lat_523796866654379_radius_1_d-300_l/20180709TMX7316010203-000830pano_0000_000562_4.8402151447507_52.3796906351303.jpg,2018,7,9,Kolenkitbuurt_Noord,0,lon_4840211409881346_lat_523796866654379_radius_1_d-300_l,lon_4840211409881346_lat_523796866654379_radius_1,-300,l
ATM_square_equirectangular/Kolenkitbuurt_Noord/lon_4840211409881346_lat_523796866654379_radius_1_d-300_l/20190724TMX7316010203-001326pano_0000_003160_4.84020878633913_52.3796877722398.jpg,2019,7,24,Kolenkitbuurt_Noord,1,lon_4840211409881346_lat_523796866654379_radius_1_d-300_l,lon_4840211409881346_lat_523796866654379_radius_1,-300,l
ATM_square_equirectangular/Rieteiland_Oost/lon_5000315807135744_lat_5234707338152466_radius_1_d0_b/20170403TMX7316010203-000241pano_0000_001699_5.00030558578612_52.3470782969759.jpg,2017,4,3,Rieteiland_Oost,0,lon_5000315807135744_lat_5234707338152466_radius_1_d0_b,lon_5000315807135744_lat_5234707338152466_radius_1,0,b
ATM_square_equirectangular/Rieteiland_Oost/lon_5000315807135744_lat_5234707338152466_radius_1_d0_b/20180517TMX7316010203-000741pano_0000_003720_5.00032017775467_52.3470718188604.jpg,2018,5,17,Rieteiland_Oost,1,lon_5000315807135744_lat_5234707338152466_radius_1_d0_b,lon_5000315807135744_lat_5234707338152466_radius_1,0,b
ATM_square_equirectangular/Rieteiland_Oost/lon_5000315807135744_lat_5234707338152466_radius_1_d0_b/20200622TMX7316010203-001754pano_0000_006338_5.00031099246536_52.3470764103379.jpg,2020,6,22,Rieteiland_Oost,0,lon_5000315807135744_lat_5234707338152466_radius_1_d0_b,lon_5000315807135744_lat_5234707338152466_radius_1,0,b
ATM_square_equirectangular/Rieteiland_Oost/lon_5000315807135744_lat_5234707338152466_radius_1_d0_b/20210915TMX7316010203-002311pano_0004_000852_5.00031308196365_52.3470718032071.jpg,2021,9,15,Rieteiland_Oost,0,lon_5000315807135744_lat_5234707338152466_radius_1_d0_b,lon_5000315807135744_lat_5234707338152466_radius_1,0,b
ATM_square_equirectangular/De_Bongerd/lon_4903498831892193_lat_52407196019963465_radius_1_d0_f/20160614TMX7315120208-000085pano_0000_002279_4.90349501754878_52.4071956505519.jpg,2016,6,14,De_Bongerd,0,lon_4903498831892193_lat_52407196019963465_radius_1_d0_f,lon_4903498831892193_lat_52407196019963465_radius_1,0,f
ATM_square_equirectangular/De_Bongerd/lon_4903498831892193_lat_52407196019963465_radius_1_d0_f/20181219TMX7316010203-001026pano_0005_000633_4.90350603546766_52.4071945336621.jpg,2018,12,19,De_Bongerd,1,lon_4903498831892193_lat_52407196019963465_radius_1_d0_f,lon_4903498831892193_lat_52407196019963465_radius_1,0,f
ATM_square_equirectangular/De_Bongerd/lon_4903498831892193_lat_52407196019963465_radius_1_d0_f/20210624TMX7316010203-002191pano_0000_002843_4.90349544266014_52.4071978756764.jpg,2021,6,24,De_Bongerd,0,lon_4903498831892193_lat_52407196019963465_radius_1_d0_f,lon_4903498831892193_lat_52407196019963465_radius_1,0,f
ATM_square_equirectangular/De_Bongerd/lon_4903498831892193_lat_52407196019963465_radius_1_d0_f/20220510TMX7316010203-002570pano_0001_001229_4.90351059014868_52.4071996256085.jpg,2022,5,10,De_Bongerd,0,lon_4903498831892193_lat_52407196019963465_radius_1_d0_f,lon_4903498831892193_lat_52407196019963465_radius_1,0,f
ATM_square_equirectangular/Gelderlandpleinbuurt/lon_4870054377229345_lat_5233498654518585_radius_1_d0_f/20170411TMX7316010203-000257pano_0000_001816_4.8700635923485_52.3349886450088.jpg,2017,4,11,Gelderlandpleinbuurt,0,lon_4870054377229345_lat_5233498654518585_radius_1_d0_f,lon_4870054377229345_lat_5233498654518585_radius_1,0,f
ATM_square_equirectangular/Gelderlandpleinbuurt/lon_4870054377229345_lat_5233498654518585_radius_1_d0_f/20171220TMX7316010203-000521pano_0000_000890_4.87006444955797_52.3349825640484.jpg,2017,12,20,Gelderlandpleinbuurt,1,lon_4870054377229345_lat_5233498654518585_radius_1_d0_f,lon_4870054377229345_lat_5233498654518585_radius_1,0,f
ATM_square_equirectangular/Gelderlandpleinbuurt/lon_4870054377229345_lat_5233498654518585_radius_1_d0_f/20190103TMX7316010203-001034pano_0006_000462_4.87005040957246_52.334990778802.jpg,2019,1,3,Gelderlandpleinbuurt,0,lon_4870054377229345_lat_5233498654518585_radius_1_d0_f,lon_4870054377229345_lat_5233498654518585_radius_1,0,f
ATM_square_equirectangular/Gelderlandpleinbuurt/lon_4870054377229345_lat_5233498654518585_radius_1_d0_f/20190103TMX7316010203-001035pano_0003_000020_4.87004540671801_52.3349817193397.jpg,2019,1,3,Gelderlandpleinbuurt,0,lon_4870054377229345_lat_5233498654518585_radius_1_d0_f,lon_4870054377229345_lat_5233498654518585_radius_1,0,f
ATM_square_equirectangular/Gelderlandpleinbuurt/lon_4870054377229345_lat_5233498654518585_radius_1_d0_f/20190506TMX7316010203-001163pano_0000_004585_4.87004716619379_52.3349876637127.jpg,2019,5,6,Gelderlandpleinbuurt,0,lon_4870054377229345_lat_5233498654518585_radius_1_d0_f,lon_4870054377229345_lat_5233498654518585_radius_1,0,f
ATM_square_equirectangular/Gelderlandpleinbuurt/lon_4870054377229345_lat_5233498654518585_radius_1_d0_f/20200706TMX7316010203-001789pano_0002_004371_4.87005523898534_52.3349879002035.jpg,2020,7,6,Gelderlandpleinbuurt,0,lon_4870054377229345_lat_5233498654518585_radius_1_d0_f,lon_4870054377229345_lat_5233498654518585_radius_1,0,f
ATM_square_equirectangular/Gelderlandpleinbuurt/lon_4870054377229345_lat_5233498654518585_radius_1_d0_f/20220324TMX7316010203-002477pano_0000_000281_4.8700583697531_52.3349912042647.jpg,2022,3,24,Gelderlandpleinbuurt,0,lon_4870054377229345_lat_5233498654518585_radius_1_d0_f,lon_4870054377229345_lat_5233498654518585_radius_1,0,f
ATM_square_equirectangular/Rieteiland_Oost/lon_500061181950316_lat_52346811008378666_radius_1_d0_l/20160606TMX7315120208-000068pano_0005_000893_5.00061161844804_52.3468116236362.jpg,2016,6,6,Rieteiland_Oost,0,lon_500061181950316_lat_52346811008378666_radius_1_d0_l,lon_500061181950316_lat_52346811008378666_radius_1,0,l
ATM_square_equirectangular/Rieteiland_Oost/lon_500061181950316_lat_52346811008378666_radius_1_d0_l/20171130TMX7316010203-000502pano_0001_000166_5.00061292221518_52.3468088130139.jpg,2017,11,30,Rieteiland_Oost,1,lon_500061181950316_lat_52346811008378666_radius_1_d0_l,lon_500061181950316_lat_52346811008378666_radius_1,0,l
ATM_square_equirectangular/Rieteiland_Oost/lon_500061181950316_lat_52346811008378666_radius_1_d0_l/20200622TMX7316010203-001754pano_0000_006369_5.00061091784626_52.3468125884859.jpg,2020,6,22,Rieteiland_Oost,0,lon_500061181950316_lat_52346811008378666_radius_1_d0_l,lon_500061181950316_lat_52346811008378666_radius_1,0,l
ATM_square_equirectangular/Rieteiland_Oost/lon_500061181950316_lat_52346811008378666_radius_1_d0_b/20160606TMX7315120208-000068pano_0005_000893_5.00061161844804_52.3468116236362.jpg,2016,6,6,Rieteiland_Oost,0,lon_500061181950316_lat_52346811008378666_radius_1_d0_b,lon_500061181950316_lat_52346811008378666_radius_1,0,b
ATM_square_equirectangular/Rieteiland_Oost/lon_500061181950316_lat_52346811008378666_radius_1_d0_b/20171130TMX7316010203-000502pano_0001_000166_5.00061292221518_52.3468088130139.jpg,2017,11,30,Rieteiland_Oost,1,lon_500061181950316_lat_52346811008378666_radius_1_d0_b,lon_500061181950316_lat_52346811008378666_radius_1,0,b
ATM_square_equirectangular/Rieteiland_Oost/lon_500061181950316_lat_52346811008378666_radius_1_d0_b/20200622TMX7316010203-001754pano_0000_006369_5.00061091784626_52.3468125884859.jpg,2020,6,22,Rieteiland_Oost,0,lon_500061181950316_lat_52346811008378666_radius_1_d0_b,lon_500061181950316_lat_52346811008378666_radius_1,0,b
ATM_square_equirectangular/Buurt_7/lon_4799329584404282_lat_5237364230321382_radius_1_d0_r/20160824TMX7316010203-000083pano_0013_000160_4.79933059210037_52.3736405543425.jpg,2016,8,24,Buurt_7,0,lon_4799329584404282_lat_5237364230321382_radius_1_d0_r,lon_4799329584404282_lat_5237364230321382_radius_1,0,r
ATM_square_equirectangular/Buurt_7/lon_4799329584404282_lat_5237364230321382_radius_1_d0_r/20170519TMX7316010203-000302pano_0001_001691_4.7993250829869_52.3736420186948.jpg,2017,5,19,Buurt_7,1,lon_4799329584404282_lat_5237364230321382_radius_1_d0_r,lon_4799329584404282_lat_5237364230321382_radius_1,0,r
ATM_square_equirectangular/Buurt_7/lon_4799329584404282_lat_5237364230321382_radius_1_d0_r/20180702TMX7316010203-000819pano_0003_000415_4.79933619070629_52.3736384189397.jpg,2018,7,2,Buurt_7,1,lon_4799329584404282_lat_5237364230321382_radius_1_d0_r,lon_4799329584404282_lat_5237364230321382_radius_1,0,r
ATM_square_equirectangular/Buurt_7/lon_4799329584404282_lat_5237364230321382_radius_1_d0_r/20200819TMX7316010203-001882pano_0000_001113_4.79933005506123_52.3736438940488.jpg,2020,8,19,Buurt_7,0,lon_4799329584404282_lat_5237364230321382_radius_1_d0_r,lon_4799329584404282_lat_5237364230321382_radius_1,0,r
ATM_square_equirectangular/Buurt_7/lon_4799329584404282_lat_5237364230321382_radius_1_d0_r/20210401TMX7316010203-002077pano_0000_003386_4.79932600116662_52.3736466300433.jpg,2021,4,1,Buurt_7,0,lon_4799329584404282_lat_5237364230321382_radius_1_d0_r,lon_4799329584404282_lat_5237364230321382_radius_1,0,r
ATM_square_equirectangular/Haveneiland_Oost/lon_5013113911416557_lat_52348441564559636_radius_1_d0_b/20160606TMX7315120208-000068pano_0005_001437_5.01311355422038_52.3484398030446.jpg,2016,6,6,Haveneiland_Oost,0,lon_5013113911416557_lat_52348441564559636_radius_1_d0_b,lon_5013113911416557_lat_52348441564559636_radius_1,0,b
ATM_square_equirectangular/Haveneiland_Oost/lon_5013113911416557_lat_52348441564559636_radius_1_d0_b/20190517TMX7316010203-001192pano_0001_001600_5.0131116220618_52.3484452957571.jpg,2019,5,17,Haveneiland_Oost,1,lon_5013113911416557_lat_52348441564559636_radius_1_d0_b,lon_5013113911416557_lat_52348441564559636_radius_1,0,b
ATM_square_equirectangular/Haveneiland_Oost/lon_5013113911416557_lat_52348441564559636_radius_1_d0_b/20210915TMX7316010203-002311pano_0004_001818_5.01311655796749_52.3484395948772.jpg,2021,9,15,Haveneiland_Oost,0,lon_5013113911416557_lat_52348441564559636_radius_1_d0_b,lon_5013113911416557_lat_52348441564559636_radius_1,0,b
ATM_square_equirectangular/Haveneiland_Oost/lon_5013113911416557_lat_52348441564559636_radius_1_d0_l/20160606TMX7315120208-000068pano_0005_001437_5.01311355422038_52.3484398030446.jpg,2016,6,6,Haveneiland_Oost,0,lon_5013113911416557_lat_52348441564559636_radius_1_d0_l,lon_5013113911416557_lat_52348441564559636_radius_1,0,l
ATM_square_equirectangular/Haveneiland_Oost/lon_5013113911416557_lat_52348441564559636_radius_1_d0_l/20190517TMX7316010203-001192pano_0001_001600_5.0131116220618_52.3484452957571.jpg,2019,5,17,Haveneiland_Oost,1,lon_5013113911416557_lat_52348441564559636_radius_1_d0_l,lon_5013113911416557_lat_52348441564559636_radius_1,0,l
ATM_square_equirectangular/Haveneiland_Oost/lon_5013113911416557_lat_52348441564559636_radius_1_d0_l/20210915TMX7316010203-002311pano_0004_001818_5.01311655796749_52.3484395948772.jpg,2021,9,15,Haveneiland_Oost,0,lon_5013113911416557_lat_52348441564559636_radius_1_d0_l,lon_5013113911416557_lat_52348441564559636_radius_1,0,l
ATM_square_equirectangular/Overtoomse_veld_Zuid/lon_4836889342075152_lat_523620880475585_radius_1_d100_b/20161010TMX7316010203-000154pano_0000_006444_4.83688108509477_52.3620914594258.jpg,2016,10,10,Overtoomse_veld_Zuid,0,lon_4836889342075152_lat_523620880475585_radius_1_d100_b,lon_4836889342075152_lat_523620880475585_radius_1,100,b
ATM_square_equirectangular/Overtoomse_veld_Zuid/lon_4836889342075152_lat_523620880475585_radius_1_d100_b/20170510TMX7316010203-000293pano_0000_002506_4.83689871479878_52.3620854106741.jpg,2017,5,10,Overtoomse_veld_Zuid,1,lon_4836889342075152_lat_523620880475585_radius_1_d100_b,lon_4836889342075152_lat_523620880475585_radius_1,100,b
ATM_square_equirectangular/Overtoomse_veld_Zuid/lon_4836889342075152_lat_523620880475585_radius_1_d100_b/20180108TMX7316010203-000535pano_0000_005705_4.83689062115435_52.3620875963277.jpg,2018,1,8,Overtoomse_veld_Zuid,0,lon_4836889342075152_lat_523620880475585_radius_1_d100_b,lon_4836889342075152_lat_523620880475585_radius_1,100,b
ATM_square_equirectangular/Overtoomse_veld_Zuid/lon_4836889342075152_lat_523620880475585_radius_1_d100_b/20190712TMX7316010203-001310pano_0000_003603_4.83688694725271_52.3620877238064.jpg,2019,7,12,Overtoomse_veld_Zuid,0,lon_4836889342075152_lat_523620880475585_radius_1_d100_b,lon_4836889342075152_lat_523620880475585_radius_1,100,b
ATM_square_equirectangular/Overtoomse_veld_Zuid/lon_4836889342075152_lat_523620880475585_radius_1_d100_l/20161010TMX7316010203-000154pano_0000_006444_4.83688108509477_52.3620914594258.jpg,2016,10,10,Overtoomse_veld_Zuid,0,lon_4836889342075152_lat_523620880475585_radius_1_d100_l,lon_4836889342075152_lat_523620880475585_radius_1,100,l
ATM_square_equirectangular/Overtoomse_veld_Zuid/lon_4836889342075152_lat_523620880475585_radius_1_d100_l/20170510TMX7316010203-000293pano_0000_002506_4.83689871479878_52.3620854106741.jpg,2017,5,10,Overtoomse_veld_Zuid,0,lon_4836889342075152_lat_523620880475585_radius_1_d100_l,lon_4836889342075152_lat_523620880475585_radius_1,100,l
ATM_square_equirectangular/Overtoomse_veld_Zuid/lon_4836889342075152_lat_523620880475585_radius_1_d100_l/20180108TMX7316010203-000535pano_0000_005705_4.83689062115435_52.3620875963277.jpg,2018,1,8,Overtoomse_veld_Zuid,1,lon_4836889342075152_lat_523620880475585_radius_1_d100_l,lon_4836889342075152_lat_523620880475585_radius_1,100,l
ATM_square_equirectangular/Overtoomse_veld_Zuid/lon_4836889342075152_lat_523620880475585_radius_1_d100_l/20190712TMX7316010203-001310pano_0000_003603_4.83688694725271_52.3620877238064.jpg,2019,7,12,Overtoomse_veld_Zuid,0,lon_4836889342075152_lat_523620880475585_radius_1_d100_l,lon_4836889342075152_lat_523620880475585_radius_1,100,l
ATM_square_equirectangular/Buikslotermeerpleinbuurt/lon_4933541440325193_lat_523978123618607_radius_1_d300_f/20170516TMX7316010203-000298pano_0000_000916_4.93355048347742_52.397810239597.jpg,2017,5,16,Buikslotermeerpleinbuurt,0,lon_4933541440325193_lat_523978123618607_radius_1_d300_f,lon_4933541440325193_lat_523978123618607_radius_1,300,f
ATM_square_equirectangular/Buikslotermeerpleinbuurt/lon_4933541440325193_lat_523978123618607_radius_1_d300_f/20190627TMX7316010203-001255pano_0000_003770_4.93353987260898_52.3978135815014.jpg,2019,6,27,Buikslotermeerpleinbuurt,1,lon_4933541440325193_lat_523978123618607_radius_1_d300_f,lon_4933541440325193_lat_523978123618607_radius_1,300,f
ATM_square_equirectangular/Buikslotermeerpleinbuurt/lon_4933541440325193_lat_523978123618607_radius_1_d300_f/20200528TMX7316010203-001727pano_0000_002843_4.93353396488918_52.3978132644837.jpg,2020,5,28,Buikslotermeerpleinbuurt,0,lon_4933541440325193_lat_523978123618607_radius_1_d300_f,lon_4933541440325193_lat_523978123618607_radius_1,300,f
ATM_square_equirectangular/Delflandpleinbuurt_West/lon_4836785095896224_lat_52347711535556016_radius_1_d-200_r/20160728TMX7316010203-000031pano_0002_000520_4.83678439785102_52.3477138678034.jpg,2016,7,28,Delflandpleinbuurt_West,0,lon_4836785095896224_lat_52347711535556016_radius_1_d-200_r,lon_4836785095896224_lat_52347711535556016_radius_1,-200,r
ATM_square_equirectangular/Delflandpleinbuurt_West/lon_4836785095896224_lat_52347711535556016_radius_1_d-200_r/20180108TMX7316010203-000535pano_0000_004107_4.83679035038403_52.3477138754365.jpg,2018,1,8,Delflandpleinbuurt_West,1,lon_4836785095896224_lat_52347711535556016_radius_1_d-200_r,lon_4836785095896224_lat_52347711535556016_radius_1,-200,r
ATM_square_equirectangular/Delflandpleinbuurt_West/lon_4836785095896224_lat_52347711535556016_radius_1_d-200_r/20180622TMX7316010203-000803pano_0001_000462_4.83678452210961_52.3477109658838.jpg,2018,6,22,Delflandpleinbuurt_West,0,lon_4836785095896224_lat_52347711535556016_radius_1_d-200_r,lon_4836785095896224_lat_52347711535556016_radius_1,-200,r
ATM_square_equirectangular/Delflandpleinbuurt_West/lon_4836785095896224_lat_52347711535556016_radius_1_d-200_r/20190712TMX7316010203-001308pano_0000_000658_4.83678247783964_52.3477095087508.jpg,2019,7,12,Delflandpleinbuurt_West,1,lon_4836785095896224_lat_52347711535556016_radius_1_d-200_r,lon_4836785095896224_lat_52347711535556016_radius_1,-200,r
ATM_square_equirectangular/Delflandpleinbuurt_West/lon_4836785095896224_lat_52347711535556016_radius_1_d-200_r/20200508TMX7316010203-001697pano_0001_000273_4.83678248840571_52.3477093001576.jpg,2020,5,8,Delflandpleinbuurt_West,0,lon_4836785095896224_lat_52347711535556016_radius_1_d-200_r,lon_4836785095896224_lat_52347711535556016_radius_1,-200,r
ATM_square_equirectangular/Delflandpleinbuurt_West/lon_4836785095896224_lat_52347711535556016_radius_1_d-200_r/20210413TMX7316010203-002087pano_0000_001362_4.83678633878733_52.347711695304.jpg,2021,4,13,Delflandpleinbuurt_West,0,lon_4836785095896224_lat_52347711535556016_radius_1_d-200_r,lon_4836785095896224_lat_52347711535556016_radius_1,-200,r
ATM_square_equirectangular/Delflandpleinbuurt_West/lon_4836785095896224_lat_52347711535556016_radius_1_d-200_b/20160728TMX7316010203-000031pano_0002_000520_4.83678439785102_52.3477138678034.jpg,2016,7,28,Delflandpleinbuurt_West,0,lon_4836785095896224_lat_52347711535556016_radius_1_d-200_b,lon_4836785095896224_lat_52347711535556016_radius_1,-200,b
ATM_square_equirectangular/Delflandpleinbuurt_West/lon_4836785095896224_lat_52347711535556016_radius_1_d-200_b/20180108TMX7316010203-000535pano_0000_004107_4.83679035038403_52.3477138754365.jpg,2018,1,8,Delflandpleinbuurt_West,1,lon_4836785095896224_lat_52347711535556016_radius_1_d-200_b,lon_4836785095896224_lat_52347711535556016_radius_1,-200,b
ATM_square_equirectangular/Delflandpleinbuurt_West/lon_4836785095896224_lat_52347711535556016_radius_1_d-200_b/20180622TMX7316010203-000803pano_0001_000462_4.83678452210961_52.3477109658838.jpg,2018,6,22,Delflandpleinbuurt_West,0,lon_4836785095896224_lat_52347711535556016_radius_1_d-200_b,lon_4836785095896224_lat_52347711535556016_radius_1,-200,b
ATM_square_equirectangular/Delflandpleinbuurt_West/lon_4836785095896224_lat_52347711535556016_radius_1_d-200_b/20190712TMX7316010203-001308pano_0000_000658_4.83678247783964_52.3477095087508.jpg,2019,7,12,Delflandpleinbuurt_West,0,lon_4836785095896224_lat_52347711535556016_radius_1_d-200_b,lon_4836785095896224_lat_52347711535556016_radius_1,-200,b
ATM_square_equirectangular/Delflandpleinbuurt_West/lon_4836785095896224_lat_52347711535556016_radius_1_d-200_b/20200508TMX7316010203-001697pano_0001_000273_4.83678248840571_52.3477093001576.jpg,2020,5,8,Delflandpleinbuurt_West,0,lon_4836785095896224_lat_52347711535556016_radius_1_d-200_b,lon_4836785095896224_lat_52347711535556016_radius_1,-200,b
ATM_square_equirectangular/Delflandpleinbuurt_West/lon_4836785095896224_lat_52347711535556016_radius_1_d-200_b/20210413TMX7316010203-002087pano_0000_001362_4.83678633878733_52.347711695304.jpg,2021,4,13,Delflandpleinbuurt_West,0,lon_4836785095896224_lat_52347711535556016_radius_1_d-200_b,lon_4836785095896224_lat_52347711535556016_radius_1,-200,b
ATM_square_equirectangular/Parooldriehoek/lon_49121308632215595_lat_52354534101571005_radius_1_d0_l/20170410TMX7316010203-000254pano_0001_000510_4.91213202923554_52.3545309216228.jpg,2017,4,10,Parooldriehoek,0,lon_49121308632215595_lat_52354534101571005_radius_1_d0_l,lon_49121308632215595_lat_52354534101571005_radius_1,0,l
ATM_square_equirectangular/Parooldriehoek/lon_49121308632215595_lat_52354534101571005_radius_1_d0_l/20180515TMX7316010203-000723pano_0003_000103_4.91213093318688_52.3545376578383.jpg,2018,5,15,Parooldriehoek,0,lon_49121308632215595_lat_52354534101571005_radius_1_d0_l,lon_49121308632215595_lat_52354534101571005_radius_1,0,l
ATM_square_equirectangular/Parooldriehoek/lon_49121308632215595_lat_52354534101571005_radius_1_d0_l/20220425TMX7316010203-002542pano_0000_001062_4.91212498790691_52.3545409185533.jpg,2022,4,25,Parooldriehoek,1,lon_49121308632215595_lat_52354534101571005_radius_1_d0_l,lon_49121308632215595_lat_52354534101571005_radius_1,0,l
ATM_square_equirectangular/Park_Haagseweg/lon_4822386665716693_lat_52342818363180335_radius_1_d0_l/20180108TMX7316010203-000534pano_0001_000103_4.82237849456012_52.342814928041.jpg,2018,1,8,Park_Haagseweg,0,lon_4822386665716693_lat_52342818363180335_radius_1_d0_l,lon_4822386665716693_lat_52342818363180335_radius_1,0,l
ATM_square_equirectangular/Park_Haagseweg/lon_4822386665716693_lat_52342818363180335_radius_1_d0_l/20190102TMX7316010203-001033pano_0001_000299_4.82239458690268_52.3428235611729.jpg,2019,1,2,Park_Haagseweg,1,lon_4822386665716693_lat_52342818363180335_radius_1_d0_l,lon_4822386665716693_lat_52342818363180335_radius_1,0,l
ATM_square_equirectangular/Park_Haagseweg/lon_4822386665716693_lat_52342818363180335_radius_1_d0_l/20210226TMX7316010203-002030pano_0005_000078_4.82238691568728_52.3428166003271.jpg,2021,2,26,Park_Haagseweg,0,lon_4822386665716693_lat_52342818363180335_radius_1_d0_l,lon_4822386665716693_lat_52342818363180335_radius_1,0,l
ATM_square_equirectangular/Park_Haagseweg/lon_4822386665716693_lat_52342818363180335_radius_1_d0_l/20220322TMX7316010203-002466pano_0002_001593_4.82238956173296_52.3428251089723.jpg,2022,3,22,Park_Haagseweg,0,lon_4822386665716693_lat_52342818363180335_radius_1_d0_l,lon_4822386665716693_lat_52342818363180335_radius_1,0,l
ATM_square_equirectangular/Buurt_3/lon_4827257490241057_lat_523831469801504_radius_1_d0_l/20160818TMX7316010203-000079pano_0003_000361_4.82725146353935_52.3831497275946.jpg,2016,8,18,Buurt_3,0,lon_4827257490241057_lat_523831469801504_radius_1_d0_l,lon_4827257490241057_lat_523831469801504_radius_1,0,l
ATM_square_equirectangular/Buurt_3/lon_4827257490241057_lat_523831469801504_radius_1_d0_l/20200824TMX7316010203-001891pano_0000_001240_4.82726229550273_52.3831496915934.jpg,2020,8,24,Buurt_3,1,lon_4827257490241057_lat_523831469801504_radius_1_d0_l,lon_4827257490241057_lat_523831469801504_radius_1,0,l
ATM_square_equirectangular/Buurt_3/lon_4827257490241057_lat_523831469801504_radius_1_d0_l/20210329TMX7316010203-002067pano_0000_002239_4.82725871168109_52.3831415212632.jpg,2021,3,29,Buurt_3,0,lon_4827257490241057_lat_523831469801504_radius_1_d0_l,lon_4827257490241057_lat_523831469801504_radius_1,0,l
ATM_square_equirectangular/Buurt_3/lon_4827257490241057_lat_523831469801504_radius_1_d0_l/20220412TMX7316010203-002509pano_0004_000828_4.82725363929728_52.383146243649.jpg,2022,4,12,Buurt_3,0,lon_4827257490241057_lat_523831469801504_radius_1_d0_l,lon_4827257490241057_lat_523831469801504_radius_1,0,l
ATM_square_equirectangular/Swammerdambuurt/lon_4908017244129076_lat_5235830020049832_radius_1_d0_f/20160517TMX7315120208-000050pano_0001_000754_4.9080317715097_52.358300120784.jpg,2016,5,17,Swammerdambuurt,0,lon_4908017244129076_lat_5235830020049832_radius_1_d0_f,lon_4908017244129076_lat_5235830020049832_radius_1,0,f
ATM_square_equirectangular/Swammerdambuurt/lon_4908017244129076_lat_5235830020049832_radius_1_d0_f/20191219TMX7316010203-001527pano_0000_000222_4.90801829951123_52.3582993267062.jpg,2019,12,19,Swammerdambuurt,1,lon_4908017244129076_lat_5235830020049832_radius_1_d0_f,lon_4908017244129076_lat_5235830020049832_radius_1,0,f
ATM_square_equirectangular/Swammerdambuurt/lon_4908017244129076_lat_5235830020049832_radius_1_d0_f/20200429TMX7316010203-001681pano_0000_000403_4.90801343777117_52.3583017138538.jpg,2020,4,29,Swammerdambuurt,0,lon_4908017244129076_lat_5235830020049832_radius_1_d0_f,lon_4908017244129076_lat_5235830020049832_radius_1,0,f
ATM_square_equirectangular/Swammerdambuurt/lon_4908017244129076_lat_5235830020049832_radius_1_d0_f/20200904TMX7316010203-001906pano_0002_000050_4.90801104344113_52.3582999110021.jpg,2020,9,4,Swammerdambuurt,0,lon_4908017244129076_lat_5235830020049832_radius_1_d0_f,lon_4908017244129076_lat_5235830020049832_radius_1,0,f
ATM_square_equirectangular/Swammerdambuurt/lon_4908017244129076_lat_5235830020049832_radius_1_d0_f/20220426TMX7316010203-002544pano_0000_000029_4.9080063079391_52.3583004485329.jpg,2022,4,26,Swammerdambuurt,0,lon_4908017244129076_lat_5235830020049832_radius_1_d0_f,lon_4908017244129076_lat_5235830020049832_radius_1,0,f
ATM_square_equirectangular/Swammerdambuurt/lon_4908017244129076_lat_5235830020049832_radius_1_d0_f/20220613TMX7316010203-002591pano_0000_001352_4.90801630739629_52.3582986212626.jpg,2022,6,13,Swammerdambuurt,0,lon_4908017244129076_lat_5235830020049832_radius_1_d0_f,lon_4908017244129076_lat_5235830020049832_radius_1,0,f
ATM_square_equirectangular/Buurt_7/lon_4796615417886938_lat_52375553468531976_radius_1_d0_r/20160824TMX7316010203-000083pano_0012_000136_4.79660618028421_52.3755581305288.jpg,2016,8,24,Buurt_7,0,lon_4796615417886938_lat_52375553468531976_radius_1_d0_r,lon_4796615417886938_lat_52375553468531976_radius_1,0,r
ATM_square_equirectangular/Buurt_7/lon_4796615417886938_lat_52375553468531976_radius_1_d0_r/20180705TMX7316010203-000826pano_0000_000570_4.79661146467813_52.3755522673492.jpg,2018,7,5,Buurt_7,1,lon_4796615417886938_lat_52375553468531976_radius_1_d0_r,lon_4796615417886938_lat_52375553468531976_radius_1,0,r
ATM_square_equirectangular/Buurt_7/lon_4796615417886938_lat_52375553468531976_radius_1_d0_r/20200819TMX7316010203-001882pano_0000_002581_4.7966278076021_52.3755520964173.jpg,2020,8,19,Buurt_7,0,lon_4796615417886938_lat_52375553468531976_radius_1_d0_r,lon_4796615417886938_lat_52375553468531976_radius_1,0,r
ATM_square_equirectangular/Buurt_7/lon_4796615417886938_lat_52375553468531976_radius_1_d0_r/20210401TMX7316010203-002077pano_0000_003527_4.79661621898331_52.3755513798326.jpg,2021,4,1,Buurt_7,0,lon_4796615417886938_lat_52375553468531976_radius_1_d0_r,lon_4796615417886938_lat_52375553468531976_radius_1,0,r
ATM_square_equirectangular/Buurt_7/lon_4796615417886938_lat_52375553468531976_radius_1_d0_b/20160824TMX7316010203-000083pano_0012_000136_4.79660618028421_52.3755581305288.jpg,2016,8,24,Buurt_7,0,lon_4796615417886938_lat_52375553468531976_radius_1_d0_b,lon_4796615417886938_lat_52375553468531976_radius_1,0,b
ATM_square_equirectangular/Buurt_7/lon_4796615417886938_lat_52375553468531976_radius_1_d0_b/20180705TMX7316010203-000826pano_0000_000570_4.79661146467813_52.3755522673492.jpg,2018,7,5,Buurt_7,1,lon_4796615417886938_lat_52375553468531976_radius_1_d0_b,lon_4796615417886938_lat_52375553468531976_radius_1,0,b
ATM_square_equirectangular/Buurt_7/lon_4796615417886938_lat_52375553468531976_radius_1_d0_b/20200819TMX7316010203-001882pano_0000_002581_4.7966278076021_52.3755520964173.jpg,2020,8,19,Buurt_7,0,lon_4796615417886938_lat_52375553468531976_radius_1_d0_b,lon_4796615417886938_lat_52375553468531976_radius_1,0,b
ATM_square_equirectangular/Buurt_7/lon_4796615417886938_lat_52375553468531976_radius_1_d0_b/20210401TMX7316010203-002077pano_0000_003527_4.79661621898331_52.3755513798326.jpg,2021,4,1,Buurt_7,0,lon_4796615417886938_lat_52375553468531976_radius_1_d0_b,lon_4796615417886938_lat_52375553468531976_radius_1,0,b
ATM_square_equirectangular/Buurt_7/lon_4796615417886938_lat_52375553468531976_radius_1_d0_l/20160824TMX7316010203-000083pano_0012_000136_4.79660618028421_52.3755581305288.jpg,2016,8,24,Buurt_7,0,lon_4796615417886938_lat_52375553468531976_radius_1_d0_l,lon_4796615417886938_lat_52375553468531976_radius_1,0,l
ATM_square_equirectangular/Buurt_7/lon_4796615417886938_lat_52375553468531976_radius_1_d0_l/20180705TMX7316010203-000826pano_0000_000570_4.79661146467813_52.3755522673492.jpg,2018,7,5,Buurt_7,1,lon_4796615417886938_lat_52375553468531976_radius_1_d0_l,lon_4796615417886938_lat_52375553468531976_radius_1,0,l
ATM_square_equirectangular/Buurt_7/lon_4796615417886938_lat_52375553468531976_radius_1_d0_l/20200819TMX7316010203-001882pano_0000_002581_4.7966278076021_52.3755520964173.jpg,2020,8,19,Buurt_7,0,lon_4796615417886938_lat_52375553468531976_radius_1_d0_l,lon_4796615417886938_lat_52375553468531976_radius_1,0,l
ATM_square_equirectangular/Buurt_7/lon_4796615417886938_lat_52375553468531976_radius_1_d0_l/20210401TMX7316010203-002077pano_0000_003527_4.79661621898331_52.3755513798326.jpg,2021,4,1,Buurt_7,0,lon_4796615417886938_lat_52375553468531976_radius_1_d0_l,lon_4796615417886938_lat_52375553468531976_radius_1,0,l
ATM_square_equirectangular/Buurt_7/lon_4795657656747257_lat_5237486321110847_radius_1_d0_r/20160824TMX7316010203-000083pano_0012_000172_4.79565411594767_52.3748682446281.jpg,2016,8,24,Buurt_7,0,lon_4795657656747257_lat_5237486321110847_radius_1_d0_r,lon_4795657656747257_lat_5237486321110847_radius_1,0,r
ATM_square_equirectangular/Buurt_7/lon_4795657656747257_lat_5237486321110847_radius_1_d0_r/20180705TMX7316010203-000826pano_0000_000655_4.79566251523524_52.374857176913.jpg,2018,7,5,Buurt_7,1,lon_4795657656747257_lat_5237486321110847_radius_1_d0_r,lon_4795657656747257_lat_5237486321110847_radius_1,0,r
ATM_square_equirectangular/Buurt_7/lon_4795657656747257_lat_5237486321110847_radius_1_d0_r/20210401TMX7316010203-002077pano_0000_003572_4.79565633905886_52.3748642117843.jpg,2021,4,1,Buurt_7,0,lon_4795657656747257_lat_5237486321110847_radius_1_d0_r,lon_4795657656747257_lat_5237486321110847_radius_1,0,r
ATM_square_equirectangular/Buurt_7/lon_4795657656747257_lat_5237486321110847_radius_1_d0_r/20220419TMX7316010203-002524pano_0004_000422_4.79564685373706_52.3748595184981.jpg,2022,4,19,Buurt_7,0,lon_4795657656747257_lat_5237486321110847_radius_1_d0_r,lon_4795657656747257_lat_5237486321110847_radius_1,0,r
ATM_square_equirectangular/Noordoever_Sloterplas/lon_482182290510989_lat_52373932775669026_radius_1_d0_b/20160818TMX7316010203-000080pano_0000_002199_4.82182608040158_52.3739326577594.jpg,2016,8,18,Noordoever_Sloterplas,0,lon_482182290510989_lat_52373932775669026_radius_1_d0_b,lon_482182290510989_lat_52373932775669026_radius_1,0,b
ATM_square_equirectangular/Noordoever_Sloterplas/lon_482182290510989_lat_52373932775669026_radius_1_d0_b/20170519TMX7316010203-000302pano_0001_003849_4.82183126268269_52.3739319398886.jpg,2017,5,19,Noordoever_Sloterplas,1,lon_482182290510989_lat_52373932775669026_radius_1_d0_b,lon_482182290510989_lat_52373932775669026_radius_1,0,b
ATM_square_equirectangular/Noordoever_Sloterplas/lon_482182290510989_lat_52373932775669026_radius_1_d0_b/20180706TMX7316010203-000828pano_0000_002013_4.82181633571662_52.3739344421239.jpg,2018,7,6,Noordoever_Sloterplas,1,lon_482182290510989_lat_52373932775669026_radius_1_d0_b,lon_482182290510989_lat_52373932775669026_radius_1,0,b
ATM_square_equirectangular/Noordoever_Sloterplas/lon_482182290510989_lat_52373932775669026_radius_1_d0_b/20200508TMX7316010203-001699pano_0000_005419_4.82182301241459_52.3739325322028.jpg,2020,5,8,Noordoever_Sloterplas,0,lon_482182290510989_lat_52373932775669026_radius_1_d0_b,lon_482182290510989_lat_52373932775669026_radius_1,0,b
ATM_square_equirectangular/Noordoever_Sloterplas/lon_482182290510989_lat_52373932775669026_radius_1_d0_b/20210331TMX7316010203-002073pano_0000_001525_4.82181783433397_52.3739323063704.jpg,2021,3,31,Noordoever_Sloterplas,0,lon_482182290510989_lat_52373932775669026_radius_1_d0_b,lon_482182290510989_lat_52373932775669026_radius_1,0,b
ATM_square_equirectangular/Noordoever_Sloterplas/lon_482182290510989_lat_52373932775669026_radius_1_d0_b/20220412TMX7316010203-002508pano_0005_000148_4.821837201291_52.3739326504437.jpg,2022,4,12,Noordoever_Sloterplas,0,lon_482182290510989_lat_52373932775669026_radius_1_d0_b,lon_482182290510989_lat_52373932775669026_radius_1,0,b
ATM_square_equirectangular/Rode_Kruisbuurt/lon_4930953055370375_lat_523955641223119_radius_1_d0_l/20160808TMX7316060226-000015pano_0000_002375_4.93095915075578_52.3955589913763.jpg,2016,8,8,Rode_Kruisbuurt,0,lon_4930953055370375_lat_523955641223119_radius_1_d0_l,lon_4930953055370375_lat_523955641223119_radius_1,0,l
ATM_square_equirectangular/Rode_Kruisbuurt/lon_4930953055370375_lat_523955641223119_radius_1_d0_l/20200528TMX7316010203-001727pano_0000_000077_4.93094503746152_52.395569433275.jpg,2020,5,28,Rode_Kruisbuurt,1,lon_4930953055370375_lat_523955641223119_radius_1_d0_l,lon_4930953055370375_lat_523955641223119_radius_1,0,l
ATM_square_equirectangular/Rode_Kruisbuurt/lon_4930953055370375_lat_523955641223119_radius_1_d0_l/20200602TMX7316010203-001732pano_0000_000778_4.93095957539671_52.3955628261925.jpg,2020,6,2,Rode_Kruisbuurt,0,lon_4930953055370375_lat_523955641223119_radius_1_d0_l,lon_4930953055370375_lat_523955641223119_radius_1,0,l
ATM_square_equirectangular/Rode_Kruisbuurt/lon_4930953055370375_lat_523955641223119_radius_1_d0_l/20210615TMX7316010203-002180pano_0000_003465_4.93094845786749_52.3955652384038.jpg,2021,6,15,Rode_Kruisbuurt,0,lon_4930953055370375_lat_523955641223119_radius_1_d0_l,lon_4930953055370375_lat_523955641223119_radius_1,0,l
ATM_square_equirectangular/Rode_Kruisbuurt/lon_4930953055370375_lat_523955641223119_radius_1_d0_b/20160808TMX7316060226-000015pano_0000_002375_4.93095915075578_52.3955589913763.jpg,2016,8,8,Rode_Kruisbuurt,0,lon_4930953055370375_lat_523955641223119_radius_1_d0_b,lon_4930953055370375_lat_523955641223119_radius_1,0,b
ATM_square_equirectangular/Rode_Kruisbuurt/lon_4930953055370375_lat_523955641223119_radius_1_d0_b/20200528TMX7316010203-001727pano_0000_000077_4.93094503746152_52.395569433275.jpg,2020,5,28,Rode_Kruisbuurt,1,lon_4930953055370375_lat_523955641223119_radius_1_d0_b,lon_4930953055370375_lat_523955641223119_radius_1,0,b
ATM_square_equirectangular/Rode_Kruisbuurt/lon_4930953055370375_lat_523955641223119_radius_1_d0_b/20200602TMX7316010203-001732pano_0000_000778_4.93095957539671_52.3955628261925.jpg,2020,6,2,Rode_Kruisbuurt,0,lon_4930953055370375_lat_523955641223119_radius_1_d0_b,lon_4930953055370375_lat_523955641223119_radius_1,0,b
ATM_square_equirectangular/Rode_Kruisbuurt/lon_4930953055370375_lat_523955641223119_radius_1_d0_b/20210615TMX7316010203-002180pano_0000_003465_4.93094845786749_52.3955652384038.jpg,2021,6,15,Rode_Kruisbuurt,0,lon_4930953055370375_lat_523955641223119_radius_1_d0_b,lon_4930953055370375_lat_523955641223119_radius_1,0,b
ATM_square_equirectangular/Venserpolder_Oost/lon_494677283181092_lat_523227131526021_radius_1_d0_r/20160712TMX7315120208-000110pano_0000_002074_4.94676820370942_52.3227068227943.jpg,2016,7,12,Venserpolder_Oost,0,lon_494677283181092_lat_523227131526021_radius_1_d0_r,lon_494677283181092_lat_523227131526021_radius_1,0,r
ATM_square_equirectangular/Venserpolder_Oost/lon_494677283181092_lat_523227131526021_radius_1_d0_r/20180712TMX7316010203-000836pano_0000_000578_4.9467727300534_52.3227193399932.jpg,2018,7,12,Venserpolder_Oost,1,lon_494677283181092_lat_523227131526021_radius_1_d0_r,lon_494677283181092_lat_523227131526021_radius_1,0,r
ATM_square_equirectangular/Venserpolder_Oost/lon_494677283181092_lat_523227131526021_radius_1_d0_r/20200630TMX7316010203-001780pano_0001_000033_4.94677756166994_52.3227132950188.jpg,2020,6,30,Venserpolder_Oost,0,lon_494677283181092_lat_523227131526021_radius_1_d0_r,lon_494677283181092_lat_523227131526021_radius_1,0,r
ATM_square_equirectangular/Rieteiland_Oost/lon_5002285480224131_lat_52345962769813916_radius_1_d0_l/20160606TMX7315120208-000068pano_0005_000987_5.00228463268059_52.3459612401609.jpg,2016,6,6,Rieteiland_Oost,0,lon_5002285480224131_lat_52345962769813916_radius_1_d0_l,lon_5002285480224131_lat_52345962769813916_radius_1,0,l
ATM_square_equirectangular/Rieteiland_Oost/lon_5002285480224131_lat_52345962769813916_radius_1_d0_l/20190517TMX7316010203-001192pano_0001_000265_5.00228345949801_52.3459554752624.jpg,2019,5,17,Rieteiland_Oost,1,lon_5002285480224131_lat_52345962769813916_radius_1_d0_l,lon_5002285480224131_lat_52345962769813916_radius_1,0,l
ATM_square_equirectangular/Rieteiland_Oost/lon_5002285480224131_lat_52345962769813916_radius_1_d0_l/20210915TMX7316010203-002311pano_0004_000979_5.00228494643911_52.3459649409529.jpg,2021,9,15,Rieteiland_Oost,0,lon_5002285480224131_lat_52345962769813916_radius_1_d0_l,lon_5002285480224131_lat_52345962769813916_radius_1,0,l
ATM_square_equirectangular/Rieteiland_Oost/lon_5002285480224131_lat_52345962769813916_radius_1_d0_r/20160606TMX7315120208-000068pano_0005_000987_5.00228463268059_52.3459612401609.jpg,2016,6,6,Rieteiland_Oost,0,lon_5002285480224131_lat_52345962769813916_radius_1_d0_r,lon_5002285480224131_lat_52345962769813916_radius_1,0,r
ATM_square_equirectangular/Rieteiland_Oost/lon_5002285480224131_lat_52345962769813916_radius_1_d0_r/20190517TMX7316010203-001192pano_0001_000265_5.00228345949801_52.3459554752624.jpg,2019,5,17,Rieteiland_Oost,1,lon_5002285480224131_lat_52345962769813916_radius_1_d0_r,lon_5002285480224131_lat_52345962769813916_radius_1,0,r
ATM_square_equirectangular/Rieteiland_Oost/lon_5002285480224131_lat_52345962769813916_radius_1_d0_r/20210915TMX7316010203-002311pano_0004_000979_5.00228494643911_52.3459649409529.jpg,2021,9,15,Rieteiland_Oost,0,lon_5002285480224131_lat_52345962769813916_radius_1_d0_r,lon_5002285480224131_lat_52345962769813916_radius_1,0,r
ATM_square_equirectangular/Haveneiland_Noordwest/lon_5002531561496258_lat_5235618453409363_radius_1_d0_b/20160606TMX7315120208-000067pano_0024_000391_5.00252800265116_52.3561815011164.jpg,2016,6,6,Haveneiland_Noordwest,0,lon_5002531561496258_lat_5235618453409363_radius_1_d0_b,lon_5002531561496258_lat_5235618453409363_radius_1,0,b
ATM_square_equirectangular/Haveneiland_Noordwest/lon_5002531561496258_lat_5235618453409363_radius_1_d0_b/20171130TMX7316010203-000503pano_0000_000344_5.00252612966057_52.3561858808139.jpg,2017,11,30,Haveneiland_Noordwest,1,lon_5002531561496258_lat_5235618453409363_radius_1_d0_b,lon_5002531561496258_lat_5235618453409363_radius_1,0,b
ATM_square_equirectangular/Haveneiland_Noordwest/lon_5002531561496258_lat_5235618453409363_radius_1_d0_b/20180518TMX7316010203-000742pano_0000_000265_5.00254024732771_52.3561799070136.jpg,2018,5,18,Haveneiland_Noordwest,0,lon_5002531561496258_lat_5235618453409363_radius_1_d0_b,lon_5002531561496258_lat_5235618453409363_radius_1,0,b
ATM_square_equirectangular/Haveneiland_Noordwest/lon_5002531561496258_lat_5235618453409363_radius_1_d0_b/20181217TMX7316010203-001018pano_0002_000669_5.00253186634559_52.3561908474306.jpg,2018,12,17,Haveneiland_Noordwest,0,lon_5002531561496258_lat_5235618453409363_radius_1_d0_b,lon_5002531561496258_lat_5235618453409363_radius_1,0,b
ATM_square_equirectangular/Haveneiland_Noordwest/lon_5002531561496258_lat_5235618453409363_radius_1_d0_l/20160606TMX7315120208-000067pano_0024_000391_5.00252800265116_52.3561815011164.jpg,2016,6,6,Haveneiland_Noordwest,0,lon_5002531561496258_lat_5235618453409363_radius_1_d0_l,lon_5002531561496258_lat_5235618453409363_radius_1,0,l
ATM_square_equirectangular/Haveneiland_Noordwest/lon_5002531561496258_lat_5235618453409363_radius_1_d0_l/20171130TMX7316010203-000503pano_0000_000344_5.00252612966057_52.3561858808139.jpg,2017,11,30,Haveneiland_Noordwest,1,lon_5002531561496258_lat_5235618453409363_radius_1_d0_l,lon_5002531561496258_lat_5235618453409363_radius_1,0,l
ATM_square_equirectangular/Haveneiland_Noordwest/lon_5002531561496258_lat_5235618453409363_radius_1_d0_l/20180518TMX7316010203-000742pano_0000_000265_5.00254024732771_52.3561799070136.jpg,2018,5,18,Haveneiland_Noordwest,0,lon_5002531561496258_lat_5235618453409363_radius_1_d0_l,lon_5002531561496258_lat_5235618453409363_radius_1,0,l
ATM_square_equirectangular/Haveneiland_Noordwest/lon_5002531561496258_lat_5235618453409363_radius_1_d0_l/20181217TMX7316010203-001018pano_0002_000669_5.00253186634559_52.3561908474306.jpg,2018,12,17,Haveneiland_Noordwest,0,lon_5002531561496258_lat_5235618453409363_radius_1_d0_l,lon_5002531561496258_lat_5235618453409363_radius_1,0,l
ATM_square_equirectangular/Noordwestkwadrant_Indische_buurt_Noord/lon_4939519105278114_lat_52365181857118024_radius_1_d0_l/20160511TMX7315120208-000047pano_0000_004267_4.93952046919573_52.3651827792262.jpg,2016,5,11,Noordwestkwadrant_Indische_buurt_Noord,0,lon_4939519105278114_lat_52365181857118024_radius_1_d0_l,lon_4939519105278114_lat_52365181857118024_radius_1,0,l
ATM_square_equirectangular/Noordwestkwadrant_Indische_buurt_Noord/lon_4939519105278114_lat_52365181857118024_radius_1_d0_l/20160512TMX7315120208-000048pano_0000_000396_4.93951689104459_52.3651786316884.jpg,2016,5,12,Noordwestkwadrant_Indische_buurt_Noord,0,lon_4939519105278114_lat_52365181857118024_radius_1_d0_l,lon_4939519105278114_lat_52365181857118024_radius_1,0,l
ATM_square_equirectangular/Noordwestkwadrant_Indische_buurt_Noord/lon_4939519105278114_lat_52365181857118024_radius_1_d0_l/20180523TMX7316010203-000747pano_0001_000722_4.93952243946713_52.3651835824805.jpg,2018,5,23,Noordwestkwadrant_Indische_buurt_Noord,1,lon_4939519105278114_lat_52365181857118024_radius_1_d0_l,lon_4939519105278114_lat_52365181857118024_radius_1,0,l
ATM_square_equirectangular/Noordwestkwadrant_Indische_buurt_Noord/lon_4939519105278114_lat_52365181857118024_radius_1_d0_l/20181211TMX7316010203-001008pano_0008_000433_4.93951918000395_52.365180601613.jpg,2018,12,11,Noordwestkwadrant_Indische_buurt_Noord,1,lon_4939519105278114_lat_52365181857118024_radius_1_d0_l,lon_4939519105278114_lat_52365181857118024_radius_1,0,l
ATM_square_equirectangular/Noordwestkwadrant_Indische_buurt_Noord/lon_4939519105278114_lat_52365181857118024_radius_1_d0_l/20190603TMX7316010203-001209pano_0000_000915_4.93951654667917_52.365183690582.jpg,2019,6,3,Noordwestkwadrant_Indische_buurt_Noord,0,lon_4939519105278114_lat_52365181857118024_radius_1_d0_l,lon_4939519105278114_lat_52365181857118024_radius_1,0,l
ATM_square_equirectangular/Noordwestkwadrant_Indische_buurt_Noord/lon_4939519105278114_lat_52365181857118024_radius_1_d0_l/20220831TMX7316010203-002778pano_0002_000596_4.93952348198738_52.3651869334175.jpg,2022,8,31,Noordwestkwadrant_Indische_buurt_Noord,1,lon_4939519105278114_lat_52365181857118024_radius_1_d0_l,lon_4939519105278114_lat_52365181857118024_radius_1,0,l
ATM_square_equirectangular/Rieteiland_Oost/lon_5002340423476026_lat_52346438418293616_radius_1_d0_l/20160606TMX7315120208-000068pano_0005_000973_5.00233129096299_52.3464347741613.jpg,2016,6,6,Rieteiland_Oost,0,lon_5002340423476026_lat_52346438418293616_radius_1_d0_l,lon_5002340423476026_lat_52346438418293616_radius_1,0,l
ATM_square_equirectangular/Rieteiland_Oost/lon_5002340423476026_lat_52346438418293616_radius_1_d0_l/20171130TMX7316010203-000502pano_0001_000267_5.00233991351691_52.3464413222458.jpg,2017,11,30,Rieteiland_Oost,1,lon_5002340423476026_lat_52346438418293616_radius_1_d0_l,lon_5002340423476026_lat_52346438418293616_radius_1,0,l
ATM_square_equirectangular/Rieteiland_Oost/lon_5002340423476026_lat_52346438418293616_radius_1_d0_l/20181217TMX7316010203-001018pano_0001_000413_5.00234607108432_52.3464412434133.jpg,2018,12,17,Rieteiland_Oost,0,lon_5002340423476026_lat_52346438418293616_radius_1_d0_l,lon_5002340423476026_lat_52346438418293616_radius_1,0,l
ATM_square_equirectangular/Rieteiland_Oost/lon_5002340423476026_lat_52346438418293616_radius_1_d0_l/20181217TMX7316010203-001018pano_0001_000692_5.00233185884275_52.3464408846678.jpg,2018,12,17,Rieteiland_Oost,0,lon_5002340423476026_lat_52346438418293616_radius_1_d0_l,lon_5002340423476026_lat_52346438418293616_radius_1,0,l
ATM_square_equirectangular/Rieteiland_Oost/lon_5002340423476026_lat_52346438418293616_radius_1_d0_l/20190517TMX7316010203-001192pano_0001_000241_5.00233376836383_52.3464376655399.jpg,2019,5,17,Rieteiland_Oost,0,lon_5002340423476026_lat_52346438418293616_radius_1_d0_l,lon_5002340423476026_lat_52346438418293616_radius_1,0,l
ATM_square_equirectangular/Rieteiland_Oost/lon_5002340423476026_lat_52346438418293616_radius_1_d0_l/20200203TMX7316010203-001617pano_0008_000060_5.00234459914797_52.3464345305907.jpg,2020,2,3,Rieteiland_Oost,0,lon_5002340423476026_lat_52346438418293616_radius_1_d0_l,lon_5002340423476026_lat_52346438418293616_radius_1,0,l
ATM_square_equirectangular/Rieteiland_Oost/lon_5002340423476026_lat_52346438418293616_radius_1_d0_l/20210915TMX7316010203-002311pano_0004_000951_5.00234148866285_52.3464354324144.jpg,2021,9,15,Rieteiland_Oost,0,lon_5002340423476026_lat_52346438418293616_radius_1_d0_l,lon_5002340423476026_lat_52346438418293616_radius_1,0,l
ATM_square_equirectangular/Rieteiland_Oost/lon_5002340423476026_lat_52346438418293616_radius_1_d0_l/20220117TMX7316010203-002419pano_0012_000138_5.00234114535304_52.3464368029974.jpg,2022,1,17,Rieteiland_Oost,0,lon_5002340423476026_lat_52346438418293616_radius_1_d0_l,lon_5002340423476026_lat_52346438418293616_radius_1,0,l
ATM_square_equirectangular/De_Bongerd/lon_4903905949255708_lat_5240965988244559_radius_1_d0_f/20190705TMX7316010203-001292pano_0000_009689_4.90390781018921_52.4096514491172.jpg,2019,7,5,De_Bongerd,0,lon_4903905949255708_lat_5240965988244559_radius_1_d0_f,lon_4903905949255708_lat_5240965988244559_radius_1,0,f
ATM_square_equirectangular/De_Bongerd/lon_4903905949255708_lat_5240965988244559_radius_1_d0_f/20191211TMX7316010203-001510pano_0000_000727_4.9038970112604_52.4096580320372.jpg,2019,12,11,De_Bongerd,0,lon_4903905949255708_lat_5240965988244559_radius_1_d0_f,lon_4903905949255708_lat_5240965988244559_radius_1,0,f
ATM_square_equirectangular/De_Bongerd/lon_4903905949255708_lat_5240965988244559_radius_1_d0_f/20200616TMX7316010203-001745pano_0000_001729_4.90390540797709_52.4096622377934.jpg,2020,6,16,De_Bongerd,0,lon_4903905949255708_lat_5240965988244559_radius_1_d0_f,lon_4903905949255708_lat_5240965988244559_radius_1,0,f
ATM_square_equirectangular/De_Bongerd/lon_4903905949255708_lat_5240965988244559_radius_1_d0_f/20210624TMX7316010203-002191pano_0000_002603_4.9039117107857_52.4096559348232.jpg,2021,6,24,De_Bongerd,0,lon_4903905949255708_lat_5240965988244559_radius_1_d0_f,lon_4903905949255708_lat_5240965988244559_radius_1,0,f
ATM_square_equirectangular/De_Bongerd/lon_4903905949255708_lat_5240965988244559_radius_1_d0_f/20211224TMX7316010203-002347pano_0006_000346_4.90389931336746_52.4096631091129.jpg,2021,12,24,De_Bongerd,0,lon_4903905949255708_lat_5240965988244559_radius_1_d0_f,lon_4903905949255708_lat_5240965988244559_radius_1,0,f
ATM_square_equirectangular/De_Bongerd/lon_4903905949255708_lat_5240965988244559_radius_1_d0_f/20220510TMX7316010203-002570pano_0001_001342_4.90390579377013_52.4096556829241.jpg,2022,5,10,De_Bongerd,0,lon_4903905949255708_lat_5240965988244559_radius_1_d0_f,lon_4903905949255708_lat_5240965988244559_radius_1,0,f
ATM_square_equirectangular/De_Bongerd/lon_4903905949255708_lat_5240965988244559_radius_1_d0_f/20221227TMX7316010203-002895pano_0022_000243_4.90390499748393_52.4096522625855.jpg,2022,12,27,De_Bongerd,1,lon_4903905949255708_lat_5240965988244559_radius_1_d0_f,lon_4903905949255708_lat_5240965988244559_radius_1,0,f
ATM_square_equirectangular/Science__Park_Noord/lon_4945674174619444_lat_5235766522739037_radius_1_d-300_r/20170404TMX7316010203-000242pano_0000_002519_4.94567155782827_52.3576670836042.jpg,2017,4,4,Science__Park_Noord,0,lon_4945674174619444_lat_5235766522739037_radius_1_d-300_r,lon_4945674174619444_lat_5235766522739037_radius_1,-300,r
ATM_square_equirectangular/Science__Park_Noord/lon_4945674174619444_lat_5235766522739037_radius_1_d-300_r/20180525TMX7316010203-000752pano_0000_004955_4.94568106191014_52.3576642908428.jpg,2018,5,25,Science__Park_Noord,1,lon_4945674174619444_lat_5235766522739037_radius_1_d-300_r,lon_4945674174619444_lat_5235766522739037_radius_1,-300,r
ATM_square_equirectangular/Science__Park_Noord/lon_4945674174619444_lat_5235766522739037_radius_1_d-300_r/20200507TMX7316010203-001693pano_0000_005688_4.94566416728847_52.3576635374813.jpg,2020,5,7,Science__Park_Noord,1,lon_4945674174619444_lat_5235766522739037_radius_1_d-300_r,lon_4945674174619444_lat_5235766522739037_radius_1,-300,r
ATM_square_equirectangular/Science__Park_Noord/lon_4945674174619444_lat_5235766522739037_radius_1_d-300_r/20210528TMX7316010203-002142pano_0000_000060_4.94565975260347_52.3576670819388.jpg,2021,5,28,Science__Park_Noord,0,lon_4945674174619444_lat_5235766522739037_radius_1_d-300_r,lon_4945674174619444_lat_5235766522739037_radius_1,-300,r
ATM_square_equirectangular/Science__Park_Noord/lon_4945674174619444_lat_5235766522739037_radius_1_d-300_r/20220518TMX7316010203-002585pano_0002_001189_4.94567215139746_52.3576668562213.jpg,2022,5,18,Science__Park_Noord,0,lon_4945674174619444_lat_5235766522739037_radius_1_d-300_r,lon_4945674174619444_lat_5235766522739037_radius_1,-300,r
ATM_square_equirectangular/De_Aker_Oost/lon_4792032766052612_lat_5234916402611761_radius_1_d0_r/20160802TMX7316010203-000039pano_0000_001129_4.79203711651622_52.3491655112443.jpg,2016,8,2,De_Aker_Oost,0,lon_4792032766052612_lat_5234916402611761_radius_1_d0_r,lon_4792032766052612_lat_5234916402611761_radius_1,0,r
ATM_square_equirectangular/De_Aker_Oost/lon_4792032766052612_lat_5234916402611761_radius_1_d0_r/20170503TMX7316010203-000284pano_0000_000238_4.79203342530428_52.3491654479467.jpg,2017,5,3,De_Aker_Oost,0,lon_4792032766052612_lat_5234916402611761_radius_1_d0_r,lon_4792032766052612_lat_5234916402611761_radius_1,0,r
ATM_square_equirectangular/De_Aker_Oost/lon_4792032766052612_lat_5234916402611761_radius_1_d0_r/20200211TMX7316010203-001638pano_0000_000068_4.79203014452553_52.3491614699033.jpg,2020,2,11,De_Aker_Oost,1,lon_4792032766052612_lat_5234916402611761_radius_1_d0_r,lon_4792032766052612_lat_5234916402611761_radius_1,0,r
ATM_square_equirectangular/De_Aker_Oost/lon_4792032766052612_lat_5234916402611761_radius_1_d0_r/20210222TMX7316010203-002023pano_0000_001584_4.79203359052942_52.3491556948038.jpg,2021,2,22,De_Aker_Oost,1,lon_4792032766052612_lat_5234916402611761_radius_1_d0_r,lon_4792032766052612_lat_5234916402611761_radius_1,0,r
ATM_square_equirectangular/De_Aker_Oost/lon_4792032766052612_lat_5234916402611761_radius_1_d0_r/20210419TMX7316010203-002104pano_0000_005509_4.79202955338761_52.34917200669.jpg,2021,4,19,De_Aker_Oost,0,lon_4792032766052612_lat_5234916402611761_radius_1_d0_r,lon_4792032766052612_lat_5234916402611761_radius_1,0,r
ATM_square_equirectangular/Park_Haagseweg/lon_4822315226181134_lat_5234221855825094_radius_1_d0_f/20191217TMX7316010203-001516pano_0000_000202_4.82231093656672_52.342212915821.jpg,2019,12,17,Park_Haagseweg,0,lon_4822315226181134_lat_5234221855825094_radius_1_d0_f,lon_4822315226181134_lat_5234221855825094_radius_1,0,f
ATM_square_equirectangular/Park_Haagseweg/lon_4822315226181134_lat_5234221855825094_radius_1_d0_f/20200813TMX7316010203-001873pano_0000_001286_4.82231517297856_52.3422159647432.jpg,2020,8,13,Park_Haagseweg,0,lon_4822315226181134_lat_5234221855825094_radius_1_d0_f,lon_4822315226181134_lat_5234221855825094_radius_1,0,f
ATM_square_equirectangular/Park_Haagseweg/lon_4822315226181134_lat_5234221855825094_radius_1_d0_f/20210226TMX7316010203-002030pano_0005_000065_4.82231386020609_52.3422229212086.jpg,2021,2,26,Park_Haagseweg,1,lon_4822315226181134_lat_5234221855825094_radius_1_d0_f,lon_4822315226181134_lat_5234221855825094_radius_1,0,f
ATM_square_equirectangular/Park_Haagseweg/lon_4822315226181134_lat_5234221855825094_radius_1_d0_f/20220126TMX7316010203-002441pano_0003_000020_4.82231638371661_52.3422137242298.jpg,2022,1,26,Park_Haagseweg,0,lon_4822315226181134_lat_5234221855825094_radius_1_d0_f,lon_4822315226181134_lat_5234221855825094_radius_1,0,f
ATM_square_equirectangular/Amsterdamse_Poort/lon_495084463793218_lat_5231498062458925_radius_1_d0_l/20160804TMX7316010203-000045pano_0000_003864_4.95084033949672_52.3149798423025.jpg,2016,8,4,Amsterdamse_Poort,0,lon_495084463793218_lat_5231498062458925_radius_1_d0_l,lon_495084463793218_lat_5231498062458925_radius_1,0,l
ATM_square_equirectangular/Amsterdamse_Poort/lon_495084463793218_lat_5231498062458925_radius_1_d0_l/20191202TMX7316010203-001476pano_0008_000184_4.9508323109452_52.3149785291271.jpg,2019,12,2,Amsterdamse_Poort,1,lon_495084463793218_lat_5231498062458925_radius_1_d0_l,lon_495084463793218_lat_5231498062458925_radius_1,0,l
ATM_square_equirectangular/Amsterdamse_Poort/lon_495084463793218_lat_5231498062458925_radius_1_d0_l/20200625TMX7316010203-001767pano_0000_005574_4.95084857970449_52.3149815423547.jpg,2020,6,25,Amsterdamse_Poort,0,lon_495084463793218_lat_5231498062458925_radius_1_d0_l,lon_495084463793218_lat_5231498062458925_radius_1,0,l
ATM_square_equirectangular/Amsterdamse_Poort/lon_495084463793218_lat_5231498062458925_radius_1_d0_l/20210614TMX7316010203-002170pano_0002_000581_4.95085732158231_52.3149825845727.jpg,2021,6,14,Amsterdamse_Poort,0,lon_495084463793218_lat_5231498062458925_radius_1_d0_l,lon_495084463793218_lat_5231498062458925_radius_1,0,l
ATM_square_equirectangular/Amsterdamse_Poort/lon_495084463793218_lat_5231498062458925_radius_1_d0_f/20160804TMX7316010203-000045pano_0000_003864_4.95084033949672_52.3149798423025.jpg,2016,8,4,Amsterdamse_Poort,0,lon_495084463793218_lat_5231498062458925_radius_1_d0_f,lon_495084463793218_lat_5231498062458925_radius_1,0,f
ATM_square_equirectangular/Amsterdamse_Poort/lon_495084463793218_lat_5231498062458925_radius_1_d0_f/20191202TMX7316010203-001476pano_0008_000184_4.9508323109452_52.3149785291271.jpg,2019,12,2,Amsterdamse_Poort,1,lon_495084463793218_lat_5231498062458925_radius_1_d0_f,lon_495084463793218_lat_5231498062458925_radius_1,0,f
ATM_square_equirectangular/Amsterdamse_Poort/lon_495084463793218_lat_5231498062458925_radius_1_d0_f/20200625TMX7316010203-001767pano_0000_005574_4.95084857970449_52.3149815423547.jpg,2020,6,25,Amsterdamse_Poort,0,lon_495084463793218_lat_5231498062458925_radius_1_d0_f,lon_495084463793218_lat_5231498062458925_radius_1,0,f
ATM_square_equirectangular/Amsterdamse_Poort/lon_495084463793218_lat_5231498062458925_radius_1_d0_f/20210614TMX7316010203-002170pano_0002_000581_4.95085732158231_52.3149825845727.jpg,2021,6,14,Amsterdamse_Poort,0,lon_495084463793218_lat_5231498062458925_radius_1_d0_f,lon_495084463793218_lat_5231498062458925_radius_1,0,f
ATM_square_equirectangular/Plantage/lon_4915597579131663_lat_52365107001032435_radius_1_d0_l/20180508TMX7316010203-000711pano_0000_001794_4.91559923770594_52.3651114009625.jpg,2018,5,8,Plantage,0,lon_4915597579131663_lat_52365107001032435_radius_1_d0_l,lon_4915597579131663_lat_52365107001032435_radius_1,0,l
ATM_square_equirectangular/Plantage/lon_4915597579131663_lat_52365107001032435_radius_1_d0_l/20200218TMX7316010203-001655pano_0003_000057_4.91559173079496_52.3651060978631.jpg,2020,2,18,Plantage,1,lon_4915597579131663_lat_52365107001032435_radius_1_d0_l,lon_4915597579131663_lat_52365107001032435_radius_1,0,l
ATM_square_equirectangular/Plantage/lon_4915597579131663_lat_52365107001032435_radius_1_d0_l/20200429TMX7316010203-001681pano_0000_001345_4.91560176889409_52.3651035042717.jpg,2020,4,29,Plantage,0,lon_4915597579131663_lat_52365107001032435_radius_1_d0_l,lon_4915597579131663_lat_52365107001032435_radius_1,0,l
ATM_square_equirectangular/Plantage/lon_4915597579131663_lat_52365107001032435_radius_1_d0_l/20230102TMX7316010203-002910pano_0013_000000_4.91558810780367_52.3651042013605.jpg,2023,1,2,Plantage,1,lon_4915597579131663_lat_52365107001032435_radius_1_d0_l,lon_4915597579131663_lat_52365107001032435_radius_1,0,l
ATM_square_equirectangular/Noordwestkwadrant_Indische_buurt_Noord/lon_4938709178277286_lat_5236538386798117_radius_1_d0_r/20160512TMX7315120208-000048pano_0000_000854_4.93870382593692_52.3653803827253.jpg,2016,5,12,Noordwestkwadrant_Indische_buurt_Noord,0,lon_4938709178277286_lat_5236538386798117_radius_1_d0_r,lon_4938709178277286_lat_5236538386798117_radius_1,0,r
ATM_square_equirectangular/Noordwestkwadrant_Indische_buurt_Noord/lon_4938709178277286_lat_5236538386798117_radius_1_d0_r/20180523TMX7316010203-000747pano_0001_000521_4.93871286951952_52.3653800609262.jpg,2018,5,23,Noordwestkwadrant_Indische_buurt_Noord,1,lon_4938709178277286_lat_5236538386798117_radius_1_d0_r,lon_4938709178277286_lat_5236538386798117_radius_1,0,r
ATM_square_equirectangular/Noordwestkwadrant_Indische_buurt_Noord/lon_4938709178277286_lat_5236538386798117_radius_1_d0_r/20181211TMX7316010203-001008pano_0009_000018_4.93871657334401_52.365385336369.jpg,2018,12,11,Noordwestkwadrant_Indische_buurt_Noord,1,lon_4938709178277286_lat_5236538386798117_radius_1_d0_r,lon_4938709178277286_lat_5236538386798117_radius_1,0,r
ATM_square_equirectangular/Noordwestkwadrant_Indische_buurt_Noord/lon_4938709178277286_lat_5236538386798117_radius_1_d0_r/20200507TMX7316010203-001693pano_0000_002973_4.93870374093213_52.3653777517702.jpg,2020,5,7,Noordwestkwadrant_Indische_buurt_Noord,1,lon_4938709178277286_lat_5236538386798117_radius_1_d0_r,lon_4938709178277286_lat_5236538386798117_radius_1,0,r
ATM_square_equirectangular/Noordwestkwadrant_Indische_buurt_Noord/lon_4938709178277286_lat_5236538386798117_radius_1_d0_r/20200908TMX7316010203-001910pano_0001_000459_4.93871000125602_52.3653762701912.jpg,2020,9,8,Noordwestkwadrant_Indische_buurt_Noord,0,lon_4938709178277286_lat_5236538386798117_radius_1_d0_r,lon_4938709178277286_lat_5236538386798117_radius_1,0,r
ATM_square_equirectangular/Noordwestkwadrant_Indische_buurt_Noord/lon_4938709178277286_lat_5236538386798117_radius_1_d0_r/20210512TMX7316010203-002139pano_0000_000731_4.9387131059054_52.3653914378202.jpg,2021,5,12,Noordwestkwadrant_Indische_buurt_Noord,0,lon_4938709178277286_lat_5236538386798117_radius_1_d0_r,lon_4938709178277286_lat_5236538386798117_radius_1,0,r
ATM_square_equirectangular/Spuistraat_Zuid/lon_4889404523779944_lat_52371708912895905_radius_1_d100_r/20160817TMX7316060226-000030pano_0005_000541_4.88940062289432_52.3717128466241.jpg,2016,8,17,Spuistraat_Zuid,0,lon_4889404523779944_lat_52371708912895905_radius_1_d100_r,lon_4889404523779944_lat_52371708912895905_radius_1,100,r
ATM_square_equirectangular/Spuistraat_Zuid/lon_4889404523779944_lat_52371708912895905_radius_1_d100_r/20190110TMX7316010203-001047pano_0000_003679_4.88941006864917_52.3717152731637.jpg,2019,1,10,Spuistraat_Zuid,1,lon_4889404523779944_lat_52371708912895905_radius_1_d100_r,lon_4889404523779944_lat_52371708912895905_radius_1,100,r
ATM_square_equirectangular/Spuistraat_Zuid/lon_4889404523779944_lat_52371708912895905_radius_1_d100_r/20190111TMX7316010203-001050pano_0000_000348_4.88940323963264_52.371713060787.jpg,2019,1,11,Spuistraat_Zuid,0,lon_4889404523779944_lat_52371708912895905_radius_1_d100_r,lon_4889404523779944_lat_52371708912895905_radius_1,100,r
ATM_square_equirectangular/Spuistraat_Zuid/lon_4889404523779944_lat_52371708912895905_radius_1_d100_r/20191308TMX7316010203-001544pano_0001_000533_4.88940240469184_52.37170482054.jpg,2019,13,8,Spuistraat_Zuid,0,lon_4889404523779944_lat_52371708912895905_radius_1_d100_r,lon_4889404523779944_lat_52371708912895905_radius_1,100,r
ATM_square_equirectangular/Spuistraat_Zuid/lon_4889404523779944_lat_52371708912895905_radius_1_d100_r/20230113TMX7316010203-002932pano_0001_000164_4.88939566443878_52.3717077259477.jpg,2023,1,13,Spuistraat_Zuid,0,lon_4889404523779944_lat_52371708912895905_radius_1_d100_r,lon_4889404523779944_lat_52371708912895905_radius_1,100,r
ATM_square_equirectangular/Elandsgrachtbuurt/lon_4879924931575312_lat_52369449609539224_radius_1_d0_f/20160817TMX7316010203-000076pano_0000_003453_4.87992604280665_52.3694483884055.jpg,2016,8,17,Elandsgrachtbuurt,0,lon_4879924931575312_lat_52369449609539224_radius_1_d0_f,lon_4879924931575312_lat_52369449609539224_radius_1,0,f
ATM_square_equirectangular/Elandsgrachtbuurt/lon_4879924931575312_lat_52369449609539224_radius_1_d0_f/20190111TMX7316010203-001048pano_0000_003241_4.87992777659089_52.3694500061586.jpg,2019,1,11,Elandsgrachtbuurt,1,lon_4879924931575312_lat_52369449609539224_radius_1_d0_f,lon_4879924931575312_lat_52369449609539224_radius_1,0,f
ATM_square_equirectangular/Elandsgrachtbuurt/lon_4879924931575312_lat_52369449609539224_radius_1_d0_f/20210317TMX7316010203-002044pano_0000_000149_4.87992592073305_52.369452226412.jpg,2021,3,17,Elandsgrachtbuurt,0,lon_4879924931575312_lat_52369449609539224_radius_1_d0_f,lon_4879924931575312_lat_52369449609539224_radius_1,0,f
ATM_square_equirectangular/Elandsgrachtbuurt/lon_4879924931575312_lat_52369449609539224_radius_1_d0_f/20220127TMX7316010203-002445pano_0006_000003_4.87991998617066_52.3694478171808.jpg,2022,1,27,Elandsgrachtbuurt,0,lon_4879924931575312_lat_52369449609539224_radius_1_d0_f,lon_4879924931575312_lat_52369449609539224_radius_1,0,f
ATM_square_equirectangular/Elandsgrachtbuurt/lon_4879924931575312_lat_52369449609539224_radius_1_d0_f/20230116TMX7316010203-002936pano_0015_000010_4.87992057076824_52.3694507753409.jpg,2023,1,16,Elandsgrachtbuurt,0,lon_4879924931575312_lat_52369449609539224_radius_1_d0_f,lon_4879924931575312_lat_52369449609539224_radius_1,0,f
ATM_square_equirectangular/Science__Park_Noord/lon_49478010404993915_lat_523564690250588_radius_1_d0_f/20160418TMX7315120208-000029pano_0000_002032_4.9478012207069_52.3564665696026.jpg,2016,4,18,Science__Park_Noord,0,lon_49478010404993915_lat_523564690250588_radius_1_d0_f,lon_49478010404993915_lat_523564690250588_radius_1,0,f
ATM_square_equirectangular/Science__Park_Noord/lon_49478010404993915_lat_523564690250588_radius_1_d0_f/20180525TMX7316010203-000752pano_0000_004915_4.94779146718702_52.3564714427468.jpg,2018,5,25,Science__Park_Noord,1,lon_49478010404993915_lat_523564690250588_radius_1_d0_f,lon_49478010404993915_lat_523564690250588_radius_1,0,f
ATM_square_equirectangular/Science__Park_Noord/lon_49478010404993915_lat_523564690250588_radius_1_d0_f/20191218TMX7316010203-001525pano_0000_001319_4.94780203144482_52.3564692317129.jpg,2019,12,18,Science__Park_Noord,0,lon_49478010404993915_lat_523564690250588_radius_1_d0_f,lon_49478010404993915_lat_523564690250588_radius_1,0,f
ATM_square_equirectangular/Science__Park_Noord/lon_49478010404993915_lat_523564690250588_radius_1_d0_f/20200507TMX7316010203-001693pano_0000_005649_4.94781302310203_52.3564707388679.jpg,2020,5,7,Science__Park_Noord,0,lon_49478010404993915_lat_523564690250588_radius_1_d0_f,lon_49478010404993915_lat_523564690250588_radius_1,0,f
ATM_square_equirectangular/Science__Park_Noord/lon_49478010404993915_lat_523564690250588_radius_1_d0_f/20210528TMX7316010203-002142pano_0000_000021_4.94779746005619_52.3564671423638.jpg,2021,5,28,Science__Park_Noord,0,lon_49478010404993915_lat_523564690250588_radius_1_d0_f,lon_49478010404993915_lat_523564690250588_radius_1,0,f
ATM_square_equirectangular/Schipluidenbuurt/lon_4838655062619025_lat_5235631253702653_radius_1_d0_f/20180108TMX7316010203-000534pano_0000_000189_4.8386504372913_52.3563181600544.jpg,2018,1,8,Schipluidenbuurt,0,lon_4838655062619025_lat_5235631253702653_radius_1_d0_f,lon_4838655062619025_lat_5235631253702653_radius_1,0,f
ATM_square_equirectangular/Schipluidenbuurt/lon_4838655062619025_lat_5235631253702653_radius_1_d0_f/20180108TMX7316010203-000535pano_0000_004633_4.83865357398484_52.3563166591328.jpg,2018,1,8,Schipluidenbuurt,0,lon_4838655062619025_lat_5235631253702653_radius_1_d0_f,lon_4838655062619025_lat_5235631253702653_radius_1,0,f
ATM_square_equirectangular/Schipluidenbuurt/lon_4838655062619025_lat_5235631253702653_radius_1_d0_f/20180704TMX7316010203-000824pano_0000_003940_4.83865706964582_52.3563111942065.jpg,2018,7,4,Schipluidenbuurt,1,lon_4838655062619025_lat_5235631253702653_radius_1_d0_f,lon_4838655062619025_lat_5235631253702653_radius_1,0,f
ATM_square_equirectangular/Schipluidenbuurt/lon_4838655062619025_lat_5235631253702653_radius_1_d0_f/20190102TMX7316010203-001031pano_0009_000707_4.83866081372174_52.3563084229649.jpg,2019,1,2,Schipluidenbuurt,1,lon_4838655062619025_lat_5235631253702653_radius_1_d0_f,lon_4838655062619025_lat_5235631253702653_radius_1,0,f
ATM_square_equirectangular/Schipluidenbuurt/lon_4838655062619025_lat_5235631253702653_radius_1_d0_f/20190712TMX7316010203-001310pano_0000_001188_4.83865513234737_52.3563107203276.jpg,2019,7,12,Schipluidenbuurt,0,lon_4838655062619025_lat_5235631253702653_radius_1_d0_f,lon_4838655062619025_lat_5235631253702653_radius_1,0,f
ATM_square_equirectangular/Schipluidenbuurt/lon_4838655062619025_lat_5235631253702653_radius_1_d0_f/20210219TMX7316010203-002020pano_0000_003417_4.83865334872308_52.356310065473.jpg,2021,2,19,Schipluidenbuurt,0,lon_4838655062619025_lat_5235631253702653_radius_1_d0_f,lon_4838655062619025_lat_5235631253702653_radius_1,0,f
ATM_square_equirectangular/Schipluidenbuurt/lon_4838655062619025_lat_5235631253702653_radius_1_d0_f/20220411TMX7316010203-002502pano_0002_002483_4.83864966843366_52.3563110019447.jpg,2022,4,11,Schipluidenbuurt,0,lon_4838655062619025_lat_5235631253702653_radius_1_d0_f,lon_4838655062619025_lat_5235631253702653_radius_1,0,f
ATM_square_equirectangular/Haveneiland_Oost/lon_5009586659570517_lat_5234745898693427_radius_1_d0_f/20160606TMX7315120208-000068pano_0005_002431_5.00959611533251_52.3474574658814.jpg,2016,6,6,Haveneiland_Oost,0,lon_5009586659570517_lat_5234745898693427_radius_1_d0_f,lon_5009586659570517_lat_5234745898693427_radius_1,0,f
ATM_square_equirectangular/Haveneiland_Oost/lon_5009586659570517_lat_5234745898693427_radius_1_d0_f/20180517TMX7316010203-000741pano_0000_002471_5.00958223636996_52.3474554639821.jpg,2018,5,17,Haveneiland_Oost,1,lon_5009586659570517_lat_5234745898693427_radius_1_d0_f,lon_5009586659570517_lat_5234745898693427_radius_1,0,f
ATM_square_equirectangular/Haveneiland_Oost/lon_5009586659570517_lat_5234745898693427_radius_1_d0_f/20200910TMX7316010203-001921pano_0001_000217_5.00958162700908_52.3474640309393.jpg,2020,9,10,Haveneiland_Oost,0,lon_5009586659570517_lat_5234745898693427_radius_1_d0_f,lon_5009586659570517_lat_5234745898693427_radius_1,0,f
ATM_square_equirectangular/De_Klenckebuurt/lon_4880934804799444_lat_5233506242709623_radius_1_d-200_f/20160621TMX7315080123-000308pano_0000_000996_4.88093740730815_52.3350587831178.jpg,2016,6,21,De_Klenckebuurt,0,lon_4880934804799444_lat_5233506242709623_radius_1_d-200_f,lon_4880934804799444_lat_5233506242709623_radius_1,-200,f
ATM_square_equirectangular/De_Klenckebuurt/lon_4880934804799444_lat_5233506242709623_radius_1_d-200_f/20190506TMX7316010203-001163pano_0000_004735_4.88093004933705_52.3350649941727.jpg,2019,5,6,De_Klenckebuurt,0,lon_4880934804799444_lat_5233506242709623_radius_1_d-200_f,lon_4880934804799444_lat_5233506242709623_radius_1,-200,f
ATM_square_equirectangular/De_Klenckebuurt/lon_4880934804799444_lat_5233506242709623_radius_1_d-200_f/20200911TMX7316010203-001923pano_0000_000318_4.88093695775313_52.3350635039982.jpg,2020,9,11,De_Klenckebuurt,1,lon_4880934804799444_lat_5233506242709623_radius_1_d-200_f,lon_4880934804799444_lat_5233506242709623_radius_1,-200,f
ATM_square_equirectangular/De_Klenckebuurt/lon_4880934804799444_lat_5233506242709623_radius_1_d-200_f/20220324TMX7316010203-002477pano_0000_000429_4.88094083998451_52.3350621063807.jpg,2022,3,24,De_Klenckebuurt,1,lon_4880934804799444_lat_5233506242709623_radius_1_d-200_f,lon_4880934804799444_lat_5233506242709623_radius_1,-200,f
ATM_square_equirectangular/Van_der_Pekbuurt/lon_4906895976341254_lat_5238466141770684_radius_1_d0_l/20170523TMX7316010203-000306pano_0000_001408_4.90690165590568_52.384660610793.jpg,2017,5,23,Van_der_Pekbuurt,0,lon_4906895976341254_lat_5238466141770684_radius_1_d0_l,lon_4906895976341254_lat_5238466141770684_radius_1,0,l
ATM_square_equirectangular/Van_der_Pekbuurt/lon_4906895976341254_lat_5238466141770684_radius_1_d0_l/20200603TMX7316010203-001735pano_0000_001829_4.90689531114339_52.3846625000253.jpg,2020,6,3,Van_der_Pekbuurt,1,lon_4906895976341254_lat_5238466141770684_radius_1_d0_l,lon_4906895976341254_lat_5238466141770684_radius_1,0,l
ATM_square_equirectangular/Van_der_Pekbuurt/lon_4906895976341254_lat_5238466141770684_radius_1_d0_l/20210920TMX7316010203-002318pano_0001_000599_4.90689096197469_52.3846611423022.jpg,2021,9,20,Van_der_Pekbuurt,1,lon_4906895976341254_lat_5238466141770684_radius_1_d0_l,lon_4906895976341254_lat_5238466141770684_radius_1,0,l
ATM_square_equirectangular/Van_der_Pekbuurt/lon_4906895976341254_lat_5238466141770684_radius_1_d0_l/20220510TMX7316010203-002569pano_0000_000334_4.90689866752586_52.3846596217869.jpg,2022,5,10,Van_der_Pekbuurt,1,lon_4906895976341254_lat_5238466141770684_radius_1_d0_l,lon_4906895976341254_lat_5238466141770684_radius_1,0,l
ATM_square_equirectangular/Buurt_7/lon_4801150408653283_lat_5237337701531264_radius_1_d0_l/20160815TMX7316060226-000020pano_0008_001290_4.80114474155251_52.3733719438164.jpg,2016,8,15,Buurt_7,0,lon_4801150408653283_lat_5237337701531264_radius_1_d0_l,lon_4801150408653283_lat_5237337701531264_radius_1,0,l
ATM_square_equirectangular/Buurt_7/lon_4801150408653283_lat_5237337701531264_radius_1_d0_l/20180705TMX7316010203-000827pano_0001_000104_4.80115243001136_52.3733816907019.jpg,2018,7,5,Buurt_7,1,lon_4801150408653283_lat_5237337701531264_radius_1_d0_l,lon_4801150408653283_lat_5237337701531264_radius_1,0,l
ATM_square_equirectangular/Buurt_7/lon_4801150408653283_lat_5237337701531264_radius_1_d0_l/20200819TMX7316010203-001882pano_0000_000266_4.80114864007582_52.3733726298724.jpg,2020,8,19,Buurt_7,0,lon_4801150408653283_lat_5237337701531264_radius_1_d0_l,lon_4801150408653283_lat_5237337701531264_radius_1,0,l
ATM_square_equirectangular/Buurt_7/lon_4801150408653283_lat_5237337701531264_radius_1_d0_l/20210401TMX7316010203-002077pano_0000_002932_4.80114569249839_52.3733743255751.jpg,2021,4,1,Buurt_7,0,lon_4801150408653283_lat_5237337701531264_radius_1_d0_l,lon_4801150408653283_lat_5237337701531264_radius_1,0,l
ATM_square_equirectangular/Buurt_3/lon_4822673680804113_lat_52382864693914755_radius_1_d0_f/20160818TMX7316010203-000079pano_0003_000032_4.82268731738609_52.3828629066226.jpg,2016,8,18,Buurt_3,0,lon_4822673680804113_lat_52382864693914755_radius_1_d0_f,lon_4822673680804113_lat_52382864693914755_radius_1,0,f
ATM_square_equirectangular/Buurt_3/lon_4822673680804113_lat_52382864693914755_radius_1_d0_f/20170522TMX7316010203-000305pano_0000_003581_4.8226759406995_52.3828651668423.jpg,2017,5,22,Buurt_3,0,lon_4822673680804113_lat_52382864693914755_radius_1_d0_f,lon_4822673680804113_lat_52382864693914755_radius_1,0,f
ATM_square_equirectangular/Buurt_3/lon_4822673680804113_lat_52382864693914755_radius_1_d0_f/20190724TMX7316010203-001326pano_0000_006203_4.82266922903543_52.3828656013356.jpg,2019,7,24,Buurt_3,1,lon_4822673680804113_lat_52382864693914755_radius_1_d0_f,lon_4822673680804113_lat_52382864693914755_radius_1,0,f
ATM_square_equirectangular/Buurt_3/lon_4822673680804113_lat_52382864693914755_radius_1_d0_f/20200824TMX7316010203-001891pano_0000_002626_4.82266223609543_52.3828651008585.jpg,2020,8,24,Buurt_3,0,lon_4822673680804113_lat_52382864693914755_radius_1_d0_f,lon_4822673680804113_lat_52382864693914755_radius_1,0,f
ATM_square_equirectangular/Buurt_3/lon_4822570696710111_lat_52383213826740075_radius_1_d0_l/20160818TMX7316010203-000079pano_0003_000008_4.82256499893713_52.383210373783.jpg,2016,8,18,Buurt_3,0,lon_4822570696710111_lat_52383213826740075_radius_1_d0_l,lon_4822570696710111_lat_52383213826740075_radius_1,0,l
ATM_square_equirectangular/Buurt_3/lon_4822570696710111_lat_52383213826740075_radius_1_d0_l/20190724TMX7316010203-001326pano_0000_005734_4.82256984703429_52.3832067093717.jpg,2019,7,24,Buurt_3,0,lon_4822570696710111_lat_52383213826740075_radius_1_d0_l,lon_4822570696710111_lat_52383213826740075_radius_1,0,l
ATM_square_equirectangular/Buurt_3/lon_4822570696710111_lat_52383213826740075_radius_1_d0_l/20200824TMX7316010203-001891pano_0000_001435_4.82257302282333_52.383217502465.jpg,2020,8,24,Buurt_3,1,lon_4822570696710111_lat_52383213826740075_radius_1_d0_l,lon_4822570696710111_lat_52383213826740075_radius_1,0,l
ATM_square_equirectangular/Buurt_3/lon_4822570696710111_lat_52383213826740075_radius_1_d0_l/20210329TMX7316010203-002067pano_0000_002098_4.82257438009913_52.3832113614645.jpg,2021,3,29,Buurt_3,0,lon_4822570696710111_lat_52383213826740075_radius_1_d0_l,lon_4822570696710111_lat_52383213826740075_radius_1,0,l
ATM_square_equirectangular/Buurt_3/lon_4822570696710111_lat_52383213826740075_radius_1_d0_l/20220412TMX7316010203-002509pano_0004_000997_4.82257631184766_52.3832103164302.jpg,2022,4,12,Buurt_3,0,lon_4822570696710111_lat_52383213826740075_radius_1_d0_l,lon_4822570696710111_lat_52383213826740075_radius_1,0,l
ATM_square_equirectangular/Dorp_Driemond/lon_5018390610771253_lat_523054939794188_radius_1_d0_r/20160615TMX7315120208-000086pano_0000_000661_5.01839407142276_52.3054941489078.jpg,2016,6,15,Dorp_Driemond,0,lon_5018390610771253_lat_523054939794188_radius_1_d0_r,lon_5018390610771253_lat_523054939794188_radius_1,0,r
ATM_square_equirectangular/Dorp_Driemond/lon_5018390610771253_lat_523054939794188_radius_1_d0_r/20170602TMX7316010203-000324pano_0000_001031_5.01838673781962_52.3054958016231.jpg,2017,6,2,Dorp_Driemond,1,lon_5018390610771253_lat_523054939794188_radius_1_d0_r,lon_5018390610771253_lat_523054939794188_radius_1,0,r
ATM_square_equirectangular/Dorp_Driemond/lon_5018390610771253_lat_523054939794188_radius_1_d0_r/20190612TMX7316010203-001215pano_0001_000852_5.01839102307138_52.3054919877255.jpg,2019,6,12,Dorp_Driemond,0,lon_5018390610771253_lat_523054939794188_radius_1_d0_r,lon_5018390610771253_lat_523054939794188_radius_1,0,r
ATM_square_equirectangular/Dorp_Driemond/lon_5018390610771253_lat_523054939794188_radius_1_d0_r/20220615TMX7316010203-002599pano_0000_000188_5.01839299320798_52.3055019342116.jpg,2022,6,15,Dorp_Driemond,0,lon_5018390610771253_lat_523054939794188_radius_1_d0_r,lon_5018390610771253_lat_523054939794188_radius_1,0,r
ATM_square_equirectangular/Johannnes_Vermeerbuurt/lon_4884554541450628_lat_523566870027596_radius_1_d0_r/20160803TMX7316060226-000012pano_0000_004196_4.88455176854439_52.3566833741191.jpg,2016,8,3,Johannnes_Vermeerbuurt,0,lon_4884554541450628_lat_523566870027596_radius_1_d0_r,lon_4884554541450628_lat_523566870027596_radius_1,0,r
ATM_square_equirectangular/Johannnes_Vermeerbuurt/lon_4884554541450628_lat_523566870027596_radius_1_d0_r/20170412TMX7316010203-000258pano_0002_002036_4.88456276280935_52.3566894168599.jpg,2017,4,12,Johannnes_Vermeerbuurt,0,lon_4884554541450628_lat_523566870027596_radius_1_d0_r,lon_4884554541450628_lat_523566870027596_radius_1,0,r
ATM_square_equirectangular/Johannnes_Vermeerbuurt/lon_4884554541450628_lat_523566870027596_radius_1_d0_r/20190502TMX7316010203-001153pano_0000_000417_4.88455382210812_52.3566902082741.jpg,2019,5,2,Johannnes_Vermeerbuurt,1,lon_4884554541450628_lat_523566870027596_radius_1_d0_r,lon_4884554541450628_lat_523566870027596_radius_1,0,r
ATM_square_equirectangular/Johannnes_Vermeerbuurt/lon_4884554541450628_lat_523566870027596_radius_1_d0_r/20210426TMX7316010203-002117pano_0000_003580_4.88454981234065_52.3566850117853.jpg,2021,4,26,Johannnes_Vermeerbuurt,1,lon_4884554541450628_lat_523566870027596_radius_1_d0_r,lon_4884554541450628_lat_523566870027596_radius_1,0,r
ATM_square_equirectangular/Johannnes_Vermeerbuurt/lon_4884554541450628_lat_523566870027596_radius_1_d0_r/20220321TMX7316010203-002455pano_0000_000159_4.88456517882602_52.3566812456458.jpg,2022,3,21,Johannnes_Vermeerbuurt,0,lon_4884554541450628_lat_523566870027596_radius_1_d0_r,lon_4884554541450628_lat_523566870027596_radius_1,0,r
ATM_square_equirectangular/Delflandpleinbuurt_West/lon_4837561846714361_lat_52348524215959856_radius_1_d0_r/20190102TMX7316010203-001031pano_0011_000718_4.83756959221003_52.3485299309057.jpg,2019,1,2,Delflandpleinbuurt_West,0,lon_4837561846714361_lat_52348524215959856_radius_1_d0_r,lon_4837561846714361_lat_52348524215959856_radius_1,0,r
ATM_square_equirectangular/Delflandpleinbuurt_West/lon_4837561846714361_lat_52348524215959856_radius_1_d0_r/20190712TMX7316010203-001308pano_0000_000710_4.83756950344551_52.3485189692618.jpg,2019,7,12,Delflandpleinbuurt_West,0,lon_4837561846714361_lat_52348524215959856_radius_1_d0_r,lon_4837561846714361_lat_52348524215959856_radius_1,0,r
ATM_square_equirectangular/Delflandpleinbuurt_West/lon_4837561846714361_lat_52348524215959856_radius_1_d0_r/20191218TMX7316010203-001523pano_0000_003078_4.83756871164443_52.3485248645832.jpg,2019,12,18,Delflandpleinbuurt_West,0,lon_4837561846714361_lat_52348524215959856_radius_1_d0_r,lon_4837561846714361_lat_52348524215959856_radius_1,0,r
ATM_square_equirectangular/Delflandpleinbuurt_West/lon_4837561846714361_lat_52348524215959856_radius_1_d0_r/20200827TMX7316010203-001894pano_0000_000141_4.83755893740507_52.3485269018649.jpg,2020,8,27,Delflandpleinbuurt_West,0,lon_4837561846714361_lat_52348524215959856_radius_1_d0_r,lon_4837561846714361_lat_52348524215959856_radius_1,0,r
ATM_square_equirectangular/Delflandpleinbuurt_West/lon_4837561846714361_lat_52348524215959856_radius_1_d0_r/20220106TMX7316010203-002393pano_0003_000059_4.83755234766414_52.348523376687.jpg,2022,1,6,Delflandpleinbuurt_West,1,lon_4837561846714361_lat_52348524215959856_radius_1_d0_r,lon_4837561846714361_lat_52348524215959856_radius_1,0,r
ATM_square_equirectangular/Delflandpleinbuurt_West/lon_4837561846714361_lat_52348524215959856_radius_1_d0_r/20220106TMX7316010203-002393pano_0003_000071_4.83756855926314_52.3485268832288.jpg,2022,1,6,Delflandpleinbuurt_West,0,lon_4837561846714361_lat_52348524215959856_radius_1_d0_r,lon_4837561846714361_lat_52348524215959856_radius_1,0,r
ATM_square_equirectangular/Delflandpleinbuurt_West/lon_4837561846714361_lat_52348524215959856_radius_1_d0_r/20221207TMX7316010203-002833pano_0004_000101_4.83755760446899_52.3485184129746.jpg,2022,12,7,Delflandpleinbuurt_West,0,lon_4837561846714361_lat_52348524215959856_radius_1_d0_r,lon_4837561846714361_lat_52348524215959856_radius_1,0,r
ATM_square_equirectangular/Houthavens_West/lon_4880330158342663_lat_523931314299611_radius_1_d0_f/20210224TMX7316010203-002026pano_0000_002927_4.88033945146866_52.3931357781255.jpg,2021,2,24,Houthavens_West,0,lon_4880330158342663_lat_523931314299611_radius_1_d0_f,lon_4880330158342663_lat_523931314299611_radius_1,0,f
ATM_square_equirectangular/Houthavens_West/lon_4880330158342663_lat_523931314299611_radius_1_d0_f/20210319TMX7316010203-002051pano_0000_000649_4.88032278596903_52.3931270839498.jpg,2021,3,19,Houthavens_West,0,lon_4880330158342663_lat_523931314299611_radius_1_d0_f,lon_4880330158342663_lat_523931314299611_radius_1,0,f
ATM_square_equirectangular/Houthavens_West/lon_4880330158342663_lat_523931314299611_radius_1_d0_f/20211230TMX7316010203-002366pano_0004_000067_4.8803282375903_52.393131427808.jpg,2021,12,30,Houthavens_West,0,lon_4880330158342663_lat_523931314299611_radius_1_d0_f,lon_4880330158342663_lat_523931314299611_radius_1,0,f
ATM_square_equirectangular/Houthavens_West/lon_4880330158342663_lat_523931314299611_radius_1_d0_f/20220408TMX7316010203-002498pano_0000_000051_4.88033226534737_52.3931286613825.jpg,2022,4,8,Houthavens_West,0,lon_4880330158342663_lat_523931314299611_radius_1_d0_f,lon_4880330158342663_lat_523931314299611_radius_1,0,f
ATM_square_equirectangular/Houthavens_West/lon_4880330158342663_lat_523931314299611_radius_1_d0_f/20221214TMX7316010203-002855pano_0000_000020_4.88033529601644_52.3931313587697.jpg,2022,12,14,Houthavens_West,1,lon_4880330158342663_lat_523931314299611_radius_1_d0_f,lon_4880330158342663_lat_523931314299611_radius_1,0,f
ATM_square_equirectangular/Houthavens_West/lon_48813395115047875_lat_5239358297038264_radius_1_d0_b/20171228TMX7316010203-000529pano_0000_000987_4.88133960070632_52.3935862485018.jpg,2017,12,28,Houthavens_West,0,lon_48813395115047875_lat_5239358297038264_radius_1_d0_b,lon_48813395115047875_lat_5239358297038264_radius_1,0,b
ATM_square_equirectangular/Houthavens_West/lon_48813395115047875_lat_5239358297038264_radius_1_d0_b/20180621TMX7316010203-000802pano_0000_000781_4.88133364166713_52.3935904355873.jpg,2018,6,21,Houthavens_West,0,lon_48813395115047875_lat_5239358297038264_radius_1_d0_b,lon_48813395115047875_lat_5239358297038264_radius_1,0,b
ATM_square_equirectangular/Houthavens_West/lon_48813395115047875_lat_5239358297038264_radius_1_d0_b/20190118TMX7316010203-001068pano_0000_001535_4.88133943058675_52.3935834355305.jpg,2019,1,18,Houthavens_West,1,lon_48813395115047875_lat_5239358297038264_radius_1_d0_b,lon_48813395115047875_lat_5239358297038264_radius_1,0,b
ATM_square_equirectangular/Houthavens_West/lon_48813395115047875_lat_5239358297038264_radius_1_d0_b/20200129TMX7316010203-001596pano_0000_000085_4.88133306631028_52.3935878386328.jpg,2020,1,29,Houthavens_West,0,lon_48813395115047875_lat_5239358297038264_radius_1_d0_b,lon_48813395115047875_lat_5239358297038264_radius_1,0,b
ATM_square_equirectangular/Houthavens_West/lon_48813395115047875_lat_5239358297038264_radius_1_d0_b/20200814TMX7316010203-001875pano_0003_001834_4.88133297721959_52.3935846899696.jpg,2020,8,14,Houthavens_West,0,lon_48813395115047875_lat_5239358297038264_radius_1_d0_b,lon_48813395115047875_lat_5239358297038264_radius_1,0,b
ATM_square_equirectangular/Houthavens_West/lon_48813395115047875_lat_5239358297038264_radius_1_d0_b/20210224TMX7316010203-002026pano_0000_003003_4.88134102998717_52.3935799869122.jpg,2021,2,24,Houthavens_West,0,lon_48813395115047875_lat_5239358297038264_radius_1_d0_b,lon_48813395115047875_lat_5239358297038264_radius_1,0,b
ATM_square_equirectangular/Houthavens_West/lon_48813395115047875_lat_5239358297038264_radius_1_d0_b/20211230TMX7316010203-002366pano_0004_000144_4.88132806915647_52.3935865923725.jpg,2021,12,30,Houthavens_West,0,lon_48813395115047875_lat_5239358297038264_radius_1_d0_b,lon_48813395115047875_lat_5239358297038264_radius_1,0,b
ATM_square_equirectangular/Houthavens_West/lon_48813395115047875_lat_5239358297038264_radius_1_d0_b/20211230TMX7316010203-002366pano_0004_000460_4.88134100970783_52.3935780791191.jpg,2021,12,30,Houthavens_West,0,lon_48813395115047875_lat_5239358297038264_radius_1_d0_b,lon_48813395115047875_lat_5239358297038264_radius_1,0,b
ATM_square_equirectangular/Houthavens_West/lon_48813395115047875_lat_5239358297038264_radius_1_d0_b/20220408TMX7316010203-002498pano_0000_000070_4.8813416341753_52.393576188982.jpg,2022,4,8,Houthavens_West,0,lon_48813395115047875_lat_5239358297038264_radius_1_d0_b,lon_48813395115047875_lat_5239358297038264_radius_1,0,b
ATM_square_equirectangular/Houthavens_West/lon_48813395115047875_lat_5239358297038264_radius_1_d0_b/20221214TMX7316010203-002855pano_0000_000074_4.88133753668096_52.3935865294934.jpg,2022,12,14,Houthavens_West,0,lon_48813395115047875_lat_5239358297038264_radius_1_d0_b,lon_48813395115047875_lat_5239358297038264_radius_1,0,b
ATM_square_equirectangular/Houthavens_West/lon_48813395115047875_lat_5239358297038264_radius_1_d0_l/20171228TMX7316010203-000529pano_0000_000987_4.88133960070632_52.3935862485018.jpg,2017,12,28,Houthavens_West,0,lon_48813395115047875_lat_5239358297038264_radius_1_d0_l,lon_48813395115047875_lat_5239358297038264_radius_1,0,l
ATM_square_equirectangular/Houthavens_West/lon_48813395115047875_lat_5239358297038264_radius_1_d0_l/20180621TMX7316010203-000802pano_0000_000781_4.88133364166713_52.3935904355873.jpg,2018,6,21,Houthavens_West,0,lon_48813395115047875_lat_5239358297038264_radius_1_d0_l,lon_48813395115047875_lat_5239358297038264_radius_1,0,l
ATM_square_equirectangular/Houthavens_West/lon_48813395115047875_lat_5239358297038264_radius_1_d0_l/20190118TMX7316010203-001068pano_0000_001535_4.88133943058675_52.3935834355305.jpg,2019,1,18,Houthavens_West,0,lon_48813395115047875_lat_5239358297038264_radius_1_d0_l,lon_48813395115047875_lat_5239358297038264_radius_1,0,l
ATM_square_equirectangular/Houthavens_West/lon_48813395115047875_lat_5239358297038264_radius_1_d0_l/20200129TMX7316010203-001596pano_0000_000085_4.88133306631028_52.3935878386328.jpg,2020,1,29,Houthavens_West,0,lon_48813395115047875_lat_5239358297038264_radius_1_d0_l,lon_48813395115047875_lat_5239358297038264_radius_1,0,l
ATM_square_equirectangular/Houthavens_West/lon_48813395115047875_lat_5239358297038264_radius_1_d0_l/20200814TMX7316010203-001875pano_0003_001834_4.88133297721959_52.3935846899696.jpg,2020,8,14,Houthavens_West,0,lon_48813395115047875_lat_5239358297038264_radius_1_d0_l,lon_48813395115047875_lat_5239358297038264_radius_1,0,l
ATM_square_equirectangular/Houthavens_West/lon_48813395115047875_lat_5239358297038264_radius_1_d0_l/20210224TMX7316010203-002026pano_0000_003003_4.88134102998717_52.3935799869122.jpg,2021,2,24,Houthavens_West,0,lon_48813395115047875_lat_5239358297038264_radius_1_d0_l,lon_48813395115047875_lat_5239358297038264_radius_1,0,l
ATM_square_equirectangular/Houthavens_West/lon_48813395115047875_lat_5239358297038264_radius_1_d0_l/20211230TMX7316010203-002366pano_0004_000144_4.88132806915647_52.3935865923725.jpg,2021,12,30,Houthavens_West,1,lon_48813395115047875_lat_5239358297038264_radius_1_d0_l,lon_48813395115047875_lat_5239358297038264_radius_1,0,l
ATM_square_equirectangular/Houthavens_West/lon_48813395115047875_lat_5239358297038264_radius_1_d0_l/20211230TMX7316010203-002366pano_0004_000460_4.88134100970783_52.3935780791191.jpg,2021,12,30,Houthavens_West,0,lon_48813395115047875_lat_5239358297038264_radius_1_d0_l,lon_48813395115047875_lat_5239358297038264_radius_1,0,l
ATM_square_equirectangular/Houthavens_West/lon_48813395115047875_lat_5239358297038264_radius_1_d0_l/20220408TMX7316010203-002498pano_0000_000070_4.8813416341753_52.393576188982.jpg,2022,4,8,Houthavens_West,0,lon_48813395115047875_lat_5239358297038264_radius_1_d0_l,lon_48813395115047875_lat_5239358297038264_radius_1,0,l
ATM_square_equirectangular/Houthavens_West/lon_48813395115047875_lat_5239358297038264_radius_1_d0_l/20221214TMX7316010203-002855pano_0000_000074_4.88133753668096_52.3935865294934.jpg,2022,12,14,Houthavens_West,0,lon_48813395115047875_lat_5239358297038264_radius_1_d0_l,lon_48813395115047875_lat_5239358297038264_radius_1,0,l
ATM_square_equirectangular/Houthavens_West/lon_48813395115047875_lat_5239358297038264_radius_1_d0_f/20171228TMX7316010203-000529pano_0000_000987_4.88133960070632_52.3935862485018.jpg,2017,12,28,Houthavens_West,0,lon_48813395115047875_lat_5239358297038264_radius_1_d0_f,lon_48813395115047875_lat_5239358297038264_radius_1,0,f
ATM_square_equirectangular/Houthavens_West/lon_48813395115047875_lat_5239358297038264_radius_1_d0_f/20180621TMX7316010203-000802pano_0000_000781_4.88133364166713_52.3935904355873.jpg,2018,6,21,Houthavens_West,0,lon_48813395115047875_lat_5239358297038264_radius_1_d0_f,lon_48813395115047875_lat_5239358297038264_radius_1,0,f
ATM_square_equirectangular/Houthavens_West/lon_48813395115047875_lat_5239358297038264_radius_1_d0_f/20190118TMX7316010203-001068pano_0000_001535_4.88133943058675_52.3935834355305.jpg,2019,1,18,Houthavens_West,0,lon_48813395115047875_lat_5239358297038264_radius_1_d0_f,lon_48813395115047875_lat_5239358297038264_radius_1,0,f
ATM_square_equirectangular/Houthavens_West/lon_48813395115047875_lat_5239358297038264_radius_1_d0_f/20200129TMX7316010203-001596pano_0000_000085_4.88133306631028_52.3935878386328.jpg,2020,1,29,Houthavens_West,1,lon_48813395115047875_lat_5239358297038264_radius_1_d0_f,lon_48813395115047875_lat_5239358297038264_radius_1,0,f
ATM_square_equirectangular/Houthavens_West/lon_48813395115047875_lat_5239358297038264_radius_1_d0_f/20200814TMX7316010203-001875pano_0003_001834_4.88133297721959_52.3935846899696.jpg,2020,8,14,Houthavens_West,0,lon_48813395115047875_lat_5239358297038264_radius_1_d0_f,lon_48813395115047875_lat_5239358297038264_radius_1,0,f
ATM_square_equirectangular/Houthavens_West/lon_48813395115047875_lat_5239358297038264_radius_1_d0_f/20210224TMX7316010203-002026pano_0000_003003_4.88134102998717_52.3935799869122.jpg,2021,2,24,Houthavens_West,0,lon_48813395115047875_lat_5239358297038264_radius_1_d0_f,lon_48813395115047875_lat_5239358297038264_radius_1,0,f
ATM_square_equirectangular/Houthavens_West/lon_48813395115047875_lat_5239358297038264_radius_1_d0_f/20211230TMX7316010203-002366pano_0004_000144_4.88132806915647_52.3935865923725.jpg,2021,12,30,Houthavens_West,0,lon_48813395115047875_lat_5239358297038264_radius_1_d0_f,lon_48813395115047875_lat_5239358297038264_radius_1,0,f
ATM_square_equirectangular/Houthavens_West/lon_48813395115047875_lat_5239358297038264_radius_1_d0_f/20211230TMX7316010203-002366pano_0004_000460_4.88134100970783_52.3935780791191.jpg,2021,12,30,Houthavens_West,0,lon_48813395115047875_lat_5239358297038264_radius_1_d0_f,lon_48813395115047875_lat_5239358297038264_radius_1,0,f
ATM_square_equirectangular/Houthavens_West/lon_48813395115047875_lat_5239358297038264_radius_1_d0_f/20220408TMX7316010203-002498pano_0000_000070_4.8813416341753_52.393576188982.jpg,2022,4,8,Houthavens_West,0,lon_48813395115047875_lat_5239358297038264_radius_1_d0_f,lon_48813395115047875_lat_5239358297038264_radius_1,0,f
ATM_square_equirectangular/Houthavens_West/lon_48813395115047875_lat_5239358297038264_radius_1_d0_f/20221214TMX7316010203-002855pano_0000_000074_4.88133753668096_52.3935865294934.jpg,2022,12,14,Houthavens_West,0,lon_48813395115047875_lat_5239358297038264_radius_1_d0_f,lon_48813395115047875_lat_5239358297038264_radius_1,0,f
ATM_square_equirectangular/Houthavens_West/lon_48813395115047875_lat_5239358297038264_radius_1_d0_r/20171228TMX7316010203-000529pano_0000_000987_4.88133960070632_52.3935862485018.jpg,2017,12,28,Houthavens_West,0,lon_48813395115047875_lat_5239358297038264_radius_1_d0_r,lon_48813395115047875_lat_5239358297038264_radius_1,0,r
ATM_square_equirectangular/Houthavens_West/lon_48813395115047875_lat_5239358297038264_radius_1_d0_r/20180621TMX7316010203-000802pano_0000_000781_4.88133364166713_52.3935904355873.jpg,2018,6,21,Houthavens_West,0,lon_48813395115047875_lat_5239358297038264_radius_1_d0_r,lon_48813395115047875_lat_5239358297038264_radius_1,0,r
ATM_square_equirectangular/Houthavens_West/lon_48813395115047875_lat_5239358297038264_radius_1_d0_r/20190118TMX7316010203-001068pano_0000_001535_4.88133943058675_52.3935834355305.jpg,2019,1,18,Houthavens_West,0,lon_48813395115047875_lat_5239358297038264_radius_1_d0_r,lon_48813395115047875_lat_5239358297038264_radius_1,0,r
ATM_square_equirectangular/Houthavens_West/lon_48813395115047875_lat_5239358297038264_radius_1_d0_r/20200129TMX7316010203-001596pano_0000_000085_4.88133306631028_52.3935878386328.jpg,2020,1,29,Houthavens_West,1,lon_48813395115047875_lat_5239358297038264_radius_1_d0_r,lon_48813395115047875_lat_5239358297038264_radius_1,0,r
ATM_square_equirectangular/Houthavens_West/lon_48813395115047875_lat_5239358297038264_radius_1_d0_r/20200814TMX7316010203-001875pano_0003_001834_4.88133297721959_52.3935846899696.jpg,2020,8,14,Houthavens_West,1,lon_48813395115047875_lat_5239358297038264_radius_1_d0_r,lon_48813395115047875_lat_5239358297038264_radius_1,0,r
ATM_square_equirectangular/Houthavens_West/lon_48813395115047875_lat_5239358297038264_radius_1_d0_r/20210224TMX7316010203-002026pano_0000_003003_4.88134102998717_52.3935799869122.jpg,2021,2,24,Houthavens_West,0,lon_48813395115047875_lat_5239358297038264_radius_1_d0_r,lon_48813395115047875_lat_5239358297038264_radius_1,0,r
ATM_square_equirectangular/Houthavens_West/lon_48813395115047875_lat_5239358297038264_radius_1_d0_r/20211230TMX7316010203-002366pano_0004_000144_4.88132806915647_52.3935865923725.jpg,2021,12,30,Houthavens_West,0,lon_48813395115047875_lat_5239358297038264_radius_1_d0_r,lon_48813395115047875_lat_5239358297038264_radius_1,0,r
ATM_square_equirectangular/Houthavens_West/lon_48813395115047875_lat_5239358297038264_radius_1_d0_r/20211230TMX7316010203-002366pano_0004_000460_4.88134100970783_52.3935780791191.jpg,2021,12,30,Houthavens_West,0,lon_48813395115047875_lat_5239358297038264_radius_1_d0_r,lon_48813395115047875_lat_5239358297038264_radius_1,0,r
ATM_square_equirectangular/Houthavens_West/lon_48813395115047875_lat_5239358297038264_radius_1_d0_r/20220408TMX7316010203-002498pano_0000_000070_4.8813416341753_52.393576188982.jpg,2022,4,8,Houthavens_West,0,lon_48813395115047875_lat_5239358297038264_radius_1_d0_r,lon_48813395115047875_lat_5239358297038264_radius_1,0,r
ATM_square_equirectangular/Houthavens_West/lon_48813395115047875_lat_5239358297038264_radius_1_d0_r/20221214TMX7316010203-002855pano_0000_000074_4.88133753668096_52.3935865294934.jpg,2022,12,14,Houthavens_West,0,lon_48813395115047875_lat_5239358297038264_radius_1_d0_r,lon_48813395115047875_lat_5239358297038264_radius_1,0,r
ATM_square_equirectangular/Delflandpleinbuurt_West/lon_4837919695278333_lat_5234852796858026_radius_1_d300_r/20180108TMX7316010203-000535pano_0000_004240_4.83791595212098_52.3485292579499.jpg,2018,1,8,Delflandpleinbuurt_West,0,lon_4837919695278333_lat_5234852796858026_radius_1_d300_r,lon_4837919695278333_lat_5234852796858026_radius_1,300,r
ATM_square_equirectangular/Delflandpleinbuurt_West/lon_4837919695278333_lat_5234852796858026_radius_1_d300_r/20190102TMX7316010203-001031pano_0011_000713_4.83792297142204_52.348532961699.jpg,2019,1,2,Delflandpleinbuurt_West,0,lon_4837919695278333_lat_5234852796858026_radius_1_d300_r,lon_4837919695278333_lat_5234852796858026_radius_1,300,r
ATM_square_equirectangular/Delflandpleinbuurt_West/lon_4837919695278333_lat_5234852796858026_radius_1_d300_r/20191218TMX7316010203-001523pano_0000_003073_4.83793264910407_52.3485255927436.jpg,2019,12,18,Delflandpleinbuurt_West,0,lon_4837919695278333_lat_5234852796858026_radius_1_d300_r,lon_4837919695278333_lat_5234852796858026_radius_1,300,r
ATM_square_equirectangular/Delflandpleinbuurt_West/lon_4837919695278333_lat_5234852796858026_radius_1_d300_r/20200827TMX7316010203-001894pano_0000_000136_4.83791315076413_52.348533246267.jpg,2020,8,27,Delflandpleinbuurt_West,0,lon_4837919695278333_lat_5234852796858026_radius_1_d300_r,lon_4837919695278333_lat_5234852796858026_radius_1,300,r
ATM_square_equirectangular/Delflandpleinbuurt_West/lon_4837919695278333_lat_5234852796858026_radius_1_d300_r/20210219TMX7316010203-002020pano_0000_002277_4.8379163595392_52.3485235963258.jpg,2021,2,19,Delflandpleinbuurt_West,1,lon_4837919695278333_lat_5234852796858026_radius_1_d300_r,lon_4837919695278333_lat_5234852796858026_radius_1,300,r
ATM_square_equirectangular/Delflandpleinbuurt_West/lon_4837919695278333_lat_5234852796858026_radius_1_d300_r/20220106TMX7316010203-002393pano_0003_000054_4.83792027727254_52.3485291423209.jpg,2022,1,6,Delflandpleinbuurt_West,1,lon_4837919695278333_lat_5234852796858026_radius_1_d300_r,lon_4837919695278333_lat_5234852796858026_radius_1,300,r
ATM_square_equirectangular/Delflandpleinbuurt_West/lon_4837919695278333_lat_5234852796858026_radius_1_d300_r/20220106TMX7316010203-002393pano_0003_000076_4.83793172455079_52.3485280545773.jpg,2022,1,6,Delflandpleinbuurt_West,0,lon_4837919695278333_lat_5234852796858026_radius_1_d300_r,lon_4837919695278333_lat_5234852796858026_radius_1,300,r
ATM_square_equirectangular/Delflandpleinbuurt_West/lon_4837919695278333_lat_5234852796858026_radius_1_d300_r/20221207TMX7316010203-002833pano_0004_000096_4.83792269227342_52.3485203303161.jpg,2022,12,7,Delflandpleinbuurt_West,1,lon_4837919695278333_lat_5234852796858026_radius_1_d300_r,lon_4837919695278333_lat_5234852796858026_radius_1,300,r
ATM_square_equirectangular/Delflandpleinbuurt_West/lon_4837919695278333_lat_5234852796858026_radius_1_d300_b/20180108TMX7316010203-000535pano_0000_004240_4.83791595212098_52.3485292579499.jpg,2018,1,8,Delflandpleinbuurt_West,0,lon_4837919695278333_lat_5234852796858026_radius_1_d300_b,lon_4837919695278333_lat_5234852796858026_radius_1,300,b
ATM_square_equirectangular/Delflandpleinbuurt_West/lon_4837919695278333_lat_5234852796858026_radius_1_d300_b/20190102TMX7316010203-001031pano_0011_000713_4.83792297142204_52.348532961699.jpg,2019,1,2,Delflandpleinbuurt_West,1,lon_4837919695278333_lat_5234852796858026_radius_1_d300_b,lon_4837919695278333_lat_5234852796858026_radius_1,300,b
ATM_square_equirectangular/Delflandpleinbuurt_West/lon_4837919695278333_lat_5234852796858026_radius_1_d300_b/20191218TMX7316010203-001523pano_0000_003073_4.83793264910407_52.3485255927436.jpg,2019,12,18,Delflandpleinbuurt_West,1,lon_4837919695278333_lat_5234852796858026_radius_1_d300_b,lon_4837919695278333_lat_5234852796858026_radius_1,300,b
ATM_square_equirectangular/Delflandpleinbuurt_West/lon_4837919695278333_lat_5234852796858026_radius_1_d300_b/20200827TMX7316010203-001894pano_0000_000136_4.83791315076413_52.348533246267.jpg,2020,8,27,Delflandpleinbuurt_West,0,lon_4837919695278333_lat_5234852796858026_radius_1_d300_b,lon_4837919695278333_lat_5234852796858026_radius_1,300,b
ATM_square_equirectangular/Delflandpleinbuurt_West/lon_4837919695278333_lat_5234852796858026_radius_1_d300_b/20210219TMX7316010203-002020pano_0000_002277_4.8379163595392_52.3485235963258.jpg,2021,2,19,Delflandpleinbuurt_West,0,lon_4837919695278333_lat_5234852796858026_radius_1_d300_b,lon_4837919695278333_lat_5234852796858026_radius_1,300,b
ATM_square_equirectangular/Delflandpleinbuurt_West/lon_4837919695278333_lat_5234852796858026_radius_1_d300_b/20220106TMX7316010203-002393pano_0003_000054_4.83792027727254_52.3485291423209.jpg,2022,1,6,Delflandpleinbuurt_West,1,lon_4837919695278333_lat_5234852796858026_radius_1_d300_b,lon_4837919695278333_lat_5234852796858026_radius_1,300,b
ATM_square_equirectangular/Delflandpleinbuurt_West/lon_4837919695278333_lat_5234852796858026_radius_1_d300_b/20220106TMX7316010203-002393pano_0003_000076_4.83793172455079_52.3485280545773.jpg,2022,1,6,Delflandpleinbuurt_West,0,lon_4837919695278333_lat_5234852796858026_radius_1_d300_b,lon_4837919695278333_lat_5234852796858026_radius_1,300,b
ATM_square_equirectangular/Delflandpleinbuurt_West/lon_4837919695278333_lat_5234852796858026_radius_1_d300_b/20221207TMX7316010203-002833pano_0004_000096_4.83792269227342_52.3485203303161.jpg,2022,12,7,Delflandpleinbuurt_West,0,lon_4837919695278333_lat_5234852796858026_radius_1_d300_b,lon_4837919695278333_lat_5234852796858026_radius_1,300,b
ATM_square_equirectangular/Polderweggebied/lon_4932968187997216_lat_52358529466058705_radius_1_d0_r/20160418TMX7315120208-000029pano_0000_006430_4.93296301056259_52.3585223382091.jpg,2016,4,18,Polderweggebied,0,lon_4932968187997216_lat_52358529466058705_radius_1_d0_r,lon_4932968187997216_lat_52358529466058705_radius_1,0,r
ATM_square_equirectangular/Polderweggebied/lon_4932968187997216_lat_52358529466058705_radius_1_d0_r/20180525TMX7316010203-000751pano_0000_000298_4.9329743205041_52.3585359879656.jpg,2018,5,25,Polderweggebied,1,lon_4932968187997216_lat_52358529466058705_radius_1_d0_r,lon_4932968187997216_lat_52358529466058705_radius_1,0,r
ATM_square_equirectangular/Polderweggebied/lon_4932968187997216_lat_52358529466058705_radius_1_d0_r/20190523TMX7316010203-001205pano_0000_000840_4.93296723292496_52.3585300720014.jpg,2019,5,23,Polderweggebied,0,lon_4932968187997216_lat_52358529466058705_radius_1_d0_r,lon_4932968187997216_lat_52358529466058705_radius_1,0,r
ATM_square_equirectangular/Polderweggebied/lon_4932968187997216_lat_52358529466058705_radius_1_d0_b/20160418TMX7315120208-000029pano_0000_006430_4.93296301056259_52.3585223382091.jpg,2016,4,18,Polderweggebied,0,lon_4932968187997216_lat_52358529466058705_radius_1_d0_b,lon_4932968187997216_lat_52358529466058705_radius_1,0,b
ATM_square_equirectangular/Polderweggebied/lon_4932968187997216_lat_52358529466058705_radius_1_d0_b/20180525TMX7316010203-000751pano_0000_000298_4.9329743205041_52.3585359879656.jpg,2018,5,25,Polderweggebied,1,lon_4932968187997216_lat_52358529466058705_radius_1_d0_b,lon_4932968187997216_lat_52358529466058705_radius_1,0,b
ATM_square_equirectangular/Polderweggebied/lon_4932968187997216_lat_52358529466058705_radius_1_d0_b/20190523TMX7316010203-001205pano_0000_000840_4.93296723292496_52.3585300720014.jpg,2019,5,23,Polderweggebied,0,lon_4932968187997216_lat_52358529466058705_radius_1_d0_b,lon_4932968187997216_lat_52358529466058705_radius_1,0,b
ATM_square_equirectangular/Houthavens_West/lon_4881442536453821_lat_5239169992441757_radius_1_d0_f/20190118TMX7316010203-001068pano_0000_001414_4.88143504456522_52.3916992417722.jpg,2019,1,18,Houthavens_West,0,lon_4881442536453821_lat_5239169992441757_radius_1_d0_f,lon_4881442536453821_lat_5239169992441757_radius_1,0,f
ATM_square_equirectangular/Houthavens_West/lon_4881442536453821_lat_5239169992441757_radius_1_d0_f/20190416TMX7316010203-001129pano_0001_001416_4.88145164391678_52.3917048817304.jpg,2019,4,16,Houthavens_West,0,lon_4881442536453821_lat_5239169992441757_radius_1_d0_f,lon_4881442536453821_lat_5239169992441757_radius_1,0,f
ATM_square_equirectangular/Houthavens_West/lon_4881442536453821_lat_5239169992441757_radius_1_d0_f/20191106TMX7316060226-000463pano_0002_000319_4.88144373228721_52.3916955535251.jpg,2019,11,6,Houthavens_West,1,lon_4881442536453821_lat_5239169992441757_radius_1_d0_f,lon_4881442536453821_lat_5239169992441757_radius_1,0,f
ATM_square_equirectangular/Houthavens_West/lon_4881442536453821_lat_5239169992441757_radius_1_d0_f/20200129TMX7316010203-001596pano_0000_000354_4.88143396891247_52.3917007641548.jpg,2020,1,29,Houthavens_West,0,lon_4881442536453821_lat_5239169992441757_radius_1_d0_f,lon_4881442536453821_lat_5239169992441757_radius_1,0,f
ATM_square_equirectangular/Houthavens_West/lon_4881442536453821_lat_5239169992441757_radius_1_d0_f/20211230TMX7316010203-002366pano_0004_000375_4.88144701633558_52.3916998984364.jpg,2021,12,30,Houthavens_West,1,lon_4881442536453821_lat_5239169992441757_radius_1_d0_f,lon_4881442536453821_lat_5239169992441757_radius_1,0,f
ATM_square_equirectangular/Haveneiland_Noord/lon_5006571322776517_lat_5235388950685613_radius_1_d0_l/20160606TMX7315120208-000068pano_0002_000583_5.00657075279068_52.3538930387263.jpg,2016,6,6,Haveneiland_Noord,0,lon_5006571322776517_lat_5235388950685613_radius_1_d0_l,lon_5006571322776517_lat_5235388950685613_radius_1,0,l
ATM_square_equirectangular/Haveneiland_Noord/lon_5006571322776517_lat_5235388950685613_radius_1_d0_l/20170403TMX7316010203-000240pano_0001_002802_5.00657583516474_52.3538903865629.jpg,2017,4,3,Haveneiland_Noord,0,lon_5006571322776517_lat_5235388950685613_radius_1_d0_l,lon_5006571322776517_lat_5235388950685613_radius_1,0,l
ATM_square_equirectangular/Haveneiland_Noord/lon_5006571322776517_lat_5235388950685613_radius_1_d0_l/20200622TMX7316010203-001754pano_0000_005364_5.00656738037413_52.3538850952792.jpg,2020,6,22,Haveneiland_Noord,1,lon_5006571322776517_lat_5235388950685613_radius_1_d0_l,lon_5006571322776517_lat_5235388950685613_radius_1,0,l
ATM_square_equirectangular/Sporenburg/lon_4945328169500135_lat_5237463911626692_radius_1_d0_f/20160517TMX7315120208-000052pano_0000_001631_4.9453357761195_52.3746445443127.jpg,2016,5,17,Sporenburg,0,lon_4945328169500135_lat_5237463911626692_radius_1_d0_f,lon_4945328169500135_lat_5237463911626692_radius_1,0,f
ATM_square_equirectangular/Sporenburg/lon_4945328169500135_lat_5237463911626692_radius_1_d0_f/20170405TMX7316010203-000245pano_0000_002767_4.94531810976989_52.3746394983463.jpg,2017,4,5,Sporenburg,0,lon_4945328169500135_lat_5237463911626692_radius_1_d0_f,lon_4945328169500135_lat_5237463911626692_radius_1,0,f
ATM_square_equirectangular/Sporenburg/lon_4945328169500135_lat_5237463911626692_radius_1_d0_f/20181214TMX7316010203-001013pano_0004_000060_4.94532543216219_52.3746383361735.jpg,2018,12,14,Sporenburg,1,lon_4945328169500135_lat_5237463911626692_radius_1_d0_f,lon_4945328169500135_lat_5237463911626692_radius_1,0,f
ATM_square_equirectangular/Sporenburg/lon_4945328169500135_lat_5237463911626692_radius_1_d0_f/20190521TMX7316010203-001194pano_0000_002403_4.94533007062289_52.3746371150839.jpg,2019,5,21,Sporenburg,0,lon_4945328169500135_lat_5237463911626692_radius_1_d0_f,lon_4945328169500135_lat_5237463911626692_radius_1,0,f
ATM_square_equirectangular/Sporenburg/lon_4945328169500135_lat_5237463911626692_radius_1_d0_f/20200422TMX7316010203-001667pano_0000_003404_4.9453314588262_52.3746360874182.jpg,2020,4,22,Sporenburg,0,lon_4945328169500135_lat_5237463911626692_radius_1_d0_f,lon_4945328169500135_lat_5237463911626692_radius_1,0,f
ATM_square_equirectangular/Sporenburg/lon_4945328169500135_lat_5237463911626692_radius_1_d0_f/20220421TMX7316010203-002533pano_0003_001256_4.94532495039841_52.3746420587092.jpg,2022,4,21,Sporenburg,0,lon_4945328169500135_lat_5237463911626692_radius_1_d0_f,lon_4945328169500135_lat_5237463911626692_radius_1,0,f
ATM_square_equirectangular/Sporenburg/lon_4945328169500135_lat_5237463911626692_radius_1_d0_l/20160517TMX7315120208-000052pano_0000_001631_4.9453357761195_52.3746445443127.jpg,2016,5,17,Sporenburg,0,lon_4945328169500135_lat_5237463911626692_radius_1_d0_l,lon_4945328169500135_lat_5237463911626692_radius_1,0,l
ATM_square_equirectangular/Sporenburg/lon_4945328169500135_lat_5237463911626692_radius_1_d0_l/20170405TMX7316010203-000245pano_0000_002767_4.94531810976989_52.3746394983463.jpg,2017,4,5,Sporenburg,0,lon_4945328169500135_lat_5237463911626692_radius_1_d0_l,lon_4945328169500135_lat_5237463911626692_radius_1,0,l
ATM_square_equirectangular/Sporenburg/lon_4945328169500135_lat_5237463911626692_radius_1_d0_l/20181214TMX7316010203-001013pano_0004_000060_4.94532543216219_52.3746383361735.jpg,2018,12,14,Sporenburg,1,lon_4945328169500135_lat_5237463911626692_radius_1_d0_l,lon_4945328169500135_lat_5237463911626692_radius_1,0,l
ATM_square_equirectangular/Sporenburg/lon_4945328169500135_lat_5237463911626692_radius_1_d0_l/20190521TMX7316010203-001194pano_0000_002403_4.94533007062289_52.3746371150839.jpg,2019,5,21,Sporenburg,0,lon_4945328169500135_lat_5237463911626692_radius_1_d0_l,lon_4945328169500135_lat_5237463911626692_radius_1,0,l
ATM_square_equirectangular/Sporenburg/lon_4945328169500135_lat_5237463911626692_radius_1_d0_l/20200422TMX7316010203-001667pano_0000_003404_4.9453314588262_52.3746360874182.jpg,2020,4,22,Sporenburg,0,lon_4945328169500135_lat_5237463911626692_radius_1_d0_l,lon_4945328169500135_lat_5237463911626692_radius_1,0,l
ATM_square_equirectangular/Sporenburg/lon_4945328169500135_lat_5237463911626692_radius_1_d0_l/20220421TMX7316010203-002533pano_0003_001256_4.94532495039841_52.3746420587092.jpg,2022,4,21,Sporenburg,0,lon_4945328169500135_lat_5237463911626692_radius_1_d0_l,lon_4945328169500135_lat_5237463911626692_radius_1,0,l
ATM_square_equirectangular/Delflandpleinbuurt_Oost/lon_4844045740747218_lat_5234988620343245_radius_1_d0_r/20160727TMX7316010203-000029pano_0003_000411_4.84404216885197_52.3498829496804.jpg,2016,7,27,Delflandpleinbuurt_Oost,0,lon_4844045740747218_lat_5234988620343245_radius_1_d0_r,lon_4844045740747218_lat_5234988620343245_radius_1,0,r
ATM_square_equirectangular/Delflandpleinbuurt_Oost/lon_4844045740747218_lat_5234988620343245_radius_1_d0_r/20180612TMX7316010203-000785pano_0001_000972_4.84404290495686_52.3498857907428.jpg,2018,6,12,Delflandpleinbuurt_Oost,1,lon_4844045740747218_lat_5234988620343245_radius_1_d0_r,lon_4844045740747218_lat_5234988620343245_radius_1,0,r
ATM_square_equirectangular/Delflandpleinbuurt_Oost/lon_4844045740747218_lat_5234988620343245_radius_1_d0_r/20181115TMX7316010203-000985pano_0001_000972_4.84404290495686_52.3498857907428.jpg,2018,11,15,Delflandpleinbuurt_Oost,0,lon_4844045740747218_lat_5234988620343245_radius_1_d0_r,lon_4844045740747218_lat_5234988620343245_radius_1,0,r
ATM_square_equirectangular/Delflandpleinbuurt_Oost/lon_4844045740747218_lat_5234988620343245_radius_1_d0_r/20191218TMX7316010203-001523pano_0000_003532_4.8440506705657_52.3498905763048.jpg,2019,12,18,Delflandpleinbuurt_Oost,0,lon_4844045740747218_lat_5234988620343245_radius_1_d0_r,lon_4844045740747218_lat_5234988620343245_radius_1,0,r
ATM_square_equirectangular/Delflandpleinbuurt_Oost/lon_4844045740747218_lat_5234988620343245_radius_1_d0_r/20200506TMX7316010203-001691pano_0001_003428_4.84404836336375_52.3498890360867.jpg,2020,5,6,Delflandpleinbuurt_Oost,0,lon_4844045740747218_lat_5234988620343245_radius_1_d0_r,lon_4844045740747218_lat_5234988620343245_radius_1,0,r
ATM_square_equirectangular/Delflandpleinbuurt_Oost/lon_4844045740747218_lat_5234988620343245_radius_1_d0_r/20210413TMX7316010203-002087pano_0000_001151_4.84404743178817_52.3498830770372.jpg,2021,4,13,Delflandpleinbuurt_Oost,0,lon_4844045740747218_lat_5234988620343245_radius_1_d0_r,lon_4844045740747218_lat_5234988620343245_radius_1,0,r
ATM_square_equirectangular/Delflandpleinbuurt_Oost/lon_4844045740747218_lat_5234988620343245_radius_1_d0_l/20160727TMX7316010203-000029pano_0003_000411_4.84404216885197_52.3498829496804.jpg,2016,7,27,Delflandpleinbuurt_Oost,0,lon_4844045740747218_lat_5234988620343245_radius_1_d0_l,lon_4844045740747218_lat_5234988620343245_radius_1,0,l
ATM_square_equirectangular/Delflandpleinbuurt_Oost/lon_4844045740747218_lat_5234988620343245_radius_1_d0_l/20180612TMX7316010203-000785pano_0001_000972_4.84404290495686_52.3498857907428.jpg,2018,6,12,Delflandpleinbuurt_Oost,0,lon_4844045740747218_lat_5234988620343245_radius_1_d0_l,lon_4844045740747218_lat_5234988620343245_radius_1,0,l
ATM_square_equirectangular/Delflandpleinbuurt_Oost/lon_4844045740747218_lat_5234988620343245_radius_1_d0_l/20181115TMX7316010203-000985pano_0001_000972_4.84404290495686_52.3498857907428.jpg,2018,11,15,Delflandpleinbuurt_Oost,0,lon_4844045740747218_lat_5234988620343245_radius_1_d0_l,lon_4844045740747218_lat_5234988620343245_radius_1,0,l
ATM_square_equirectangular/Delflandpleinbuurt_Oost/lon_4844045740747218_lat_5234988620343245_radius_1_d0_l/20191218TMX7316010203-001523pano_0000_003532_4.8440506705657_52.3498905763048.jpg,2019,12,18,Delflandpleinbuurt_Oost,1,lon_4844045740747218_lat_5234988620343245_radius_1_d0_l,lon_4844045740747218_lat_5234988620343245_radius_1,0,l
ATM_square_equirectangular/Delflandpleinbuurt_Oost/lon_4844045740747218_lat_5234988620343245_radius_1_d0_l/20200506TMX7316010203-001691pano_0001_003428_4.84404836336375_52.3498890360867.jpg,2020,5,6,Delflandpleinbuurt_Oost,1,lon_4844045740747218_lat_5234988620343245_radius_1_d0_l,lon_4844045740747218_lat_5234988620343245_radius_1,0,l
ATM_square_equirectangular/Delflandpleinbuurt_Oost/lon_4844045740747218_lat_5234988620343245_radius_1_d0_l/20210413TMX7316010203-002087pano_0000_001151_4.84404743178817_52.3498830770372.jpg,2021,4,13,Delflandpleinbuurt_Oost,0,lon_4844045740747218_lat_5234988620343245_radius_1_d0_l,lon_4844045740747218_lat_5234988620343245_radius_1,0,l
ATM_square_equirectangular/Spaarndammerbuurt_Noordwest/lon_487672435186214_lat_5239271347803243_radius_1_d0_f/20170424TMX7316010203-000277pano_0001_001255_4.87672137180553_52.3927199270386.jpg,2017,4,24,Spaarndammerbuurt_Noordwest,0,lon_487672435186214_lat_5239271347803243_radius_1_d0_f,lon_487672435186214_lat_5239271347803243_radius_1,0,f
ATM_square_equirectangular/Spaarndammerbuurt_Noordwest/lon_487672435186214_lat_5239271347803243_radius_1_d0_f/20191107TMX7316060226-000470pano_0001_000446_4.87673029113898_52.3927076024923.jpg,2019,11,7,Spaarndammerbuurt_Noordwest,1,lon_487672435186214_lat_5239271347803243_radius_1_d0_f,lon_487672435186214_lat_5239271347803243_radius_1,0,f
ATM_square_equirectangular/Spaarndammerbuurt_Noordwest/lon_487672435186214_lat_5239271347803243_radius_1_d0_f/20210224TMX7316010203-002026pano_0000_001887_4.87672139264191_52.3927129045664.jpg,2021,2,24,Spaarndammerbuurt_Noordwest,0,lon_487672435186214_lat_5239271347803243_radius_1_d0_f,lon_487672435186214_lat_5239271347803243_radius_1,0,f
ATM_square_equirectangular/Spaarndammerbuurt_Noordwest/lon_487672435186214_lat_5239271347803243_radius_1_d0_f/20220408TMX7316010203-002498pano_0000_000499_4.87672060783641_52.3927161771428.jpg,2022,4,8,Spaarndammerbuurt_Noordwest,0,lon_487672435186214_lat_5239271347803243_radius_1_d0_f,lon_487672435186214_lat_5239271347803243_radius_1,0,f
ATM_square_equirectangular/Houthavens_West/lon_4878455749866193_lat_52393122038194974_radius_1_d0_l/20160615TMX7315080123-000291pano_0000_001648_4.87845608638035_52.3931231679628.jpg,2016,6,15,Houthavens_West,0,lon_4878455749866193_lat_52393122038194974_radius_1_d0_l,lon_4878455749866193_lat_52393122038194974_radius_1,0,l
ATM_square_equirectangular/Houthavens_West/lon_4878455749866193_lat_52393122038194974_radius_1_d0_l/20200129TMX7316010203-001596pano_0001_000054_4.87846639161728_52.3931206230178.jpg,2020,1,29,Houthavens_West,1,lon_4878455749866193_lat_52393122038194974_radius_1_d0_l,lon_4878455749866193_lat_52393122038194974_radius_1,0,l
ATM_square_equirectangular/Houthavens_West/lon_4878455749866193_lat_52393122038194974_radius_1_d0_l/20200814TMX7316010203-001875pano_0003_001645_4.87844964478419_52.3931236531868.jpg,2020,8,14,Houthavens_West,1,lon_4878455749866193_lat_52393122038194974_radius_1_d0_l,lon_4878455749866193_lat_52393122038194974_radius_1,0,l
ATM_square_equirectangular/Houthavens_West/lon_4878455749866193_lat_52393122038194974_radius_1_d0_l/20210224TMX7316010203-002026pano_0000_002893_4.8784569094203_52.3931203460894.jpg,2021,2,24,Houthavens_West,0,lon_4878455749866193_lat_52393122038194974_radius_1_d0_l,lon_4878455749866193_lat_52393122038194974_radius_1,0,l
ATM_square_equirectangular/Houthavens_West/lon_4878455749866193_lat_52393122038194974_radius_1_d0_l/20210319TMX7316010203-002051pano_0000_000693_4.87844971712884_52.3931224007181.jpg,2021,3,19,Houthavens_West,0,lon_4878455749866193_lat_52393122038194974_radius_1_d0_l,lon_4878455749866193_lat_52393122038194974_radius_1,0,l
ATM_square_equirectangular/Houthavens_West/lon_4878455749866193_lat_52393122038194974_radius_1_d0_l/20220408TMX7316010203-002497pano_0006_000848_4.87844789490936_52.3931153357085.jpg,2022,4,8,Houthavens_West,0,lon_4878455749866193_lat_52393122038194974_radius_1_d0_l,lon_4878455749866193_lat_52393122038194974_radius_1,0,l
ATM_square_equirectangular/Houthavens_West/lon_4878455749866193_lat_52393122038194974_radius_1_d0_f/20160615TMX7315080123-000291pano_0000_001648_4.87845608638035_52.3931231679628.jpg,2016,6,15,Houthavens_West,0,lon_4878455749866193_lat_52393122038194974_radius_1_d0_f,lon_4878455749866193_lat_52393122038194974_radius_1,0,f
ATM_square_equirectangular/Houthavens_West/lon_4878455749866193_lat_52393122038194974_radius_1_d0_f/20200129TMX7316010203-001596pano_0001_000054_4.87846639161728_52.3931206230178.jpg,2020,1,29,Houthavens_West,1,lon_4878455749866193_lat_52393122038194974_radius_1_d0_f,lon_4878455749866193_lat_52393122038194974_radius_1,0,f
ATM_square_equirectangular/Houthavens_West/lon_4878455749866193_lat_52393122038194974_radius_1_d0_f/20200814TMX7316010203-001875pano_0003_001645_4.87844964478419_52.3931236531868.jpg,2020,8,14,Houthavens_West,0,lon_4878455749866193_lat_52393122038194974_radius_1_d0_f,lon_4878455749866193_lat_52393122038194974_radius_1,0,f
ATM_square_equirectangular/Houthavens_West/lon_4878455749866193_lat_52393122038194974_radius_1_d0_f/20210224TMX7316010203-002026pano_0000_002893_4.8784569094203_52.3931203460894.jpg,2021,2,24,Houthavens_West,0,lon_4878455749866193_lat_52393122038194974_radius_1_d0_f,lon_4878455749866193_lat_52393122038194974_radius_1,0,f
ATM_square_equirectangular/Houthavens_West/lon_4878455749866193_lat_52393122038194974_radius_1_d0_f/20210319TMX7316010203-002051pano_0000_000693_4.87844971712884_52.3931224007181.jpg,2021,3,19,Houthavens_West,0,lon_4878455749866193_lat_52393122038194974_radius_1_d0_f,lon_4878455749866193_lat_52393122038194974_radius_1,0,f
ATM_square_equirectangular/Houthavens_West/lon_4878455749866193_lat_52393122038194974_radius_1_d0_f/20220408TMX7316010203-002497pano_0006_000848_4.87844789490936_52.3931153357085.jpg,2022,4,8,Houthavens_West,0,lon_4878455749866193_lat_52393122038194974_radius_1_d0_f,lon_4878455749866193_lat_52393122038194974_radius_1,0,f
ATM_square_equirectangular/Houthavens_West/lon_4878455749866193_lat_52393122038194974_radius_1_d0_r/20160615TMX7315080123-000291pano_0000_001648_4.87845608638035_52.3931231679628.jpg,2016,6,15,Houthavens_West,0,lon_4878455749866193_lat_52393122038194974_radius_1_d0_r,lon_4878455749866193_lat_52393122038194974_radius_1,0,r
ATM_square_equirectangular/Houthavens_West/lon_4878455749866193_lat_52393122038194974_radius_1_d0_r/20200129TMX7316010203-001596pano_0001_000054_4.87846639161728_52.3931206230178.jpg,2020,1,29,Houthavens_West,1,lon_4878455749866193_lat_52393122038194974_radius_1_d0_r,lon_4878455749866193_lat_52393122038194974_radius_1,0,r
ATM_square_equirectangular/Houthavens_West/lon_4878455749866193_lat_52393122038194974_radius_1_d0_r/20200814TMX7316010203-001875pano_0003_001645_4.87844964478419_52.3931236531868.jpg,2020,8,14,Houthavens_West,0,lon_4878455749866193_lat_52393122038194974_radius_1_d0_r,lon_4878455749866193_lat_52393122038194974_radius_1,0,r
ATM_square_equirectangular/Houthavens_West/lon_4878455749866193_lat_52393122038194974_radius_1_d0_r/20210224TMX7316010203-002026pano_0000_002893_4.8784569094203_52.3931203460894.jpg,2021,2,24,Houthavens_West,0,lon_4878455749866193_lat_52393122038194974_radius_1_d0_r,lon_4878455749866193_lat_52393122038194974_radius_1,0,r
ATM_square_equirectangular/Houthavens_West/lon_4878455749866193_lat_52393122038194974_radius_1_d0_r/20210319TMX7316010203-002051pano_0000_000693_4.87844971712884_52.3931224007181.jpg,2021,3,19,Houthavens_West,0,lon_4878455749866193_lat_52393122038194974_radius_1_d0_r,lon_4878455749866193_lat_52393122038194974_radius_1,0,r
ATM_square_equirectangular/Houthavens_West/lon_4878455749866193_lat_52393122038194974_radius_1_d0_r/20220408TMX7316010203-002497pano_0006_000848_4.87844789490936_52.3931153357085.jpg,2022,4,8,Houthavens_West,0,lon_4878455749866193_lat_52393122038194974_radius_1_d0_r,lon_4878455749866193_lat_52393122038194974_radius_1,0,r
ATM_square_equirectangular/Louis_Chrispijnbuurt/lon_4824576328995368_lat_5235250995075069_radius_1_d-300_l/20170508TMX7316010203-000288pano_0001_000468_4.82458122092366_52.3525072335725.jpg,2017,5,8,Louis_Chrispijnbuurt,0,lon_4824576328995368_lat_5235250995075069_radius_1_d-300_l,lon_4824576328995368_lat_5235250995075069_radius_1,-300,l
ATM_square_equirectangular/Louis_Chrispijnbuurt/lon_4824576328995368_lat_5235250995075069_radius_1_d-300_l/20200507TMX7316010203-001695pano_0000_000337_4.82457692908376_52.3525120880113.jpg,2020,5,7,Louis_Chrispijnbuurt,1,lon_4824576328995368_lat_5235250995075069_radius_1_d-300_l,lon_4824576328995368_lat_5235250995075069_radius_1,-300,l
ATM_square_equirectangular/Louis_Chrispijnbuurt/lon_4824576328995368_lat_5235250995075069_radius_1_d-300_l/20210412TMX7316010203-002086pano_0000_004687_4.82457108063281_52.3525144930463.jpg,2021,4,12,Louis_Chrispijnbuurt,0,lon_4824576328995368_lat_5235250995075069_radius_1_d-300_l,lon_4824576328995368_lat_5235250995075069_radius_1,-300,l
ATM_square_equirectangular/Louis_Chrispijnbuurt/lon_4824576328995368_lat_5235250995075069_radius_1_d-300_l/20220411TMX7316010203-002505pano_0004_000673_4.82457937319239_52.3525106733015.jpg,2022,4,11,Louis_Chrispijnbuurt,0,lon_4824576328995368_lat_5235250995075069_radius_1_d-300_l,lon_4824576328995368_lat_5235250995075069_radius_1,-300,l
ATM_square_equirectangular/Louis_Chrispijnbuurt/lon_4824576328995368_lat_5235250995075069_radius_1_d-300_b/20170508TMX7316010203-000288pano_0001_000468_4.82458122092366_52.3525072335725.jpg,2017,5,8,Louis_Chrispijnbuurt,0,lon_4824576328995368_lat_5235250995075069_radius_1_d-300_b,lon_4824576328995368_lat_5235250995075069_radius_1,-300,b
ATM_square_equirectangular/Louis_Chrispijnbuurt/lon_4824576328995368_lat_5235250995075069_radius_1_d-300_b/20200507TMX7316010203-001695pano_0000_000337_4.82457692908376_52.3525120880113.jpg,2020,5,7,Louis_Chrispijnbuurt,1,lon_4824576328995368_lat_5235250995075069_radius_1_d-300_b,lon_4824576328995368_lat_5235250995075069_radius_1,-300,b
ATM_square_equirectangular/Louis_Chrispijnbuurt/lon_4824576328995368_lat_5235250995075069_radius_1_d-300_b/20210412TMX7316010203-002086pano_0000_004687_4.82457108063281_52.3525144930463.jpg,2021,4,12,Louis_Chrispijnbuurt,0,lon_4824576328995368_lat_5235250995075069_radius_1_d-300_b,lon_4824576328995368_lat_5235250995075069_radius_1,-300,b
ATM_square_equirectangular/Louis_Chrispijnbuurt/lon_4824576328995368_lat_5235250995075069_radius_1_d-300_b/20220411TMX7316010203-002505pano_0004_000673_4.82457937319239_52.3525106733015.jpg,2022,4,11,Louis_Chrispijnbuurt,0,lon_4824576328995368_lat_5235250995075069_radius_1_d-300_b,lon_4824576328995368_lat_5235250995075069_radius_1,-300,b
ATM_square_equirectangular/Osdorp_Zuidoost/lon_4808321168033406_lat_52351887204847735_radius_1_d0_l/20160812TMX7316010203-000058pano_0000_003936_4.80832268239488_52.3518854691699.jpg,2016,8,12,Osdorp_Zuidoost,0,lon_4808321168033406_lat_52351887204847735_radius_1_d0_l,lon_4808321168033406_lat_52351887204847735_radius_1,0,l
ATM_square_equirectangular/Osdorp_Zuidoost/lon_4808321168033406_lat_52351887204847735_radius_1_d0_l/20170503TMX7316010203-000284pano_0000_003809_4.80832101699741_52.3518928539079.jpg,2017,5,3,Osdorp_Zuidoost,1,lon_4808321168033406_lat_52351887204847735_radius_1_d0_l,lon_4808321168033406_lat_52351887204847735_radius_1,0,l
ATM_square_equirectangular/Osdorp_Zuidoost/lon_4808321168033406_lat_52351887204847735_radius_1_d0_l/20180108TMX7316010203-000535pano_0000_000867_4.80831980470793_52.3518832914654.jpg,2018,1,8,Osdorp_Zuidoost,0,lon_4808321168033406_lat_52351887204847735_radius_1_d0_l,lon_4808321168033406_lat_52351887204847735_radius_1,0,l
ATM_square_equirectangular/Osdorp_Zuidoost/lon_4808321168033406_lat_52351887204847735_radius_1_d0_l/20220413TMX7316010203-002514pano_0000_001469_4.80833418126128_52.3518845927823.jpg,2022,4,13,Osdorp_Zuidoost,0,lon_4808321168033406_lat_52351887204847735_radius_1_d0_l,lon_4808321168033406_lat_52351887204847735_radius_1,0,l
ATM_square_equirectangular/Schinkelbuurt_Zuid/lon_4852529572937993_lat_523496675984753_radius_1_d0_f/20160804TMX7316060226-000013pano_0000_003337_4.8525261888307_52.3496603526498.jpg,2016,8,4,Schinkelbuurt_Zuid,0,lon_4852529572937993_lat_523496675984753_radius_1_d0_f,lon_4852529572937993_lat_523496675984753_radius_1,0,f
ATM_square_equirectangular/Schinkelbuurt_Zuid/lon_4852529572937993_lat_523496675984753_radius_1_d0_f/20180611TMX7316010203-000784pano_0002_000092_4.85252596646272_52.3496668303482.jpg,2018,6,11,Schinkelbuurt_Zuid,1,lon_4852529572937993_lat_523496675984753_radius_1_d0_f,lon_4852529572937993_lat_523496675984753_radius_1,0,f
ATM_square_equirectangular/Schinkelbuurt_Zuid/lon_4852529572937993_lat_523496675984753_radius_1_d0_f/20190117TMX7316010203-001061pano_0001_000282_4.85253073032658_52.3496706688359.jpg,2019,1,17,Schinkelbuurt_Zuid,0,lon_4852529572937993_lat_523496675984753_radius_1_d0_f,lon_4852529572937993_lat_523496675984753_radius_1,0,f
ATM_square_equirectangular/Schinkelbuurt_Zuid/lon_4852529572937993_lat_523496675984753_radius_1_d0_f/20190117TMX7316010203-001061pano_0001_000284_4.85253302758947_52.3496708969908.jpg,2019,1,17,Schinkelbuurt_Zuid,0,lon_4852529572937993_lat_523496675984753_radius_1_d0_f,lon_4852529572937993_lat_523496675984753_radius_1,0,f
ATM_square_equirectangular/Schinkelbuurt_Zuid/lon_4852529572937993_lat_523496675984753_radius_1_d0_f/20200513TMX7316010203-001708pano_0000_000257_4.85252703567664_52.3496656719286.jpg,2020,5,13,Schinkelbuurt_Zuid,0,lon_4852529572937993_lat_523496675984753_radius_1_d0_f,lon_4852529572937993_lat_523496675984753_radius_1,0,f
ATM_square_equirectangular/Schinkelbuurt_Zuid/lon_4852529572937993_lat_523496675984753_radius_1_d0_f/20210428TMX7316010203-002120pano_0000_006014_4.85253448874185_52.3496711700985.jpg,2021,4,28,Schinkelbuurt_Zuid,0,lon_4852529572937993_lat_523496675984753_radius_1_d0_f,lon_4852529572937993_lat_523496675984753_radius_1,0,f
ATM_square_equirectangular/Delflandpleinbuurt_Oost/lon_48440500508292805_lat_5234954813147786_radius_1_d0_r/20160727TMX7316010203-000029pano_0003_000404_4.84405066644765_52.3495536755027.jpg,2016,7,27,Delflandpleinbuurt_Oost,0,lon_48440500508292805_lat_5234954813147786_radius_1_d0_r,lon_48440500508292805_lat_5234954813147786_radius_1,0,r
ATM_square_equirectangular/Delflandpleinbuurt_Oost/lon_48440500508292805_lat_5234954813147786_radius_1_d0_r/20180612TMX7316010203-000785pano_0001_000964_4.8440510199883_52.3495451548083.jpg,2018,6,12,Delflandpleinbuurt_Oost,1,lon_48440500508292805_lat_5234954813147786_radius_1_d0_r,lon_48440500508292805_lat_5234954813147786_radius_1,0,r
ATM_square_equirectangular/Delflandpleinbuurt_Oost/lon_48440500508292805_lat_5234954813147786_radius_1_d0_r/20181115TMX7316010203-000985pano_0001_000964_4.8440510199883_52.3495451548083.jpg,2018,11,15,Delflandpleinbuurt_Oost,0,lon_48440500508292805_lat_5234954813147786_radius_1_d0_r,lon_48440500508292805_lat_5234954813147786_radius_1,0,r
ATM_square_equirectangular/Delflandpleinbuurt_Oost/lon_48440500508292805_lat_5234954813147786_radius_1_d0_r/20210219TMX7316010203-002020pano_0000_003017_4.84405430874954_52.3495402115557.jpg,2021,2,19,Delflandpleinbuurt_Oost,0,lon_48440500508292805_lat_5234954813147786_radius_1_d0_r,lon_48440500508292805_lat_5234954813147786_radius_1,0,r
ATM_square_equirectangular/Delflandpleinbuurt_Oost/lon_48440500508292805_lat_5234954813147786_radius_1_d0_r/20220106TMX7316010203-002393pano_0006_000044_4.84404724919058_52.3495469218675.jpg,2022,1,6,Delflandpleinbuurt_Oost,0,lon_48440500508292805_lat_5234954813147786_radius_1_d0_r,lon_48440500508292805_lat_5234954813147786_radius_1,0,r
ATM_square_equirectangular/Delflandpleinbuurt_Oost/lon_48440500508292805_lat_5234954813147786_radius_1_d0_l/20160727TMX7316010203-000029pano_0003_000404_4.84405066644765_52.3495536755027.jpg,2016,7,27,Delflandpleinbuurt_Oost,0,lon_48440500508292805_lat_5234954813147786_radius_1_d0_l,lon_48440500508292805_lat_5234954813147786_radius_1,0,l
ATM_square_equirectangular/Delflandpleinbuurt_Oost/lon_48440500508292805_lat_5234954813147786_radius_1_d0_l/20180612TMX7316010203-000785pano_0001_000964_4.8440510199883_52.3495451548083.jpg,2018,6,12,Delflandpleinbuurt_Oost,0,lon_48440500508292805_lat_5234954813147786_radius_1_d0_l,lon_48440500508292805_lat_5234954813147786_radius_1,0,l
ATM_square_equirectangular/Delflandpleinbuurt_Oost/lon_48440500508292805_lat_5234954813147786_radius_1_d0_l/20181115TMX7316010203-000985pano_0001_000964_4.8440510199883_52.3495451548083.jpg,2018,11,15,Delflandpleinbuurt_Oost,0,lon_48440500508292805_lat_5234954813147786_radius_1_d0_l,lon_48440500508292805_lat_5234954813147786_radius_1,0,l
ATM_square_equirectangular/Delflandpleinbuurt_Oost/lon_48440500508292805_lat_5234954813147786_radius_1_d0_l/20210219TMX7316010203-002020pano_0000_003017_4.84405430874954_52.3495402115557.jpg,2021,2,19,Delflandpleinbuurt_Oost,1,lon_48440500508292805_lat_5234954813147786_radius_1_d0_l,lon_48440500508292805_lat_5234954813147786_radius_1,0,l
ATM_square_equirectangular/Delflandpleinbuurt_Oost/lon_48440500508292805_lat_5234954813147786_radius_1_d0_l/20220106TMX7316010203-002393pano_0006_000044_4.84404724919058_52.3495469218675.jpg,2022,1,6,Delflandpleinbuurt_Oost,0,lon_48440500508292805_lat_5234954813147786_radius_1_d0_l,lon_48440500508292805_lat_5234954813147786_radius_1,0,l
ATM_square_equirectangular/Kadoelen/lon_490608279852325_lat_5241038602462093_radius_1_d0_f/20180724TMX7316010203-000857pano_0000_005246_4.90608572053387_52.410388575806.jpg,2018,7,24,Kadoelen,0,lon_490608279852325_lat_5241038602462093_radius_1_d0_f,lon_490608279852325_lat_5241038602462093_radius_1,0,f
ATM_square_equirectangular/Kadoelen/lon_490608279852325_lat_5241038602462093_radius_1_d0_f/20181219TMX7316010203-001026pano_0005_000180_4.90607863454086_52.4103863671661.jpg,2018,12,19,Kadoelen,0,lon_490608279852325_lat_5241038602462093_radius_1_d0_f,lon_490608279852325_lat_5241038602462093_radius_1,0,f
ATM_square_equirectangular/Kadoelen/lon_490608279852325_lat_5241038602462093_radius_1_d0_f/20210623TMX7316010203-002188pano_0000_001948_4.90608404049502_52.4103831308907.jpg,2021,6,23,Kadoelen,1,lon_490608279852325_lat_5241038602462093_radius_1_d0_f,lon_490608279852325_lat_5241038602462093_radius_1,0,f
ATM_square_equirectangular/Kadoelen/lon_490608279852325_lat_5241038602462093_radius_1_d0_f/20220510TMX7316010203-002570pano_0000_000270_4.9060827444689_52.4103876415782.jpg,2022,5,10,Kadoelen,0,lon_490608279852325_lat_5241038602462093_radius_1_d0_f,lon_490608279852325_lat_5241038602462093_radius_1,0,f
ATM_square_equirectangular/Tuindorp_Frankendael/lon_4934971342797742_lat_5234612086819195_radius_1_d0_f/20170330TMX7316010203-000232pano_0000_000488_4.93497317078736_52.3461153387618.jpg,2017,3,30,Tuindorp_Frankendael,0,lon_4934971342797742_lat_5234612086819195_radius_1_d0_f,lon_4934971342797742_lat_5234612086819195_radius_1,0,f
ATM_square_equirectangular/Tuindorp_Frankendael/lon_4934971342797742_lat_5234612086819195_radius_1_d0_f/20180525TMX7316010203-000753pano_0000_001271_4.93497539830047_52.3461278064043.jpg,2018,5,25,Tuindorp_Frankendael,1,lon_4934971342797742_lat_5234612086819195_radius_1_d0_f,lon_4934971342797742_lat_5234612086819195_radius_1,0,f
ATM_square_equirectangular/Tuindorp_Frankendael/lon_4934971342797742_lat_5234612086819195_radius_1_d0_f/20181211TMX7316010203-001008pano_0000_000203_4.93496023239068_52.3461200012479.jpg,2018,12,11,Tuindorp_Frankendael,0,lon_4934971342797742_lat_5234612086819195_radius_1_d0_f,lon_4934971342797742_lat_5234612086819195_radius_1,0,f
ATM_square_equirectangular/Tuindorp_Frankendael/lon_4934971342797742_lat_5234612086819195_radius_1_d0_f/20190516TMX7316010203-001191pano_0000_002258_4.93497007602064_52.3461191936528.jpg,2019,5,16,Tuindorp_Frankendael,0,lon_4934971342797742_lat_5234612086819195_radius_1_d0_f,lon_4934971342797742_lat_5234612086819195_radius_1,0,f
ATM_square_equirectangular/Tuindorp_Frankendael/lon_4934971342797742_lat_5234612086819195_radius_1_d0_f/20200430TMX7316010203-001684pano_0000_004670_4.93497783648956_52.346122000893.jpg,2020,4,30,Tuindorp_Frankendael,0,lon_4934971342797742_lat_5234612086819195_radius_1_d0_f,lon_4934971342797742_lat_5234612086819195_radius_1,0,f
ATM_square_equirectangular/Tuindorp_Frankendael/lon_4934971342797742_lat_5234612086819195_radius_1_d0_f/20220518TMX7316010203-002585pano_0001_000010_4.93497395996903_52.3461233940439.jpg,2022,5,18,Tuindorp_Frankendael,0,lon_4934971342797742_lat_5234612086819195_radius_1_d0_f,lon_4934971342797742_lat_5234612086819195_radius_1,0,f
ATM_square_equirectangular/Tuindorp_Frankendael/lon_4935222735285707_lat_5234709349782684_radius_1_d0_b/20170330TMX7316010203-000232pano_0000_000921_4.93521422659078_52.3470959910567.jpg,2017,3,30,Tuindorp_Frankendael,0,lon_4935222735285707_lat_5234709349782684_radius_1_d0_b,lon_4935222735285707_lat_5234709349782684_radius_1,0,b
ATM_square_equirectangular/Tuindorp_Frankendael/lon_4935222735285707_lat_5234709349782684_radius_1_d0_b/20180525TMX7316010203-000753pano_0000_001441_4.93522638573792_52.3470896365604.jpg,2018,5,25,Tuindorp_Frankendael,1,lon_4935222735285707_lat_5234709349782684_radius_1_d0_b,lon_4935222735285707_lat_5234709349782684_radius_1,0,b
ATM_square_equirectangular/Tuindorp_Frankendael/lon_4935222735285707_lat_5234709349782684_radius_1_d0_b/20181211TMX7316010203-001008pano_0000_000289_4.93522236606005_52.3470941999165.jpg,2018,12,11,Tuindorp_Frankendael,0,lon_4935222735285707_lat_5234709349782684_radius_1_d0_b,lon_4935222735285707_lat_5234709349782684_radius_1,0,b
ATM_square_equirectangular/Tuindorp_Frankendael/lon_4935222735285707_lat_5234709349782684_radius_1_d0_b/20210531TMX7316010203-002144pano_0000_002476_4.93522796275408_52.3470941637738.jpg,2021,5,31,Tuindorp_Frankendael,0,lon_4935222735285707_lat_5234709349782684_radius_1_d0_b,lon_4935222735285707_lat_5234709349782684_radius_1,0,b
ATM_square_equirectangular/K-buurt_Midden/lon_4983003249173575_lat_52316414317119325_radius_1_d0_r/20170614TMX7316010203-000336pano_0000_003492_4.98300486315327_52.3164166168142.jpg,2017,6,14,K-buurt_Midden,0,lon_4983003249173575_lat_52316414317119325_radius_1_d0_r,lon_4983003249173575_lat_52316414317119325_radius_1,0,r
ATM_square_equirectangular/K-buurt_Midden/lon_4983003249173575_lat_52316414317119325_radius_1_d0_r/20180717TMX7316010203-000843pano_0000_000836_4.98300017690486_52.3164079111159.jpg,2018,7,17,K-buurt_Midden,1,lon_4983003249173575_lat_52316414317119325_radius_1_d0_r,lon_4983003249173575_lat_52316414317119325_radius_1,0,r
ATM_square_equirectangular/K-buurt_Midden/lon_4983003249173575_lat_52316414317119325_radius_1_d0_r/20190625TMX7316010203-001246pano_0000_004057_4.98300144327669_52.3164199345131.jpg,2019,6,25,K-buurt_Midden,0,lon_4983003249173575_lat_52316414317119325_radius_1_d0_r,lon_4983003249173575_lat_52316414317119325_radius_1,0,r
ATM_square_equirectangular/K-buurt_Midden/lon_4983003249173575_lat_52316414317119325_radius_1_d0_r/20210604TMX7316010203-002156pano_0000_008296_4.98300651335948_52.3164128060341.jpg,2021,6,4,K-buurt_Midden,0,lon_4983003249173575_lat_52316414317119325_radius_1_d0_r,lon_4983003249173575_lat_52316414317119325_radius_1,0,r
ATM_square_equirectangular/Kolenkitbuurt_Noord/lon_484259000236844_lat_523789264145322_radius_1_d0_r/20170522TMX7316010203-000305pano_0000_006163_4.84259451550487_52.378929372601.jpg,2017,5,22,Kolenkitbuurt_Noord,0,lon_484259000236844_lat_523789264145322_radius_1_d0_r,lon_484259000236844_lat_523789264145322_radius_1,0,r
ATM_square_equirectangular/Kolenkitbuurt_Noord/lon_484259000236844_lat_523789264145322_radius_1_d0_r/20180108TMX7316010203-000535pano_0000_009051_4.84258604840793_52.3789237507978.jpg,2018,1,8,Kolenkitbuurt_Noord,1,lon_484259000236844_lat_523789264145322_radius_1_d0_r,lon_484259000236844_lat_523789264145322_radius_1,0,r
ATM_square_equirectangular/Kolenkitbuurt_Noord/lon_484259000236844_lat_523789264145322_radius_1_d0_r/20191210TMX7316010203-001503pano_0002_001453_4.84258944319252_52.3789261201978.jpg,2019,12,10,Kolenkitbuurt_Noord,1,lon_484259000236844_lat_523789264145322_radius_1_d0_r,lon_484259000236844_lat_523789264145322_radius_1,0,r
ATM_square_equirectangular/Kolenkitbuurt_Noord/lon_484259000236844_lat_523789264145322_radius_1_d0_b/20170522TMX7316010203-000305pano_0000_006163_4.84259451550487_52.378929372601.jpg,2017,5,22,Kolenkitbuurt_Noord,0,lon_484259000236844_lat_523789264145322_radius_1_d0_b,lon_484259000236844_lat_523789264145322_radius_1,0,b
ATM_square_equirectangular/Kolenkitbuurt_Noord/lon_484259000236844_lat_523789264145322_radius_1_d0_b/20180108TMX7316010203-000535pano_0000_009051_4.84258604840793_52.3789237507978.jpg,2018,1,8,Kolenkitbuurt_Noord,0,lon_484259000236844_lat_523789264145322_radius_1_d0_b,lon_484259000236844_lat_523789264145322_radius_1,0,b
ATM_square_equirectangular/Kolenkitbuurt_Noord/lon_484259000236844_lat_523789264145322_radius_1_d0_b/20191210TMX7316010203-001503pano_0002_001453_4.84258944319252_52.3789261201978.jpg,2019,12,10,Kolenkitbuurt_Noord,1,lon_484259000236844_lat_523789264145322_radius_1_d0_b,lon_484259000236844_lat_523789264145322_radius_1,0,b
ATM_square_equirectangular/Louis_Chrispijnbuurt/lon_4824159490510754_lat_52352510209716215_radius_1_d-400_b/20160726TMX7316010203-000024pano_0002_000424_4.82415576200783_52.3525158787396.jpg,2016,7,26,Louis_Chrispijnbuurt,0,lon_4824159490510754_lat_52352510209716215_radius_1_d-400_b,lon_4824159490510754_lat_52352510209716215_radius_1,-400,b
ATM_square_equirectangular/Louis_Chrispijnbuurt/lon_4824159490510754_lat_52352510209716215_radius_1_d-400_b/20170508TMX7316010203-000288pano_0001_000465_4.82415817767786_52.3525064607743.jpg,2017,5,8,Louis_Chrispijnbuurt,1,lon_4824159490510754_lat_52352510209716215_radius_1_d-400_b,lon_4824159490510754_lat_52352510209716215_radius_1,-400,b
ATM_square_equirectangular/Louis_Chrispijnbuurt/lon_4824159490510754_lat_52352510209716215_radius_1_d-400_b/20180703TMX7316010203-000823pano_0000_001908_4.82416044256009_52.3525130261856.jpg,2018,7,3,Louis_Chrispijnbuurt,1,lon_4824159490510754_lat_52352510209716215_radius_1_d-400_b,lon_4824159490510754_lat_52352510209716215_radius_1,-400,b
ATM_square_equirectangular/Louis_Chrispijnbuurt/lon_4824159490510754_lat_52352510209716215_radius_1_d-400_b/20190102TMX7316010203-001031pano_0009_000037_4.82416415405452_52.3525066679488.jpg,2019,1,2,Louis_Chrispijnbuurt,0,lon_4824159490510754_lat_52352510209716215_radius_1_d-400_b,lon_4824159490510754_lat_52352510209716215_radius_1,-400,b
ATM_square_equirectangular/Louis_Chrispijnbuurt/lon_4824159490510754_lat_52352510209716215_radius_1_d-400_b/20191218TMX7316010203-001523pano_0000_004304_4.82416528005891_52.3525024752104.jpg,2019,12,18,Louis_Chrispijnbuurt,0,lon_4824159490510754_lat_52352510209716215_radius_1_d-400_b,lon_4824159490510754_lat_52352510209716215_radius_1,-400,b
ATM_square_equirectangular/Louis_Chrispijnbuurt/lon_4824159490510754_lat_52352510209716215_radius_1_d-400_b/20200507TMX7316010203-001695pano_0000_000331_4.82414743085395_52.3525056148601.jpg,2020,5,7,Louis_Chrispijnbuurt,0,lon_4824159490510754_lat_52352510209716215_radius_1_d-400_b,lon_4824159490510754_lat_52352510209716215_radius_1,-400,b
ATM_square_equirectangular/Louis_Chrispijnbuurt/lon_4824159490510754_lat_52352510209716215_radius_1_d-400_b/20220107TMX7316010203-002397pano_0003_000015_4.82415730916046_52.352512566389.jpg,2022,1,7,Louis_Chrispijnbuurt,0,lon_4824159490510754_lat_52352510209716215_radius_1_d-400_b,lon_4824159490510754_lat_52352510209716215_radius_1,-400,b
ATM_square_equirectangular/Louis_Chrispijnbuurt/lon_4824447607668804_lat_5235251885882553_radius_1_d0_r/20160726TMX7316010203-000024pano_0002_000420_4.82444419235259_52.3525218743843.jpg,2016,7,26,Louis_Chrispijnbuurt,0,lon_4824447607668804_lat_5235251885882553_radius_1_d0_r,lon_4824447607668804_lat_5235251885882553_radius_1,0,r
ATM_square_equirectangular/Louis_Chrispijnbuurt/lon_4824447607668804_lat_5235251885882553_radius_1_d0_r/20180703TMX7316010203-000823pano_0000_001904_4.82445233877954_52.3525180757992.jpg,2018,7,3,Louis_Chrispijnbuurt,1,lon_4824447607668804_lat_5235251885882553_radius_1_d0_r,lon_4824447607668804_lat_5235251885882553_radius_1,0,r
ATM_square_equirectangular/Louis_Chrispijnbuurt/lon_4824447607668804_lat_5235251885882553_radius_1_d0_r/20220107TMX7316010203-002397pano_0003_000011_4.82444629187428_52.3525166262931.jpg,2022,1,7,Louis_Chrispijnbuurt,0,lon_4824447607668804_lat_5235251885882553_radius_1_d0_r,lon_4824447607668804_lat_5235251885882553_radius_1,0,r
ATM_square_equirectangular/Louis_Chrispijnbuurt/lon_4824447607668804_lat_5235251885882553_radius_1_d0_b/20160726TMX7316010203-000024pano_0002_000420_4.82444419235259_52.3525218743843.jpg,2016,7,26,Louis_Chrispijnbuurt,0,lon_4824447607668804_lat_5235251885882553_radius_1_d0_b,lon_4824447607668804_lat_5235251885882553_radius_1,0,b
ATM_square_equirectangular/Louis_Chrispijnbuurt/lon_4824447607668804_lat_5235251885882553_radius_1_d0_b/20180703TMX7316010203-000823pano_0000_001904_4.82445233877954_52.3525180757992.jpg,2018,7,3,Louis_Chrispijnbuurt,1,lon_4824447607668804_lat_5235251885882553_radius_1_d0_b,lon_4824447607668804_lat_5235251885882553_radius_1,0,b
ATM_square_equirectangular/Louis_Chrispijnbuurt/lon_4824447607668804_lat_5235251885882553_radius_1_d0_b/20220107TMX7316010203-002397pano_0003_000011_4.82444629187428_52.3525166262931.jpg,2022,1,7,Louis_Chrispijnbuurt,0,lon_4824447607668804_lat_5235251885882553_radius_1_d0_b,lon_4824447607668804_lat_5235251885882553_radius_1,0,b
ATM_square_equirectangular/Bosleeuw/lon_4847432920883667_lat_5237969294502167_radius_1_d0_f/20160615TMX7315080123-000294pano_0000_001050_4.84743634622559_52.3796956463477.jpg,2016,6,15,Bosleeuw,0,lon_4847432920883667_lat_5237969294502167_radius_1_d0_f,lon_4847432920883667_lat_5237969294502167_radius_1,0,f
ATM_square_equirectangular/Bosleeuw/lon_4847432920883667_lat_5237969294502167_radius_1_d0_f/20180620TMX7316010203-000798pano_0000_002492_4.84743598872257_52.3796930630554.jpg,2018,6,20,Bosleeuw,1,lon_4847432920883667_lat_5237969294502167_radius_1_d0_f,lon_4847432920883667_lat_5237969294502167_radius_1,0,f
ATM_square_equirectangular/Bosleeuw/lon_4847432920883667_lat_5237969294502167_radius_1_d0_f/20190107TMX7316010203-001040pano_0004_000397_4.84742642770284_52.3796901256619.jpg,2019,1,7,Bosleeuw,0,lon_4847432920883667_lat_5237969294502167_radius_1_d0_f,lon_4847432920883667_lat_5237969294502167_radius_1,0,f
ATM_square_equirectangular/Bosleeuw/lon_4848379169847964_lat_52379803104616265_radius_1_d10_f/20170421TMX7316010203-000275pano_0000_000929_4.84837706305888_52.3798036547425.jpg,2017,4,21,Bosleeuw,0,lon_4848379169847964_lat_52379803104616265_radius_1_d10_f,lon_4848379169847964_lat_52379803104616265_radius_1,10,f
ATM_square_equirectangular/Bosleeuw/lon_4848379169847964_lat_52379803104616265_radius_1_d10_f/20190416TMX7316010203-001130pano_0001_001816_4.84838578478034_52.379801011096.jpg,2019,4,16,Bosleeuw,1,lon_4848379169847964_lat_52379803104616265_radius_1_d10_f,lon_4848379169847964_lat_52379803104616265_radius_1,10,f
ATM_square_equirectangular/Bosleeuw/lon_4848379169847964_lat_52379803104616265_radius_1_d10_f/20210329TMX7316010203-002066pano_0000_003799_4.84837466170467_52.3798046480103.jpg,2021,3,29,Bosleeuw,0,lon_4848379169847964_lat_52379803104616265_radius_1_d10_f,lon_4848379169847964_lat_52379803104616265_radius_1,10,f
ATM_square_equirectangular/Bosleeuw/lon_4849954212687495_lat_523802056285614_radius_1_d0_f/20160615TMX7315080123-000293pano_0000_000446_4.84995024361031_52.3802027069439.jpg,2016,6,15,Bosleeuw,0,lon_4849954212687495_lat_523802056285614_radius_1_d0_f,lon_4849954212687495_lat_523802056285614_radius_1,0,f
ATM_square_equirectangular/Bosleeuw/lon_4849954212687495_lat_523802056285614_radius_1_d0_f/20160615TMX7315080123-000294pano_0000_001014_4.84994469956144_52.3802075982124.jpg,2016,6,15,Bosleeuw,0,lon_4849954212687495_lat_523802056285614_radius_1_d0_f,lon_4849954212687495_lat_523802056285614_radius_1,0,f
ATM_square_equirectangular/Bosleeuw/lon_4849954212687495_lat_523802056285614_radius_1_d0_f/20180620TMX7316010203-000798pano_0000_002174_4.84996171004149_52.3802015311779.jpg,2018,6,20,Bosleeuw,1,lon_4849954212687495_lat_523802056285614_radius_1_d0_f,lon_4849954212687495_lat_523802056285614_radius_1,0,f
ATM_square_equirectangular/Bosleeuw/lon_4849954212687495_lat_523802056285614_radius_1_d0_f/20190107TMX7316010203-001040pano_0004_000140_4.84994623383399_52.3802080624547.jpg,2019,1,7,Bosleeuw,0,lon_4849954212687495_lat_523802056285614_radius_1_d0_f,lon_4849954212687495_lat_523802056285614_radius_1,0,f
ATM_square_equirectangular/Bosleeuw/lon_4849954212687495_lat_523802056285614_radius_1_d0_f/20200514TMX7316010203-001714pano_0000_001003_4.84996817639024_52.3802082440181.jpg,2020,5,14,Bosleeuw,0,lon_4849954212687495_lat_523802056285614_radius_1_d0_f,lon_4849954212687495_lat_523802056285614_radius_1,0,f
ATM_square_equirectangular/Bosleeuw/lon_4850004630497296_lat_52380817695557425_radius_1_d0_r/20160615TMX7315080123-000293pano_0000_000686_4.85000834816853_52.3808160998681.jpg,2016,6,15,Bosleeuw,0,lon_4850004630497296_lat_52380817695557425_radius_1_d0_r,lon_4850004630497296_lat_52380817695557425_radius_1,0,r
ATM_square_equirectangular/Bosleeuw/lon_4850004630497296_lat_52380817695557425_radius_1_d0_r/20160615TMX7315080123-000294pano_0000_000999_4.84999731786012_52.3808196309434.jpg,2016,6,15,Bosleeuw,0,lon_4850004630497296_lat_52380817695557425_radius_1_d0_r,lon_4850004630497296_lat_52380817695557425_radius_1,0,r
ATM_square_equirectangular/Bosleeuw/lon_4850004630497296_lat_52380817695557425_radius_1_d0_r/20170421TMX7316010203-000275pano_0000_000737_4.85000822546324_52.3808173558608.jpg,2017,4,21,Bosleeuw,1,lon_4850004630497296_lat_52380817695557425_radius_1_d0_r,lon_4850004630497296_lat_52380817695557425_radius_1,0,r
ATM_square_equirectangular/Steigereiland_West/lon_4983054370798826_lat_52360223252909066_radius_1_d0_b/20160606TMX7315120208-000067pano_0021_000088_4.98305419497187_52.3602236923333.jpg,2016,6,6,Steigereiland_West,0,lon_4983054370798826_lat_52360223252909066_radius_1_d0_b,lon_4983054370798826_lat_52360223252909066_radius_1,0,b
ATM_square_equirectangular/Steigereiland_West/lon_4983054370798826_lat_52360223252909066_radius_1_d0_b/20170403TMX7316010203-000240pano_0001_000750_4.98305769199514_52.3602263247608.jpg,2017,4,3,Steigereiland_West,0,lon_4983054370798826_lat_52360223252909066_radius_1_d0_b,lon_4983054370798826_lat_52360223252909066_radius_1,0,b
ATM_square_equirectangular/Steigereiland_West/lon_4983054370798826_lat_52360223252909066_radius_1_d0_b/20210601TMX7316010203-002149pano_0001_001347_4.98305122542947_52.3602197416331.jpg,2021,6,1,Steigereiland_West,1,lon_4983054370798826_lat_52360223252909066_radius_1_d0_b,lon_4983054370798826_lat_52360223252909066_radius_1,0,b
ATM_square_equirectangular/Burgemeester_Tellegenbuurt_Oost/lon_4902125443708437_lat_5235153142133203_radius_1_d0_f/20170407TMX7316010203-000252pano_0000_002970_4.90212953730732_52.3515298794279.jpg,2017,4,7,Burgemeester_Tellegenbuurt_Oost,0,lon_4902125443708437_lat_5235153142133203_radius_1_d0_f,lon_4902125443708437_lat_5235153142133203_radius_1,0,f
ATM_square_equirectangular/Burgemeester_Tellegenbuurt_Oost/lon_4902125443708437_lat_5235153142133203_radius_1_d0_f/20180605TMX7316010203-000776pano_0000_000551_4.90212465311893_52.3515349980343.jpg,2018,6,5,Burgemeester_Tellegenbuurt_Oost,1,lon_4902125443708437_lat_5235153142133203_radius_1_d0_f,lon_4902125443708437_lat_5235153142133203_radius_1,0,f
ATM_square_equirectangular/Burgemeester_Tellegenbuurt_Oost/lon_4902125443708437_lat_5235153142133203_radius_1_d0_f/20190109TMX7316010203-001045pano_0000_001421_4.9021130426377_52.351528034194.jpg,2019,1,9,Burgemeester_Tellegenbuurt_Oost,0,lon_4902125443708437_lat_5235153142133203_radius_1_d0_f,lon_4902125443708437_lat_5235153142133203_radius_1,0,f
ATM_square_equirectangular/Burgemeester_Tellegenbuurt_Oost/lon_4902125443708437_lat_5235153142133203_radius_1_d0_f/20190109TMX7316010203-001045pano_0000_001487_4.90211997201933_52.3515367044362.jpg,2019,1,9,Burgemeester_Tellegenbuurt_Oost,0,lon_4902125443708437_lat_5235153142133203_radius_1_d0_f,lon_4902125443708437_lat_5235153142133203_radius_1,0,f
ATM_square_equirectangular/Burgemeester_Tellegenbuurt_Oost/lon_4902125443708437_lat_5235153142133203_radius_1_d0_f/20190508TMX7316010203-001168pano_0000_004074_4.90212761238817_52.3515241034297.jpg,2019,5,8,Burgemeester_Tellegenbuurt_Oost,0,lon_4902125443708437_lat_5235153142133203_radius_1_d0_f,lon_4902125443708437_lat_5235153142133203_radius_1,0,f
ATM_square_equirectangular/Burgemeester_Tellegenbuurt_Oost/lon_4902125443708437_lat_5235153142133203_radius_1_d0_f/20220906TMX7316010203-002800pano_0025_000010_4.90212708876168_52.3515242359589.jpg,2022,9,6,Burgemeester_Tellegenbuurt_Oost,0,lon_4902125443708437_lat_5235153142133203_radius_1_d0_f,lon_4902125443708437_lat_5235153142133203_radius_1,0,f
ATM_square_equirectangular/Van_der_Pekbuurt/lon_4906583821133975_lat_5238485271161503_radius_1_d0_f/20160808TMX7316060226-000015pano_0005_001348_4.90658459102073_52.3848540152791.jpg,2016,8,8,Van_der_Pekbuurt,0,lon_4906583821133975_lat_5238485271161503_radius_1_d0_f,lon_4906583821133975_lat_5238485271161503_radius_1,0,f
ATM_square_equirectangular/Van_der_Pekbuurt/lon_4906583821133975_lat_5238485271161503_radius_1_d0_f/20180727TMX7316010203-000877pano_0000_001467_4.906575719163_52.3848506668773.jpg,2018,7,27,Van_der_Pekbuurt,1,lon_4906583821133975_lat_5238485271161503_radius_1_d0_f,lon_4906583821133975_lat_5238485271161503_radius_1,0,f
ATM_square_equirectangular/Van_der_Pekbuurt/lon_4906583821133975_lat_5238485271161503_radius_1_d0_f/20210616TMX7316010203-002181pano_0000_004065_4.90658096938158_52.3848461299926.jpg,2021,6,16,Van_der_Pekbuurt,1,lon_4906583821133975_lat_5238485271161503_radius_1_d0_f,lon_4906583821133975_lat_5238485271161503_radius_1,0,f
ATM_square_equirectangular/Van_der_Pekbuurt/lon_4906583821133975_lat_5238485271161503_radius_1_d0_l/20160808TMX7316060226-000015pano_0005_001348_4.90658459102073_52.3848540152791.jpg,2016,8,8,Van_der_Pekbuurt,0,lon_4906583821133975_lat_5238485271161503_radius_1_d0_l,lon_4906583821133975_lat_5238485271161503_radius_1,0,l
ATM_square_equirectangular/Van_der_Pekbuurt/lon_4906583821133975_lat_5238485271161503_radius_1_d0_l/20180727TMX7316010203-000877pano_0000_001467_4.906575719163_52.3848506668773.jpg,2018,7,27,Van_der_Pekbuurt,0,lon_4906583821133975_lat_5238485271161503_radius_1_d0_l,lon_4906583821133975_lat_5238485271161503_radius_1,0,l
ATM_square_equirectangular/Van_der_Pekbuurt/lon_4906583821133975_lat_5238485271161503_radius_1_d0_l/20210616TMX7316010203-002181pano_0000_004065_4.90658096938158_52.3848461299926.jpg,2021,6,16,Van_der_Pekbuurt,1,lon_4906583821133975_lat_5238485271161503_radius_1_d0_l,lon_4906583821133975_lat_5238485271161503_radius_1,0,l
ATM_square_equirectangular/Delflandpleinbuurt_West/lon_483700498410278_lat_52346702076600074_radius_1_d0_f/20160727TMX7316010203-000029pano_0000_000287_4.83701355025659_52.346698253698.jpg,2016,7,27,Delflandpleinbuurt_West,0,lon_483700498410278_lat_52346702076600074_radius_1_d0_f,lon_483700498410278_lat_52346702076600074_radius_1,0,f
ATM_square_equirectangular/Delflandpleinbuurt_West/lon_483700498410278_lat_52346702076600074_radius_1_d0_f/20190102TMX7316010203-001031pano_0011_000582_4.83699852270215_52.3467057705704.jpg,2019,1,2,Delflandpleinbuurt_West,1,lon_483700498410278_lat_52346702076600074_radius_1_d0_f,lon_483700498410278_lat_52346702076600074_radius_1,0,f
ATM_square_equirectangular/Delflandpleinbuurt_West/lon_483700498410278_lat_52346702076600074_radius_1_d0_f/20190102TMX7316010203-001031pano_0011_000615_4.83700472181142_52.3467025990722.jpg,2019,1,2,Delflandpleinbuurt_West,0,lon_483700498410278_lat_52346702076600074_radius_1_d0_f,lon_483700498410278_lat_52346702076600074_radius_1,0,f
ATM_square_equirectangular/Delflandpleinbuurt_West/lon_483700498410278_lat_52346702076600074_radius_1_d0_f/20210219TMX7316010203-002020pano_0000_002678_4.83700314164096_52.3467016830597.jpg,2021,2,19,Delflandpleinbuurt_West,1,lon_483700498410278_lat_52346702076600074_radius_1_d0_f,lon_483700498410278_lat_52346702076600074_radius_1,0,f
ATM_square_equirectangular/Delflandpleinbuurt_West/lon_483700498410278_lat_52346702076600074_radius_1_d0_l/20160727TMX7316010203-000029pano_0000_000287_4.83701355025659_52.346698253698.jpg,2016,7,27,Delflandpleinbuurt_West,0,lon_483700498410278_lat_52346702076600074_radius_1_d0_l,lon_483700498410278_lat_52346702076600074_radius_1,0,l
ATM_square_equirectangular/Delflandpleinbuurt_West/lon_483700498410278_lat_52346702076600074_radius_1_d0_l/20190102TMX7316010203-001031pano_0011_000582_4.83699852270215_52.3467057705704.jpg,2019,1,2,Delflandpleinbuurt_West,1,lon_483700498410278_lat_52346702076600074_radius_1_d0_l,lon_483700498410278_lat_52346702076600074_radius_1,0,l
ATM_square_equirectangular/Delflandpleinbuurt_West/lon_483700498410278_lat_52346702076600074_radius_1_d0_l/20190102TMX7316010203-001031pano_0011_000615_4.83700472181142_52.3467025990722.jpg,2019,1,2,Delflandpleinbuurt_West,0,lon_483700498410278_lat_52346702076600074_radius_1_d0_l,lon_483700498410278_lat_52346702076600074_radius_1,0,l
ATM_square_equirectangular/Delflandpleinbuurt_West/lon_483700498410278_lat_52346702076600074_radius_1_d0_l/20210219TMX7316010203-002020pano_0000_002678_4.83700314164096_52.3467016830597.jpg,2021,2,19,Delflandpleinbuurt_West,0,lon_483700498410278_lat_52346702076600074_radius_1_d0_l,lon_483700498410278_lat_52346702076600074_radius_1,0,l
ATM_square_equirectangular/Landlust_Zuid/lon_4860991116922066_lat_52379163461111496_radius_1_d0_l/20190107TMX7316010203-001040pano_0005_001111_4.86099177086136_52.3791656583172.jpg,2019,1,7,Landlust_Zuid,0,lon_4860991116922066_lat_52379163461111496_radius_1_d0_l,lon_4860991116922066_lat_52379163461111496_radius_1,0,l
ATM_square_equirectangular/Landlust_Zuid/lon_4860991116922066_lat_52379163461111496_radius_1_d0_l/20190416TMX7316010203-001131pano_0000_002861_4.86098507855026_52.3791637752706.jpg,2019,4,16,Landlust_Zuid,0,lon_4860991116922066_lat_52379163461111496_radius_1_d0_l,lon_4860991116922066_lat_52379163461111496_radius_1,0,l
ATM_square_equirectangular/Landlust_Zuid/lon_4860991116922066_lat_52379163461111496_radius_1_d0_l/20220104TMX7316010203-002386pano_0002_000020_4.86099650135458_52.3791609497467.jpg,2022,1,4,Landlust_Zuid,1,lon_4860991116922066_lat_52379163461111496_radius_1_d0_l,lon_4860991116922066_lat_52379163461111496_radius_1,0,l
ATM_square_equirectangular/E-buurt/lon_496541740326012_lat_52325442706122345_radius_1_d0_f/20160616TMX7315120208-000088pano_0000_003777_4.96542428125185_52.3254391588848.jpg,2016,6,16,E-buurt,0,lon_496541740326012_lat_52325442706122345_radius_1_d0_f,lon_496541740326012_lat_52325442706122345_radius_1,0,f
ATM_square_equirectangular/E-buurt/lon_496541740326012_lat_52325442706122345_radius_1_d0_f/20170615TMX7316010203-000337pano_0000_002516_4.96541659963546_52.3254402992121.jpg,2017,6,15,E-buurt,1,lon_496541740326012_lat_52325442706122345_radius_1_d0_f,lon_496541740326012_lat_52325442706122345_radius_1,0,f
ATM_square_equirectangular/E-buurt/lon_496541740326012_lat_52325442706122345_radius_1_d0_f/20180712TMX7316010203-000836pano_0001_004165_4.96541195287678_52.325444521048.jpg,2018,7,12,E-buurt,0,lon_496541740326012_lat_52325442706122345_radius_1_d0_f,lon_496541740326012_lat_52325442706122345_radius_1,0,f
ATM_square_equirectangular/E-buurt/lon_496541740326012_lat_52325442706122345_radius_1_d0_f/20210603TMX7316010203-002154pano_0000_002198_4.96541677927639_52.3254468453445.jpg,2021,6,3,E-buurt,0,lon_496541740326012_lat_52325442706122345_radius_1_d0_f,lon_496541740326012_lat_52325442706122345_radius_1,0,f
ATM_square_equirectangular/E-buurt/lon_496541740326012_lat_52325442706122345_radius_1_d0_r/20160616TMX7315120208-000088pano_0000_003777_4.96542428125185_52.3254391588848.jpg,2016,6,16,E-buurt,0,lon_496541740326012_lat_52325442706122345_radius_1_d0_r,lon_496541740326012_lat_52325442706122345_radius_1,0,r
ATM_square_equirectangular/E-buurt/lon_496541740326012_lat_52325442706122345_radius_1_d0_r/20170615TMX7316010203-000337pano_0000_002516_4.96541659963546_52.3254402992121.jpg,2017,6,15,E-buurt,0,lon_496541740326012_lat_52325442706122345_radius_1_d0_r,lon_496541740326012_lat_52325442706122345_radius_1,0,r
ATM_square_equirectangular/E-buurt/lon_496541740326012_lat_52325442706122345_radius_1_d0_r/20180712TMX7316010203-000836pano_0001_004165_4.96541195287678_52.325444521048.jpg,2018,7,12,E-buurt,1,lon_496541740326012_lat_52325442706122345_radius_1_d0_r,lon_496541740326012_lat_52325442706122345_radius_1,0,r
ATM_square_equirectangular/E-buurt/lon_496541740326012_lat_52325442706122345_radius_1_d0_r/20210603TMX7316010203-002154pano_0000_002198_4.96541677927639_52.3254468453445.jpg,2021,6,3,E-buurt,0,lon_496541740326012_lat_52325442706122345_radius_1_d0_r,lon_496541740326012_lat_52325442706122345_radius_1,0,r
ATM_square_equirectangular/Buurt_7/lon_4797466816605014_lat_5237500752342527_radius_1_d-200_l/20160824TMX7316010203-000083pano_0013_000077_4.79747264550094_52.3750102260974.jpg,2016,8,24,Buurt_7,0,lon_4797466816605014_lat_5237500752342527_radius_1_d-200_l,lon_4797466816605014_lat_5237500752342527_radius_1,-200,l
ATM_square_equirectangular/Buurt_7/lon_4797466816605014_lat_5237500752342527_radius_1_d-200_l/20170519TMX7316010203-000302pano_0001_001364_4.79746690154021_52.3750075997438.jpg,2017,5,19,Buurt_7,1,lon_4797466816605014_lat_5237500752342527_radius_1_d-200_l,lon_4797466816605014_lat_5237500752342527_radius_1,-200,l
ATM_square_equirectangular/Buurt_7/lon_4797466816605014_lat_5237500752342527_radius_1_d-200_l/20180705TMX7316010203-000826pano_0000_000808_4.79746090277389_52.3750047444346.jpg,2018,7,5,Buurt_7,1,lon_4797466816605014_lat_5237500752342527_radius_1_d-200_l,lon_4797466816605014_lat_5237500752342527_radius_1,-200,l
ATM_square_equirectangular/Buurt_7/lon_4797466816605014_lat_5237500752342527_radius_1_d-200_f/20160824TMX7316010203-000083pano_0013_000077_4.79747264550094_52.3750102260974.jpg,2016,8,24,Buurt_7,0,lon_4797466816605014_lat_5237500752342527_radius_1_d-200_f,lon_4797466816605014_lat_5237500752342527_radius_1,-200,f
ATM_square_equirectangular/Buurt_7/lon_4797466816605014_lat_5237500752342527_radius_1_d-200_f/20170519TMX7316010203-000302pano_0001_001364_4.79746690154021_52.3750075997438.jpg,2017,5,19,Buurt_7,1,lon_4797466816605014_lat_5237500752342527_radius_1_d-200_f,lon_4797466816605014_lat_5237500752342527_radius_1,-200,f
ATM_square_equirectangular/Buurt_7/lon_4797466816605014_lat_5237500752342527_radius_1_d-200_f/20180705TMX7316010203-000826pano_0000_000808_4.79746090277389_52.3750047444346.jpg,2018,7,5,Buurt_7,1,lon_4797466816605014_lat_5237500752342527_radius_1_d-200_f,lon_4797466816605014_lat_5237500752342527_radius_1,-200,f
ATM_square_equirectangular/Steigereiland_Noord/lon_4988803034279482_lat_5236318743399849_radius_1_d-150_b/20171130TMX7316010203-000503pano_0000_002011_4.98880434423519_52.3631879730629.jpg,2017,11,30,Steigereiland_Noord,0,lon_4988803034279482_lat_5236318743399849_radius_1_d-150_b,lon_4988803034279482_lat_5236318743399849_radius_1,-150,b
ATM_square_equirectangular/Steigereiland_Noord/lon_4988803034279482_lat_5236318743399849_radius_1_d-150_b/20180518TMX7316010203-000743pano_0000_004388_4.98880082810992_52.3631823980523.jpg,2018,5,18,Steigereiland_Noord,0,lon_4988803034279482_lat_5236318743399849_radius_1_d-150_b,lon_4988803034279482_lat_5236318743399849_radius_1,-150,b
ATM_square_equirectangular/Steigereiland_Noord/lon_4988803034279482_lat_5236318743399849_radius_1_d-150_b/20200203TMX7316010203-001617pano_0002_000020_4.98879573383638_52.3631801297278.jpg,2020,2,3,Steigereiland_Noord,1,lon_4988803034279482_lat_5236318743399849_radius_1_d-150_b,lon_4988803034279482_lat_5236318743399849_radius_1,-150,b
ATM_square_equirectangular/Steigereiland_Noord/lon_4988803034279482_lat_5236318743399849_radius_1_d-150_b/20200624TMX7316010203-001764pano_0001_000526_4.98879028157617_52.3631834004244.jpg,2020,6,24,Steigereiland_Noord,0,lon_4988803034279482_lat_5236318743399849_radius_1_d-150_b,lon_4988803034279482_lat_5236318743399849_radius_1,-150,b
ATM_square_equirectangular/Overtoomse_veld_Zuid/lon_48362135186605135_lat_5236233331583626_radius_1_d0_l/20161010TMX7316010203-000154pano_0000_006498_4.83621370246605_52.3623313053295.jpg,2016,10,10,Overtoomse_veld_Zuid,0,lon_48362135186605135_lat_5236233331583626_radius_1_d0_l,lon_48362135186605135_lat_5236233331583626_radius_1,0,l
ATM_square_equirectangular/Overtoomse_veld_Zuid/lon_48362135186605135_lat_5236233331583626_radius_1_d0_l/20200508TMX7316010203-001698pano_0001_001000_4.83620629741115_52.3623322878065.jpg,2020,5,8,Overtoomse_veld_Zuid,1,lon_48362135186605135_lat_5236233331583626_radius_1_d0_l,lon_48362135186605135_lat_5236233331583626_radius_1,0,l
ATM_square_equirectangular/Overtoomse_veld_Zuid/lon_48362135186605135_lat_5236233331583626_radius_1_d0_l/20210409TMX7316010203-002083pano_0000_004511_4.83622055610434_52.3623363543728.jpg,2021,4,9,Overtoomse_veld_Zuid,0,lon_48362135186605135_lat_5236233331583626_radius_1_d0_l,lon_48362135186605135_lat_5236233331583626_radius_1,0,l
ATM_square_equirectangular/Overtoomse_veld_Zuid/lon_48362135186605135_lat_5236233331583626_radius_1_d0_l/20220408TMX7316010203-002500pano_0001_000991_4.83620524255726_52.3623350780539.jpg,2022,4,8,Overtoomse_veld_Zuid,0,lon_48362135186605135_lat_5236233331583626_radius_1_d0_l,lon_48362135186605135_lat_5236233331583626_radius_1,0,l
ATM_square_equirectangular/Overtoomse_veld_Zuid/lon_48362135186605135_lat_5236233331583626_radius_1_d0_b/20161010TMX7316010203-000154pano_0000_006498_4.83621370246605_52.3623313053295.jpg,2016,10,10,Overtoomse_veld_Zuid,0,lon_48362135186605135_lat_5236233331583626_radius_1_d0_b,lon_48362135186605135_lat_5236233331583626_radius_1,0,b
ATM_square_equirectangular/Overtoomse_veld_Zuid/lon_48362135186605135_lat_5236233331583626_radius_1_d0_b/20200508TMX7316010203-001698pano_0001_001000_4.83620629741115_52.3623322878065.jpg,2020,5,8,Overtoomse_veld_Zuid,1,lon_48362135186605135_lat_5236233331583626_radius_1_d0_b,lon_48362135186605135_lat_5236233331583626_radius_1,0,b
ATM_square_equirectangular/Overtoomse_veld_Zuid/lon_48362135186605135_lat_5236233331583626_radius_1_d0_b/20210409TMX7316010203-002083pano_0000_004511_4.83622055610434_52.3623363543728.jpg,2021,4,9,Overtoomse_veld_Zuid,0,lon_48362135186605135_lat_5236233331583626_radius_1_d0_b,lon_48362135186605135_lat_5236233331583626_radius_1,0,b
ATM_square_equirectangular/Overtoomse_veld_Zuid/lon_48362135186605135_lat_5236233331583626_radius_1_d0_b/20220408TMX7316010203-002500pano_0001_000991_4.83620524255726_52.3623350780539.jpg,2022,4,8,Overtoomse_veld_Zuid,0,lon_48362135186605135_lat_5236233331583626_radius_1_d0_b,lon_48362135186605135_lat_5236233331583626_radius_1,0,b
ATM_square_equirectangular/Overtoomse_Veld_Noord/lon_4835031102866154_lat_5236588850593097_radius_1_d0_f/20180704TMX7316010203-000825pano_0000_004248_4.83503111057884_52.3658899972964.jpg,2018,7,4,Overtoomse_Veld_Noord,0,lon_4835031102866154_lat_5236588850593097_radius_1_d0_f,lon_4835031102866154_lat_5236588850593097_radius_1,0,f
ATM_square_equirectangular/Overtoomse_Veld_Noord/lon_4835031102866154_lat_5236588850593097_radius_1_d0_f/20190712TMX7316010203-001310pano_0000_002738_4.83502957897267_52.3658829338983.jpg,2019,7,12,Overtoomse_Veld_Noord,1,lon_4835031102866154_lat_5236588850593097_radius_1_d0_f,lon_4835031102866154_lat_5236588850593097_radius_1,0,f
ATM_square_equirectangular/Overtoomse_Veld_Noord/lon_4835031102866154_lat_5236588850593097_radius_1_d0_f/20200508TMX7316010203-001698pano_0001_001591_4.83503261904695_52.3658925865982.jpg,2020,5,8,Overtoomse_Veld_Noord,0,lon_4835031102866154_lat_5236588850593097_radius_1_d0_f,lon_4835031102866154_lat_5236588850593097_radius_1,0,f
ATM_square_equirectangular/Overtoomse_Veld_Noord/lon_4835031102866154_lat_5236588850593097_radius_1_d0_r/20180704TMX7316010203-000825pano_0000_004248_4.83503111057884_52.3658899972964.jpg,2018,7,4,Overtoomse_Veld_Noord,0,lon_4835031102866154_lat_5236588850593097_radius_1_d0_r,lon_4835031102866154_lat_5236588850593097_radius_1,0,r
ATM_square_equirectangular/Overtoomse_Veld_Noord/lon_4835031102866154_lat_5236588850593097_radius_1_d0_r/20190712TMX7316010203-001310pano_0000_002738_4.83502957897267_52.3658829338983.jpg,2019,7,12,Overtoomse_Veld_Noord,1,lon_4835031102866154_lat_5236588850593097_radius_1_d0_r,lon_4835031102866154_lat_5236588850593097_radius_1,0,r
ATM_square_equirectangular/Overtoomse_Veld_Noord/lon_4835031102866154_lat_5236588850593097_radius_1_d0_r/20200508TMX7316010203-001698pano_0001_001591_4.83503261904695_52.3658925865982.jpg,2020,5,8,Overtoomse_Veld_Noord,0,lon_4835031102866154_lat_5236588850593097_radius_1_d0_r,lon_4835031102866154_lat_5236588850593097_radius_1,0,r
ATM_square_equirectangular/De_Bongerd/lon_4900746449012186_lat_5240847394572493_radius_1_d200_l/20160614TMX7315120208-000080pano_0000_000007_4.90074992548794_52.4084713496843.jpg,2016,6,14,De_Bongerd,0,lon_4900746449012186_lat_5240847394572493_radius_1_d200_l,lon_4900746449012186_lat_5240847394572493_radius_1,200,l
ATM_square_equirectangular/De_Bongerd/lon_4900746449012186_lat_5240847394572493_radius_1_d200_l/20190705TMX7316010203-001292pano_0000_009089_4.90074468697212_52.408473067981.jpg,2019,7,5,De_Bongerd,1,lon_4900746449012186_lat_5240847394572493_radius_1_d200_l,lon_4900746449012186_lat_5240847394572493_radius_1,200,l
ATM_square_equirectangular/De_Bongerd/lon_4900746449012186_lat_5240847394572493_radius_1_d200_l/20210624TMX7316010203-002191pano_0000_001691_4.9007447345765_52.4084774195095.jpg,2021,6,24,De_Bongerd,0,lon_4900746449012186_lat_5240847394572493_radius_1_d200_l,lon_4900746449012186_lat_5240847394572493_radius_1,200,l
ATM_square_equirectangular/De_Bongerd/lon_4900746449012186_lat_5240847394572493_radius_1_d200_l/20220510TMX7316010203-002570pano_0001_000533_4.90074657573729_52.4084732074026.jpg,2022,5,10,De_Bongerd,0,lon_4900746449012186_lat_5240847394572493_radius_1_d200_l,lon_4900746449012186_lat_5240847394572493_radius_1,200,l
ATM_square_equirectangular/Bijlmerpark_Oost/lon_496917157672761_lat_5231274456780517_radius_1_d0_l/20160721TMX7315120208-000157pano_0001_001066_4.96916973213176_52.3127423617541.jpg,2016,7,21,Bijlmerpark_Oost,0,lon_496917157672761_lat_5231274456780517_radius_1_d0_l,lon_496917157672761_lat_5231274456780517_radius_1,0,l
ATM_square_equirectangular/Bijlmerpark_Oost/lon_496917157672761_lat_5231274456780517_radius_1_d0_l/20170614TMX7316010203-000336pano_0000_010416_4.96917897650568_52.3127489716663.jpg,2017,6,14,Bijlmerpark_Oost,0,lon_496917157672761_lat_5231274456780517_radius_1_d0_l,lon_496917157672761_lat_5231274456780517_radius_1,0,l
ATM_square_equirectangular/Bijlmerpark_Oost/lon_496917157672761_lat_5231274456780517_radius_1_d0_l/20181213TMX7316010203-001011pano_0008_000075_4.96916602154539_52.3127423699951.jpg,2018,12,13,Bijlmerpark_Oost,1,lon_496917157672761_lat_5231274456780517_radius_1_d0_l,lon_496917157672761_lat_5231274456780517_radius_1,0,l
ATM_square_equirectangular/Bijlmerpark_Oost/lon_496917157672761_lat_5231274456780517_radius_1_d0_f/20160721TMX7315120208-000157pano_0001_001066_4.96916973213176_52.3127423617541.jpg,2016,7,21,Bijlmerpark_Oost,0,lon_496917157672761_lat_5231274456780517_radius_1_d0_f,lon_496917157672761_lat_5231274456780517_radius_1,0,f
ATM_square_equirectangular/Bijlmerpark_Oost/lon_496917157672761_lat_5231274456780517_radius_1_d0_f/20170614TMX7316010203-000336pano_0000_010416_4.96917897650568_52.3127489716663.jpg,2017,6,14,Bijlmerpark_Oost,0,lon_496917157672761_lat_5231274456780517_radius_1_d0_f,lon_496917157672761_lat_5231274456780517_radius_1,0,f
ATM_square_equirectangular/Bijlmerpark_Oost/lon_496917157672761_lat_5231274456780517_radius_1_d0_f/20181213TMX7316010203-001011pano_0008_000075_4.96916602154539_52.3127423699951.jpg,2018,12,13,Bijlmerpark_Oost,1,lon_496917157672761_lat_5231274456780517_radius_1_d0_f,lon_496917157672761_lat_5231274456780517_radius_1,0,f
ATM_square_equirectangular/Venserpolder_Oost/lon_4948690229310246_lat_52322252565795_radius_1_d0_l/20170621TMX7316010203-000351pano_0000_000654_4.94868546998663_52.3222493420162.jpg,2017,6,21,Venserpolder_Oost,0,lon_4948690229310246_lat_52322252565795_radius_1_d0_l,lon_4948690229310246_lat_52322252565795_radius_1,0,l
ATM_square_equirectangular/Venserpolder_Oost/lon_4948690229310246_lat_52322252565795_radius_1_d0_l/20200630TMX7316010203-001779pano_0000_002816_4.94869620558958_52.3222557419104.jpg,2020,6,30,Venserpolder_Oost,1,lon_4948690229310246_lat_52322252565795_radius_1_d0_l,lon_4948690229310246_lat_52322252565795_radius_1,0,l
ATM_square_equirectangular/Venserpolder_Oost/lon_4948690229310246_lat_52322252565795_radius_1_d0_l/20210604TMX7316010203-002157pano_0000_003905_4.94868901235453_52.3222526134584.jpg,2021,6,4,Venserpolder_Oost,1,lon_4948690229310246_lat_52322252565795_radius_1_d0_l,lon_4948690229310246_lat_52322252565795_radius_1,0,l
ATM_square_equirectangular/Architectenbuurt/lon_4946131412044817_lat_52368067143932976_radius_1_d0_r/20160517TMX7315120208-000050pano_0002_001830_4.94613366470285_52.3680612291569.jpg,2016,5,17,Architectenbuurt,0,lon_4946131412044817_lat_52368067143932976_radius_1_d0_r,lon_4946131412044817_lat_52368067143932976_radius_1,0,r
ATM_square_equirectangular/Architectenbuurt/lon_4946131412044817_lat_52368067143932976_radius_1_d0_r/20191129TMX7316010203-001475pano_0003_001075_4.94613004164018_52.3680642036396.jpg,2019,11,29,Architectenbuurt,1,lon_4946131412044817_lat_52368067143932976_radius_1_d0_r,lon_4946131412044817_lat_52368067143932976_radius_1,0,r
ATM_square_equirectangular/Architectenbuurt/lon_4946131412044817_lat_52368067143932976_radius_1_d0_r/20200203TMX7316010203-001617pano_0009_000052_4.94612933749064_52.3680693480141.jpg,2020,2,3,Architectenbuurt,0,lon_4946131412044817_lat_52368067143932976_radius_1_d0_r,lon_4946131412044817_lat_52368067143932976_radius_1,0,r
ATM_square_equirectangular/Architectenbuurt/lon_4946131412044817_lat_52368067143932976_radius_1_d0_r/20210915TMX7316010203-002311pano_0000_000019_4.9461326043456_52.3680737949213.jpg,2021,9,15,Architectenbuurt,0,lon_4946131412044817_lat_52368067143932976_radius_1_d0_r,lon_4946131412044817_lat_52368067143932976_radius_1,0,r
ATM_square_equirectangular/Landlust_Noord/lon_48518366985835275_lat_5238505033842952_radius_1_d-200_r/20160615TMX7315080123-000295pano_0000_000504_4.85183781628561_52.3850516870476.jpg,2016,6,15,Landlust_Noord,0,lon_48518366985835275_lat_5238505033842952_radius_1_d-200_r,lon_48518366985835275_lat_5238505033842952_radius_1,-200,r
ATM_square_equirectangular/Landlust_Noord/lon_48518366985835275_lat_5238505033842952_radius_1_d-200_r/20161128TMX7316010203-000195pano_0000_000321_4.85182511636629_52.3850505693421.jpg,2016,11,28,Landlust_Noord,0,lon_48518366985835275_lat_5238505033842952_radius_1_d-200_r,lon_48518366985835275_lat_5238505033842952_radius_1,-200,r
ATM_square_equirectangular/Landlust_Noord/lon_48518366985835275_lat_5238505033842952_radius_1_d-200_r/20200508TMX7316010203-001700pano_0000_001348_4.85183400430086_52.3850496642617.jpg,2020,5,8,Landlust_Noord,0,lon_48518366985835275_lat_5238505033842952_radius_1_d-200_r,lon_48518366985835275_lat_5238505033842952_radius_1,-200,r
ATM_square_equirectangular/Landlust_Noord/lon_48518366985835275_lat_5238505033842952_radius_1_d-200_r/20210324TMX7316010203-002058pano_0000_000316_4.85184985738135_52.3850494330667.jpg,2021,3,24,Landlust_Noord,1,lon_48518366985835275_lat_5238505033842952_radius_1_d-200_r,lon_48518366985835275_lat_5238505033842952_radius_1,-200,r
ATM_square_equirectangular/Landlust_Noord/lon_48518366985835275_lat_5238505033842952_radius_1_d-200_r/20220502TMX7316010203-002554pano_0000_005720_4.85184398015653_52.3850450105899.jpg,2022,5,2,Landlust_Noord,1,lon_48518366985835275_lat_5238505033842952_radius_1_d-200_r,lon_48518366985835275_lat_5238505033842952_radius_1,-200,r
ATM_square_equirectangular/Markengouw_Midden/lon_4956878182616447_lat_5239398426931081_radius_1_d0_l/20181219TMX7316010203-001025pano_0011_000031_4.95688114414722_52.3939820527536.jpg,2018,12,19,Markengouw_Midden,0,lon_4956878182616447_lat_5239398426931081_radius_1_d0_l,lon_4956878182616447_lat_5239398426931081_radius_1,0,l
ATM_square_equirectangular/Markengouw_Midden/lon_4956878182616447_lat_5239398426931081_radius_1_d0_l/20190708TMX7316010203-001298pano_0000_001359_4.95688676692294_52.3939800930905.jpg,2019,7,8,Markengouw_Midden,1,lon_4956878182616447_lat_5239398426931081_radius_1_d0_l,lon_4956878182616447_lat_5239398426931081_radius_1,0,l
ATM_square_equirectangular/Markengouw_Midden/lon_4956878182616447_lat_5239398426931081_radius_1_d0_l/20210225TMX7316010203-002029pano_0000_000175_4.95687132467621_52.3939850737335.jpg,2021,2,25,Markengouw_Midden,0,lon_4956878182616447_lat_5239398426931081_radius_1_d0_l,lon_4956878182616447_lat_5239398426931081_radius_1,0,l
ATM_square_equirectangular/Markengouw_Midden/lon_4956878182616447_lat_5239398426931081_radius_1_d0_l/20211224TMX7316010203-002341pano_0001_000069_4.95688156874943_52.3939780940003.jpg,2021,12,24,Markengouw_Midden,0,lon_4956878182616447_lat_5239398426931081_radius_1_d0_l,lon_4956878182616447_lat_5239398426931081_radius_1,0,l
ATM_square_equirectangular/Markengouw_Midden/lon_4956878182616447_lat_5239398426931081_radius_1_d0_l/20211224TMX7316010203-002341pano_0001_000126_4.95688562716557_52.3939772371837.jpg,2021,12,24,Markengouw_Midden,0,lon_4956878182616447_lat_5239398426931081_radius_1_d0_l,lon_4956878182616447_lat_5239398426931081_radius_1,0,l
ATM_square_equirectangular/Markengouw_Midden/lon_4956697474382343_lat_52394264962271365_radius_1_d0_b/20181219TMX7316010203-001025pano_0011_000135_4.95670671031911_52.3942675497701.jpg,2018,12,19,Markengouw_Midden,0,lon_4956697474382343_lat_52394264962271365_radius_1_d0_b,lon_4956697474382343_lat_52394264962271365_radius_1,0,b
ATM_square_equirectangular/Markengouw_Midden/lon_4956697474382343_lat_52394264962271365_radius_1_d0_b/20190708TMX7316010203-001298pano_0000_001817_4.95669684405476_52.3942658086348.jpg,2019,7,8,Markengouw_Midden,1,lon_4956697474382343_lat_52394264962271365_radius_1_d0_b,lon_4956697474382343_lat_52394264962271365_radius_1,0,b
ATM_square_equirectangular/Markengouw_Midden/lon_4956697474382343_lat_52394264962271365_radius_1_d0_b/20211224TMX7316010203-002341pano_0001_000062_4.95668886877316_52.3942615284092.jpg,2021,12,24,Markengouw_Midden,0,lon_4956697474382343_lat_52394264962271365_radius_1_d0_b,lon_4956697474382343_lat_52394264962271365_radius_1,0,b
ATM_square_equirectangular/Markengouw_Midden/lon_49570952336171725_lat_5239368644723612_radius_1_d0_l/20181219TMX7316010203-001025pano_0011_000038_4.95709268497185_52.3936829224968.jpg,2018,12,19,Markengouw_Midden,0,lon_49570952336171725_lat_5239368644723612_radius_1_d0_l,lon_49570952336171725_lat_5239368644723612_radius_1,0,l
ATM_square_equirectangular/Markengouw_Midden/lon_49570952336171725_lat_5239368644723612_radius_1_d0_l/20190708TMX7316010203-001298pano_0000_001366_4.95709272390208_52.3936896854343.jpg,2019,7,8,Markengouw_Midden,1,lon_49570952336171725_lat_5239368644723612_radius_1_d0_l,lon_49570952336171725_lat_5239368644723612_radius_1,0,l
ATM_square_equirectangular/Markengouw_Midden/lon_49570952336171725_lat_5239368644723612_radius_1_d0_l/20200526TMX7316010203-001722pano_0000_002960_4.95709565886887_52.393689809175.jpg,2020,5,26,Markengouw_Midden,1,lon_49570952336171725_lat_5239368644723612_radius_1_d0_l,lon_49570952336171725_lat_5239368644723612_radius_1,0,l
ATM_square_equirectangular/Markengouw_Midden/lon_49570952336171725_lat_5239368644723612_radius_1_d0_l/20211224TMX7316010203-002341pano_0001_000119_4.95709986672589_52.3936833718384.jpg,2021,12,24,Markengouw_Midden,0,lon_49570952336171725_lat_5239368644723612_radius_1_d0_l,lon_49570952336171725_lat_5239368644723612_radius_1,0,l
ATM_square_equirectangular/Delflandpleinbuurt_West/lon_4839127854246975_lat_523470137260214_radius_1_d0_f/20180622TMX7316010203-000803pano_0001_000414_4.83912291057791_52.3470110675391.jpg,2018,6,22,Delflandpleinbuurt_West,0,lon_4839127854246975_lat_523470137260214_radius_1_d0_f,lon_4839127854246975_lat_523470137260214_radius_1,0,f
ATM_square_equirectangular/Delflandpleinbuurt_West/lon_4839127854246975_lat_523470137260214_radius_1_d0_f/20190712TMX7316010203-001308pano_0000_000610_4.8391321589081_52.3470150878425.jpg,2019,7,12,Delflandpleinbuurt_West,0,lon_4839127854246975_lat_523470137260214_radius_1_d0_f,lon_4839127854246975_lat_523470137260214_radius_1,0,f
ATM_square_equirectangular/Delflandpleinbuurt_West/lon_4839127854246975_lat_523470137260214_radius_1_d0_f/20200211TMX7316010203-001634pano_0001_000056_4.83913530347528_52.3470154303706.jpg,2020,2,11,Delflandpleinbuurt_West,0,lon_4839127854246975_lat_523470137260214_radius_1_d0_f,lon_4839127854246975_lat_523470137260214_radius_1,0,f
ATM_square_equirectangular/Delflandpleinbuurt_West/lon_4839127854246975_lat_523470137260214_radius_1_d0_f/20200827TMX7316010203-001894pano_0000_000077_4.83912642173716_52.3470092934792.jpg,2020,8,27,Delflandpleinbuurt_West,0,lon_4839127854246975_lat_523470137260214_radius_1_d0_f,lon_4839127854246975_lat_523470137260214_radius_1,0,f
ATM_square_equirectangular/Delflandpleinbuurt_West/lon_4839127854246975_lat_523470137260214_radius_1_d0_f/20220106TMX7316010203-002392pano_0002_000035_4.83913783827091_52.3470180049519.jpg,2022,1,6,Delflandpleinbuurt_West,1,lon_4839127854246975_lat_523470137260214_radius_1_d0_f,lon_4839127854246975_lat_523470137260214_radius_1,0,f
ATM_square_equirectangular/Jacques_Veldmanbuurt/lon_48308779349026425_lat_52356295805034605_radius_1_d0_b/20180703TMX7316010203-000821pano_0000_001231_4.83088175807006_52.3562956711416.jpg,2018,7,3,Jacques_Veldmanbuurt,0,lon_48308779349026425_lat_52356295805034605_radius_1_d0_b,lon_48308779349026425_lat_52356295805034605_radius_1,0,b
ATM_square_equirectangular/Jacques_Veldmanbuurt/lon_48308779349026425_lat_52356295805034605_radius_1_d0_b/20191218TMX7316010203-001523pano_0000_004098_4.83088081809956_52.35629848623.jpg,2019,12,18,Jacques_Veldmanbuurt,0,lon_48308779349026425_lat_52356295805034605_radius_1_d0_b,lon_48308779349026425_lat_52356295805034605_radius_1,0,b
ATM_square_equirectangular/Jacques_Veldmanbuurt/lon_48308779349026425_lat_52356295805034605_radius_1_d0_b/20200507TMX7316010203-001695pano_0000_002574_4.83087190347424_52.3562978154359.jpg,2020,5,7,Jacques_Veldmanbuurt,1,lon_48308779349026425_lat_52356295805034605_radius_1_d0_b,lon_48308779349026425_lat_52356295805034605_radius_1,0,b
ATM_square_equirectangular/Jacques_Veldmanbuurt/lon_48308779349026425_lat_52356295805034605_radius_1_d0_b/20210412TMX7316010203-002086pano_0000_006081_4.83087725996671_52.3562912473309.jpg,2021,4,12,Jacques_Veldmanbuurt,0,lon_48308779349026425_lat_52356295805034605_radius_1_d0_b,lon_48308779349026425_lat_52356295805034605_radius_1,0,b
ATM_square_equirectangular/Bedrijventerrein_Schinkel/lon_4846748402613072_lat_523435415990002_radius_1_d0_l/20180612TMX7316010203-000785pano_0001_002727_4.84674211349019_52.3435440621082.jpg,2018,6,12,Bedrijventerrein_Schinkel,0,lon_4846748402613072_lat_523435415990002_radius_1_d0_l,lon_4846748402613072_lat_523435415990002_radius_1,0,l
ATM_square_equirectangular/Bedrijventerrein_Schinkel/lon_4846748402613072_lat_523435415990002_radius_1_d0_l/20181115TMX7316010203-000985pano_0001_002727_4.84674211349019_52.3435440621082.jpg,2018,11,15,Bedrijventerrein_Schinkel,0,lon_4846748402613072_lat_523435415990002_radius_1_d0_l,lon_4846748402613072_lat_523435415990002_radius_1,0,l
ATM_square_equirectangular/Bedrijventerrein_Schinkel/lon_4846748402613072_lat_523435415990002_radius_1_d0_l/20190426TMX7316010203-001143pano_0001_000716_4.84674629127583_52.3435392365378.jpg,2019,4,26,Bedrijventerrein_Schinkel,0,lon_4846748402613072_lat_523435415990002_radius_1_d0_l,lon_4846748402613072_lat_523435415990002_radius_1,0,l
ATM_square_equirectangular/Bedrijventerrein_Schinkel/lon_4846748402613072_lat_523435415990002_radius_1_d0_l/20210420TMX7316010203-002107pano_0000_000073_4.84675430370452_52.3435485114898.jpg,2021,4,20,Bedrijventerrein_Schinkel,1,lon_4846748402613072_lat_523435415990002_radius_1_d0_l,lon_4846748402613072_lat_523435415990002_radius_1,0,l
ATM_square_equirectangular/Bedrijventerrein_Schinkel/lon_4846748402613072_lat_523435415990002_radius_1_d0_l/20220324TMX7316010203-002478pano_0000_002219_4.84676037745679_52.3435453191084.jpg,2022,3,24,Bedrijventerrein_Schinkel,0,lon_4846748402613072_lat_523435415990002_radius_1_d0_l,lon_4846748402613072_lat_523435415990002_radius_1,0,l
ATM_square_equirectangular/Don_Bosco/lon_4923522462909253_lat_5235286026677596_radius_1_d0_r/20170406TMX7316010203-000249pano_0000_000432_4.92352226986905_52.3528579936365.jpg,2017,4,6,Don_Bosco,0,lon_4923522462909253_lat_5235286026677596_radius_1_d0_r,lon_4923522462909253_lat_5235286026677596_radius_1,0,r
ATM_square_equirectangular/Don_Bosco/lon_4923522462909253_lat_5235286026677596_radius_1_d0_r/20180515TMX7316010203-000723pano_0000_000232_4.92352699269879_52.3528652918287.jpg,2018,5,15,Don_Bosco,1,lon_4923522462909253_lat_5235286026677596_radius_1_d0_r,lon_4923522462909253_lat_5235286026677596_radius_1,0,r
ATM_square_equirectangular/Don_Bosco/lon_4923522462909253_lat_5235286026677596_radius_1_d0_r/20180524TMX7316010203-000750pano_0000_001612_4.92353250660301_52.3528650983421.jpg,2018,5,24,Don_Bosco,0,lon_4923522462909253_lat_5235286026677596_radius_1_d0_r,lon_4923522462909253_lat_5235286026677596_radius_1,0,r
ATM_square_equirectangular/Don_Bosco/lon_4923522462909253_lat_5235286026677596_radius_1_d0_r/20181211TMX7316010203-001007pano_0005_000155_4.92351013825923_52.3528561974308.jpg,2018,12,11,Don_Bosco,0,lon_4923522462909253_lat_5235286026677596_radius_1_d0_r,lon_4923522462909253_lat_5235286026677596_radius_1,0,r
ATM_square_equirectangular/Don_Bosco/lon_4923522462909253_lat_5235286026677596_radius_1_d0_r/20200430TMX7316010203-001684pano_0000_001437_4.92352040711619_52.3528567526417.jpg,2020,4,30,Don_Bosco,1,lon_4923522462909253_lat_5235286026677596_radius_1_d0_r,lon_4923522462909253_lat_5235286026677596_radius_1,0,r
ATM_square_equirectangular/Overtoomse_veld_Zuid/lon_4836057966395382_lat_5236233476846938_radius_1_d0_b/20161010TMX7316010203-000154pano_0000_006496_4.83606708428434_52.3623309412524.jpg,2016,10,10,Overtoomse_veld_Zuid,0,lon_4836057966395382_lat_5236233476846938_radius_1_d0_b,lon_4836057966395382_lat_5236233476846938_radius_1,0,b
ATM_square_equirectangular/Overtoomse_veld_Zuid/lon_4836057966395382_lat_5236233476846938_radius_1_d0_b/20180108TMX7316010203-000535pano_0000_005544_4.83604918023666_52.3623331681021.jpg,2018,1,8,Overtoomse_veld_Zuid,1,lon_4836057966395382_lat_5236233476846938_radius_1_d0_b,lon_4836057966395382_lat_5236233476846938_radius_1,0,b
ATM_square_equirectangular/Overtoomse_veld_Zuid/lon_4836057966395382_lat_5236233476846938_radius_1_d0_b/20200508TMX7316010203-001698pano_0001_000998_4.83605923837241_52.3623350207466.jpg,2020,5,8,Overtoomse_veld_Zuid,1,lon_4836057966395382_lat_5236233476846938_radius_1_d0_b,lon_4836057966395382_lat_5236233476846938_radius_1,0,b
ATM_square_equirectangular/Overtoomse_veld_Zuid/lon_4836057966395382_lat_5236233476846938_radius_1_d0_b/20220408TMX7316010203-002500pano_0001_000989_4.83606041367593_52.3623333340285.jpg,2022,4,8,Overtoomse_veld_Zuid,0,lon_4836057966395382_lat_5236233476846938_radius_1_d0_b,lon_4836057966395382_lat_5236233476846938_radius_1,0,b
ATM_square_equirectangular/Overtoomse_veld_Zuid/lon_4836057966395382_lat_5236233476846938_radius_1_d0_b/20220629TMX7316010203-002650pano_0005_000343_4.83605004148144_52.3623367664548.jpg,2022,6,29,Overtoomse_veld_Zuid,0,lon_4836057966395382_lat_5236233476846938_radius_1_d0_b,lon_4836057966395382_lat_5236233476846938_radius_1,0,b
ATM_square_equirectangular/Buurt_7/lon_4801277659055932_lat_5237385719963005_radius_1_d0_b/20160815TMX7316060226-000020pano_0008_001279_4.801276188164_52.3738562618261.jpg,2016,8,15,Buurt_7,0,lon_4801277659055932_lat_5237385719963005_radius_1_d0_b,lon_4801277659055932_lat_5237385719963005_radius_1,0,b
ATM_square_equirectangular/Buurt_7/lon_4801277659055932_lat_5237385719963005_radius_1_d0_b/20180702TMX7316010203-000819pano_0003_000579_4.80127847776036_52.3738572539362.jpg,2018,7,2,Buurt_7,1,lon_4801277659055932_lat_5237385719963005_radius_1_d0_b,lon_4801277659055932_lat_5237385719963005_radius_1,0,b
ATM_square_equirectangular/Buurt_7/lon_4801277659055932_lat_5237385719963005_radius_1_d0_b/20181214TMX7316010203-001016pano_0004_000031_4.80127673502503_52.3738539644563.jpg,2018,12,14,Buurt_7,0,lon_4801277659055932_lat_5237385719963005_radius_1_d0_b,lon_4801277659055932_lat_5237385719963005_radius_1,0,b
ATM_square_equirectangular/Buurt_7/lon_4801277659055932_lat_5237385719963005_radius_1_d0_b/20210401TMX7316010203-002077pano_0000_002921_4.80127923527434_52.3738613183016.jpg,2021,4,1,Buurt_7,0,lon_4801277659055932_lat_5237385719963005_radius_1_d0_b,lon_4801277659055932_lat_5237385719963005_radius_1,0,b
ATM_square_equirectangular/Buurt_7/lon_4801277659055932_lat_5237385719963005_radius_1_d0_b/20220412TMX7316010203-002506pano_0004_000334_4.80127871865869_52.3738489743911.jpg,2022,4,12,Buurt_7,0,lon_4801277659055932_lat_5237385719963005_radius_1_d0_b,lon_4801277659055932_lat_5237385719963005_radius_1,0,b
ATM_square_equirectangular/Den_Texbuurt/lon_4894167691110414_lat_52359426678326_radius_1_d0_b/20190110TMX7316010203-001047pano_0000_001831_4.8941766377797_52.3594298063565.jpg,2019,1,10,Den_Texbuurt,0,lon_4894167691110414_lat_52359426678326_radius_1_d0_b,lon_4894167691110414_lat_52359426678326_radius_1,0,b
ATM_square_equirectangular/Den_Texbuurt/lon_4894167691110414_lat_52359426678326_radius_1_d0_b/20190111TMX7316010203-001048pano_0000_000648_4.89416838458063_52.3594252354629.jpg,2019,1,11,Den_Texbuurt,0,lon_4894167691110414_lat_52359426678326_radius_1_d0_b,lon_4894167691110414_lat_52359426678326_radius_1,0,b
ATM_square_equirectangular/Den_Texbuurt/lon_4894167691110414_lat_52359426678326_radius_1_d0_b/20211229TMX7316010203-002364pano_0004_000074_4.89415805097091_52.3594249931586.jpg,2021,12,29,Den_Texbuurt,1,lon_4894167691110414_lat_52359426678326_radius_1_d0_b,lon_4894167691110414_lat_52359426678326_radius_1,0,b
ATM_square_equirectangular/Buitenveldert_Zuidoost/lon_4890722136380687_lat_5232360885690455_radius_1_d0_f/20160621TMX7315080123-000305pano_0000_002116_4.89071769905065_52.3236078198825.jpg,2016,6,21,Buitenveldert_Zuidoost,0,lon_4890722136380687_lat_5232360885690455_radius_1_d0_f,lon_4890722136380687_lat_5232360885690455_radius_1,0,f
ATM_square_equirectangular/Buitenveldert_Zuidoost/lon_4890722136380687_lat_5232360885690455_radius_1_d0_f/20190103TMX7316010203-001035pano_0000_000379_4.89072275979417_52.3236072498072.jpg,2019,1,3,Buitenveldert_Zuidoost,1,lon_4890722136380687_lat_5232360885690455_radius_1_d0_f,lon_4890722136380687_lat_5232360885690455_radius_1,0,f
ATM_square_equirectangular/Buitenveldert_Zuidoost/lon_4890722136380687_lat_5232360885690455_radius_1_d0_f/20210219TMX7316010203-002019pano_0000_000030_4.89073201646975_52.3236102167609.jpg,2021,2,19,Buitenveldert_Zuidoost,0,lon_4890722136380687_lat_5232360885690455_radius_1_d0_f,lon_4890722136380687_lat_5232360885690455_radius_1,0,f
ATM_square_equirectangular/Buitenveldert_Zuidoost/lon_4890722136380687_lat_5232360885690455_radius_1_d0_f/20210506TMX7316010203-002128pano_0000_001318_4.89071607020818_52.3236101411676.jpg,2021,5,6,Buitenveldert_Zuidoost,0,lon_4890722136380687_lat_5232360885690455_radius_1_d0_f,lon_4890722136380687_lat_5232360885690455_radius_1,0,f
ATM_square_equirectangular/Delflandpleinbuurt_Oost/lon_4843846062402445_lat_523497153879095_radius_1_d0_b/20170508TMX7316010203-000288pano_0003_003935_4.84384754395119_52.3497125869739.jpg,2017,5,8,Delflandpleinbuurt_Oost,0,lon_4843846062402445_lat_523497153879095_radius_1_d0_b,lon_4843846062402445_lat_523497153879095_radius_1,0,b
ATM_square_equirectangular/Delflandpleinbuurt_Oost/lon_4843846062402445_lat_523497153879095_radius_1_d0_b/20190102TMX7316010203-001031pano_0011_000097_4.84384405591474_52.3497181426372.jpg,2019,1,2,Delflandpleinbuurt_Oost,0,lon_4843846062402445_lat_523497153879095_radius_1_d0_b,lon_4843846062402445_lat_523497153879095_radius_1,0,b
ATM_square_equirectangular/Delflandpleinbuurt_Oost/lon_4843846062402445_lat_523497153879095_radius_1_d0_b/20190712TMX7316010203-001308pano_0000_000060_4.84384843938931_52.3497139434495.jpg,2019,7,12,Delflandpleinbuurt_Oost,1,lon_4843846062402445_lat_523497153879095_radius_1_d0_b,lon_4843846062402445_lat_523497153879095_radius_1,0,b
ATM_square_equirectangular/Delflandpleinbuurt_Oost/lon_4843846062402445_lat_523497153879095_radius_1_d0_b/20210413TMX7316010203-002087pano_0000_001186_4.84384421035454_52.3497168785774.jpg,2021,4,13,Delflandpleinbuurt_Oost,1,lon_4843846062402445_lat_523497153879095_radius_1_d0_b,lon_4843846062402445_lat_523497153879095_radius_1,0,b
ATM_square_equirectangular/Delflandpleinbuurt_Oost/lon_4843846062402445_lat_523497153879095_radius_1_d0_l/20170508TMX7316010203-000288pano_0003_003935_4.84384754395119_52.3497125869739.jpg,2017,5,8,Delflandpleinbuurt_Oost,0,lon_4843846062402445_lat_523497153879095_radius_1_d0_l,lon_4843846062402445_lat_523497153879095_radius_1,0,l
ATM_square_equirectangular/Delflandpleinbuurt_Oost/lon_4843846062402445_lat_523497153879095_radius_1_d0_l/20190102TMX7316010203-001031pano_0011_000097_4.84384405591474_52.3497181426372.jpg,2019,1,2,Delflandpleinbuurt_Oost,0,lon_4843846062402445_lat_523497153879095_radius_1_d0_l,lon_4843846062402445_lat_523497153879095_radius_1,0,l
ATM_square_equirectangular/Delflandpleinbuurt_Oost/lon_4843846062402445_lat_523497153879095_radius_1_d0_l/20190712TMX7316010203-001308pano_0000_000060_4.84384843938931_52.3497139434495.jpg,2019,7,12,Delflandpleinbuurt_Oost,1,lon_4843846062402445_lat_523497153879095_radius_1_d0_l,lon_4843846062402445_lat_523497153879095_radius_1,0,l
ATM_square_equirectangular/Delflandpleinbuurt_Oost/lon_4843846062402445_lat_523497153879095_radius_1_d0_l/20210413TMX7316010203-002087pano_0000_001186_4.84384421035454_52.3497168785774.jpg,2021,4,13,Delflandpleinbuurt_Oost,1,lon_4843846062402445_lat_523497153879095_radius_1_d0_l,lon_4843846062402445_lat_523497153879095_radius_1,0,l
ATM_square_equirectangular/Delflandpleinbuurt_Oost/lon_4843846062402445_lat_523497153879095_radius_1_d0_f/20170508TMX7316010203-000288pano_0003_003935_4.84384754395119_52.3497125869739.jpg,2017,5,8,Delflandpleinbuurt_Oost,0,lon_4843846062402445_lat_523497153879095_radius_1_d0_f,lon_4843846062402445_lat_523497153879095_radius_1,0,f
ATM_square_equirectangular/Delflandpleinbuurt_Oost/lon_4843846062402445_lat_523497153879095_radius_1_d0_f/20190102TMX7316010203-001031pano_0011_000097_4.84384405591474_52.3497181426372.jpg,2019,1,2,Delflandpleinbuurt_Oost,0,lon_4843846062402445_lat_523497153879095_radius_1_d0_f,lon_4843846062402445_lat_523497153879095_radius_1,0,f
ATM_square_equirectangular/Delflandpleinbuurt_Oost/lon_4843846062402445_lat_523497153879095_radius_1_d0_f/20190712TMX7316010203-001308pano_0000_000060_4.84384843938931_52.3497139434495.jpg,2019,7,12,Delflandpleinbuurt_Oost,1,lon_4843846062402445_lat_523497153879095_radius_1_d0_f,lon_4843846062402445_lat_523497153879095_radius_1,0,f
ATM_square_equirectangular/Delflandpleinbuurt_Oost/lon_4843846062402445_lat_523497153879095_radius_1_d0_f/20210413TMX7316010203-002087pano_0000_001186_4.84384421035454_52.3497168785774.jpg,2021,4,13,Delflandpleinbuurt_Oost,1,lon_4843846062402445_lat_523497153879095_radius_1_d0_f,lon_4843846062402445_lat_523497153879095_radius_1,0,f
ATM_square_equirectangular/Overhoeks/lon_49014023186454505_lat_5238677569235115_radius_1_d-150_r/20181218TMX7316010203-001022pano_0010_000166_4.90140074566772_52.3867742857455.jpg,2018,12,18,Overhoeks,0,lon_49014023186454505_lat_5238677569235115_radius_1_d-150_r,lon_49014023186454505_lat_5238677569235115_radius_1,-150,r
ATM_square_equirectangular/Overhoeks/lon_49014023186454505_lat_5238677569235115_radius_1_d-150_r/20200603TMX7316010203-001735pano_0000_004465_4.90140465388356_52.3867789508317.jpg,2020,6,3,Overhoeks,1,lon_49014023186454505_lat_5238677569235115_radius_1_d-150_r,lon_49014023186454505_lat_5238677569235115_radius_1,-150,r
ATM_square_equirectangular/Overhoeks/lon_49014023186454505_lat_5238677569235115_radius_1_d-150_r/20210616TMX7316010203-002181pano_0000_005451_4.90140065009188_52.3867767405771.jpg,2021,6,16,Overhoeks,0,lon_49014023186454505_lat_5238677569235115_radius_1_d-150_r,lon_49014023186454505_lat_5238677569235115_radius_1,-150,r
ATM_square_equirectangular/Overhoeks/lon_49014023186454505_lat_5238677569235115_radius_1_d-150_r/20211223TMX7316010203-002336pano_0000_000221_4.90140322493864_52.3867727922503.jpg,2021,12,23,Overhoeks,0,lon_49014023186454505_lat_5238677569235115_radius_1_d-150_r,lon_49014023186454505_lat_5238677569235115_radius_1,-150,r
ATM_square_equirectangular/Gein_Noordwest/lon_4984398728553332_lat_5229784017356455_radius_1_d0_r/20180716TMX7316010203-000840pano_0000_001118_4.98438698563981_52.2978375554907.jpg,2018,7,16,Gein_Noordwest,0,lon_4984398728553332_lat_5229784017356455_radius_1_d0_r,lon_4984398728553332_lat_5229784017356455_radius_1,0,r
ATM_square_equirectangular/Gein_Noordwest/lon_4984398728553332_lat_5229784017356455_radius_1_d0_r/20190617TMX7316010203-001224pano_0001_001086_4.98439566274767_52.2978445470669.jpg,2019,6,17,Gein_Noordwest,1,lon_4984398728553332_lat_5229784017356455_radius_1_d0_r,lon_4984398728553332_lat_5229784017356455_radius_1,0,r
ATM_square_equirectangular/Gein_Noordwest/lon_4984398728553332_lat_5229784017356455_radius_1_d0_r/20200131TMX7316010203-001615pano_0005_000773_4.98439929108718_52.2978404668002.jpg,2020,1,31,Gein_Noordwest,0,lon_4984398728553332_lat_5229784017356455_radius_1_d0_r,lon_4984398728553332_lat_5229784017356455_radius_1,0,r
ATM_square_equirectangular/Gein_Noordwest/lon_4984398728553332_lat_5229784017356455_radius_1_d0_b/20180716TMX7316010203-000840pano_0000_001118_4.98438698563981_52.2978375554907.jpg,2018,7,16,Gein_Noordwest,0,lon_4984398728553332_lat_5229784017356455_radius_1_d0_b,lon_4984398728553332_lat_5229784017356455_radius_1,0,b
ATM_square_equirectangular/Gein_Noordwest/lon_4984398728553332_lat_5229784017356455_radius_1_d0_b/20190617TMX7316010203-001224pano_0001_001086_4.98439566274767_52.2978445470669.jpg,2019,6,17,Gein_Noordwest,1,lon_4984398728553332_lat_5229784017356455_radius_1_d0_b,lon_4984398728553332_lat_5229784017356455_radius_1,0,b
ATM_square_equirectangular/Gein_Noordwest/lon_4984398728553332_lat_5229784017356455_radius_1_d0_b/20200131TMX7316010203-001615pano_0005_000773_4.98439929108718_52.2978404668002.jpg,2020,1,31,Gein_Noordwest,0,lon_4984398728553332_lat_5229784017356455_radius_1_d0_b,lon_4984398728553332_lat_5229784017356455_radius_1,0,b
ATM_square_equirectangular/Zuidoostkwadrant_Indische_buurt/lon_4943272913944923_lat_5235946701010088_radius_1_d0_r/20170404TMX7316010203-000242pano_0000_003942_4.94327131652171_52.3594659039828.jpg,2017,4,4,Zuidoostkwadrant_Indische_buurt,0,lon_4943272913944923_lat_5235946701010088_radius_1_d0_r,lon_4943272913944923_lat_5235946701010088_radius_1,0,r
ATM_square_equirectangular/Zuidoostkwadrant_Indische_buurt/lon_4943272913944923_lat_5235946701010088_radius_1_d0_r/20180524TMX7316010203-000748pano_0000_000242_4.94327789429655_52.3594662453063.jpg,2018,5,24,Zuidoostkwadrant_Indische_buurt,0,lon_4943272913944923_lat_5235946701010088_radius_1_d0_r,lon_4943272913944923_lat_5235946701010088_radius_1,0,r
ATM_square_equirectangular/Zuidoostkwadrant_Indische_buurt/lon_4943272913944923_lat_5235946701010088_radius_1_d0_r/20181211TMX7316010203-001008pano_0006_000046_4.94328025442526_52.3594710607888.jpg,2018,12,11,Zuidoostkwadrant_Indische_buurt,1,lon_4943272913944923_lat_5235946701010088_radius_1_d0_r,lon_4943272913944923_lat_5235946701010088_radius_1,0,r
ATM_square_equirectangular/Zuidoostkwadrant_Indische_buurt/lon_4943272913944923_lat_5235946701010088_radius_1_d0_r/20190522TMX7316010203-001204pano_0000_002754_4.94326219053617_52.3594648303256.jpg,2019,5,22,Zuidoostkwadrant_Indische_buurt,0,lon_4943272913944923_lat_5235946701010088_radius_1_d0_r,lon_4943272913944923_lat_5235946701010088_radius_1,0,r
ATM_square_equirectangular/Zuidoostkwadrant_Indische_buurt/lon_4943272913944923_lat_5235946701010088_radius_1_d0_r/20220613TMX7316010203-002593pano_0000_002633_4.94327010952884_52.3594661961173.jpg,2022,6,13,Zuidoostkwadrant_Indische_buurt,1,lon_4943272913944923_lat_5235946701010088_radius_1_d0_r,lon_4943272913944923_lat_5235946701010088_radius_1,0,r
ATM_square_equirectangular/Zuidoostkwadrant_Indische_buurt/lon_4943272913944923_lat_5235946701010088_radius_1_d0_b/20170404TMX7316010203-000242pano_0000_003942_4.94327131652171_52.3594659039828.jpg,2017,4,4,Zuidoostkwadrant_Indische_buurt,0,lon_4943272913944923_lat_5235946701010088_radius_1_d0_b,lon_4943272913944923_lat_5235946701010088_radius_1,0,b
ATM_square_equirectangular/Zuidoostkwadrant_Indische_buurt/lon_4943272913944923_lat_5235946701010088_radius_1_d0_b/20180524TMX7316010203-000748pano_0000_000242_4.94327789429655_52.3594662453063.jpg,2018,5,24,Zuidoostkwadrant_Indische_buurt,0,lon_4943272913944923_lat_5235946701010088_radius_1_d0_b,lon_4943272913944923_lat_5235946701010088_radius_1,0,b
ATM_square_equirectangular/Zuidoostkwadrant_Indische_buurt/lon_4943272913944923_lat_5235946701010088_radius_1_d0_b/20181211TMX7316010203-001008pano_0006_000046_4.94328025442526_52.3594710607888.jpg,2018,12,11,Zuidoostkwadrant_Indische_buurt,1,lon_4943272913944923_lat_5235946701010088_radius_1_d0_b,lon_4943272913944923_lat_5235946701010088_radius_1,0,b
ATM_square_equirectangular/Zuidoostkwadrant_Indische_buurt/lon_4943272913944923_lat_5235946701010088_radius_1_d0_b/20190522TMX7316010203-001204pano_0000_002754_4.94326219053617_52.3594648303256.jpg,2019,5,22,Zuidoostkwadrant_Indische_buurt,0,lon_4943272913944923_lat_5235946701010088_radius_1_d0_b,lon_4943272913944923_lat_5235946701010088_radius_1,0,b
ATM_square_equirectangular/Zuidoostkwadrant_Indische_buurt/lon_4943272913944923_lat_5235946701010088_radius_1_d0_b/20220613TMX7316010203-002593pano_0000_002633_4.94327010952884_52.3594661961173.jpg,2022,6,13,Zuidoostkwadrant_Indische_buurt,1,lon_4943272913944923_lat_5235946701010088_radius_1_d0_b,lon_4943272913944923_lat_5235946701010088_radius_1,0,b
ATM_square_equirectangular/Zuidoostkwadrant_Indische_buurt/lon_4945017725442077_lat_5235952187616843_radius_1_d0_l/20190603TMX7316010203-001209pano_0000_002574_4.94501738984045_52.3595137731055.jpg,2019,6,3,Zuidoostkwadrant_Indische_buurt,0,lon_4945017725442077_lat_5235952187616843_radius_1_d0_l,lon_4945017725442077_lat_5235952187616843_radius_1,0,l
ATM_square_equirectangular/Zuidoostkwadrant_Indische_buurt/lon_4945017725442077_lat_5235952187616843_radius_1_d0_l/20200217TMX7316010203-001648pano_0004_000277_4.94502204878612_52.3595173338285.jpg,2020,2,17,Zuidoostkwadrant_Indische_buurt,0,lon_4945017725442077_lat_5235952187616843_radius_1_d0_l,lon_4945017725442077_lat_5235952187616843_radius_1,0,l
ATM_square_equirectangular/Zuidoostkwadrant_Indische_buurt/lon_4945017725442077_lat_5235952187616843_radius_1_d0_l/20200908TMX7316010203-001910pano_0000_000958_4.94501489700275_52.3595244098057.jpg,2020,9,8,Zuidoostkwadrant_Indische_buurt,1,lon_4945017725442077_lat_5235952187616843_radius_1_d0_l,lon_4945017725442077_lat_5235952187616843_radius_1,0,l
ATM_square_equirectangular/Zuidoostkwadrant_Indische_buurt/lon_4945017725442077_lat_5235952187616843_radius_1_d0_l/20220613TMX7316010203-002593pano_0000_002465_4.94501906882942_52.3595198534053.jpg,2022,6,13,Zuidoostkwadrant_Indische_buurt,1,lon_4945017725442077_lat_5235952187616843_radius_1_d0_l,lon_4945017725442077_lat_5235952187616843_radius_1,0,l
ATM_square_equirectangular/Slotermeer_Zuid/lon_4825157193793896_lat_5237581672026863_radius_1_d0_l/20160818TMX7316010203-000079pano_0009_002231_4.82515918895033_52.3758181965284.jpg,2016,8,18,Slotermeer_Zuid,0,lon_4825157193793896_lat_5237581672026863_radius_1_d0_l,lon_4825157193793896_lat_5237581672026863_radius_1,0,l
ATM_square_equirectangular/Slotermeer_Zuid/lon_4825157193793896_lat_5237581672026863_radius_1_d0_l/20180706TMX7316010203-000828pano_0000_007398_4.82515163330293_52.3758156012216.jpg,2018,7,6,Slotermeer_Zuid,1,lon_4825157193793896_lat_5237581672026863_radius_1_d0_l,lon_4825157193793896_lat_5237581672026863_radius_1,0,l
ATM_square_equirectangular/Slotermeer_Zuid/lon_4825157193793896_lat_5237581672026863_radius_1_d0_l/20191112TMX7316060226-000479pano_0001_000005_4.82515122309566_52.3758159554714.jpg,2019,11,12,Slotermeer_Zuid,0,lon_4825157193793896_lat_5237581672026863_radius_1_d0_l,lon_4825157193793896_lat_5237581672026863_radius_1,0,l
ATM_square_equirectangular/Slotermeer_Zuid/lon_4825157193793896_lat_5237581672026863_radius_1_d0_l/20200508TMX7316010203-001699pano_0000_004000_4.82515840153975_52.3758143670647.jpg,2020,5,8,Slotermeer_Zuid,1,lon_4825157193793896_lat_5237581672026863_radius_1_d0_l,lon_4825157193793896_lat_5237581672026863_radius_1,0,l
ATM_square_equirectangular/Slotermeer_Zuid/lon_4825157193793896_lat_5237581672026863_radius_1_d0_l/20220106TMX7316010203-002395pano_0005_000017_4.82515047957324_52.3758154644153.jpg,2022,1,6,Slotermeer_Zuid,1,lon_4825157193793896_lat_5237581672026863_radius_1_d0_l,lon_4825157193793896_lat_5237581672026863_radius_1,0,l
ATM_square_equirectangular/Slotermeer_Zuid/lon_4825157193793896_lat_5237581672026863_radius_1_d0_l/20220412TMX7316010203-002508pano_0006_000712_4.82514978609401_52.3758097745115.jpg,2022,4,12,Slotermeer_Zuid,0,lon_4825157193793896_lat_5237581672026863_radius_1_d0_l,lon_4825157193793896_lat_5237581672026863_radius_1,0,l
ATM_square_equirectangular/Burgemeester_Tellegenbuurt_West/lon_4897411384602224_lat_523517060768391_radius_1_d0_l/20180608TMX7316010203-000782pano_0001_000313_4.89740988791569_52.3517071047173.jpg,2018,6,8,Burgemeester_Tellegenbuurt_West,0,lon_4897411384602224_lat_523517060768391_radius_1_d0_l,lon_4897411384602224_lat_523517060768391_radius_1,0,l
ATM_square_equirectangular/Burgemeester_Tellegenbuurt_West/lon_4897411384602224_lat_523517060768391_radius_1_d0_l/20210423TMX7316010203-002115pano_0000_005740_4.89741748724011_52.3516998361277.jpg,2021,4,23,Burgemeester_Tellegenbuurt_West,1,lon_4897411384602224_lat_523517060768391_radius_1_d0_l,lon_4897411384602224_lat_523517060768391_radius_1,0,l
ATM_square_equirectangular/Burgemeester_Tellegenbuurt_West/lon_4897411384602224_lat_523517060768391_radius_1_d0_l/20220111TMX7316010203-002410pano_0010_000155_4.89740677865087_52.3517112896723.jpg,2022,1,11,Burgemeester_Tellegenbuurt_West,1,lon_4897411384602224_lat_523517060768391_radius_1_d0_l,lon_4897411384602224_lat_523517060768391_radius_1,0,l
ATM_square_equirectangular/Burgemeester_Tellegenbuurt_West/lon_4897411384602224_lat_523517060768391_radius_1_d0_l/20220323TMX7316010203-002469pano_0000_002991_4.89740346253787_52.3517068183786.jpg,2022,3,23,Burgemeester_Tellegenbuurt_West,0,lon_4897411384602224_lat_523517060768391_radius_1_d0_l,lon_4897411384602224_lat_523517060768391_radius_1,0,l
ATM_square_equirectangular/Koningin_Wilhelminaplein/lon_4839547581086537_lat_5235517558636384_radius_1_d0_l/20190117TMX7316010203-001060pano_0007_000008_4.83955718494493_52.3551759453532.jpg,2019,1,17,Koningin_Wilhelminaplein,0,lon_4839547581086537_lat_5235517558636384_radius_1_d0_l,lon_4839547581086537_lat_5235517558636384_radius_1,0,l
ATM_square_equirectangular/Koningin_Wilhelminaplein/lon_4839547581086537_lat_5235517558636384_radius_1_d0_l/20191218TMX7316010203-001523pano_0000_003916_4.83954146547564_52.355175420902.jpg,2019,12,18,Koningin_Wilhelminaplein,0,lon_4839547581086537_lat_5235517558636384_radius_1_d0_l,lon_4839547581086537_lat_5235517558636384_radius_1,0,l
ATM_square_equirectangular/Koningin_Wilhelminaplein/lon_4839547581086537_lat_5235517558636384_radius_1_d0_l/20200506TMX7316010203-001691pano_0001_006622_4.83954159502397_52.3551768901773.jpg,2020,5,6,Koningin_Wilhelminaplein,1,lon_4839547581086537_lat_5235517558636384_radius_1_d0_l,lon_4839547581086537_lat_5235517558636384_radius_1,0,l
ATM_square_equirectangular/Koningin_Wilhelminaplein/lon_4839547581086537_lat_5235517558636384_radius_1_d0_l/20210219TMX7316010203-002020pano_0000_003255_4.8395522479834_52.3551715826536.jpg,2021,2,19,Koningin_Wilhelminaplein,0,lon_4839547581086537_lat_5235517558636384_radius_1_d0_l,lon_4839547581086537_lat_5235517558636384_radius_1,0,l
ATM_square_equirectangular/Koningin_Wilhelminaplein/lon_4839547581086537_lat_5235517558636384_radius_1_d0_l/20210412TMX7316010203-002086pano_0000_001742_4.83954541200474_52.3551780927331.jpg,2021,4,12,Koningin_Wilhelminaplein,0,lon_4839547581086537_lat_5235517558636384_radius_1_d0_l,lon_4839547581086537_lat_5235517558636384_radius_1,0,l
ATM_square_equirectangular/Koningin_Wilhelminaplein/lon_4839547581086537_lat_5235517558636384_radius_1_d0_l/20220411TMX7316010203-002505pano_0002_000039_4.83954882305571_52.3551746859847.jpg,2022,4,11,Koningin_Wilhelminaplein,1,lon_4839547581086537_lat_5235517558636384_radius_1_d0_l,lon_4839547581086537_lat_5235517558636384_radius_1,0,l
ATM_square_equirectangular/Koningin_Wilhelminaplein/lon_4839547581086537_lat_5235517558636384_radius_1_d0_l/20220629TMX7316010203-002648pano_0001_000056_4.83954575291323_52.355174937963.jpg,2022,6,29,Koningin_Wilhelminaplein,1,lon_4839547581086537_lat_5235517558636384_radius_1_d0_l,lon_4839547581086537_lat_5235517558636384_radius_1,0,l
ATM_square_equirectangular/Koningin_Wilhelminaplein/lon_4839547581086537_lat_5235517558636384_radius_1_d0_l/20221207TMX7316010203-002835pano_0002_000044_4.83954765730123_52.3551791959953.jpg,2022,12,7,Koningin_Wilhelminaplein,1,lon_4839547581086537_lat_5235517558636384_radius_1_d0_l,lon_4839547581086537_lat_5235517558636384_radius_1,0,l
ATM_square_equirectangular/Jeugdland/lon_4930457599132649_lat_5240430170490672_radius_1_d0_b/20170516TMX7316010203-000298pano_0000_004038_4.93046346515522_52.404299130821.jpg,2017,5,16,Jeugdland,0,lon_4930457599132649_lat_5240430170490672_radius_1_d0_b,lon_4930457599132649_lat_5240430170490672_radius_1,0,b
ATM_square_equirectangular/Jeugdland/lon_4930457599132649_lat_5240430170490672_radius_1_d0_b/20180802TMX7316010203-000895pano_0000_000352_4.93046533246573_52.4043089923557.jpg,2018,8,2,Jeugdland,0,lon_4930457599132649_lat_5240430170490672_radius_1_d0_b,lon_4930457599132649_lat_5240430170490672_radius_1,0,b
ATM_square_equirectangular/Jeugdland/lon_4930457599132649_lat_5240430170490672_radius_1_d0_b/20181218TMX7316010203-001022pano_0000_002411_4.93046222578821_52.4043052116854.jpg,2018,12,18,Jeugdland,0,lon_4930457599132649_lat_5240430170490672_radius_1_d0_b,lon_4930457599132649_lat_5240430170490672_radius_1,0,b
ATM_square_equirectangular/Jeugdland/lon_4930457599132649_lat_5240430170490672_radius_1_d0_b/20210217TMX7316010203-002007pano_0000_000754_4.9304548978672_52.4042961330254.jpg,2021,2,17,Jeugdland,1,lon_4930457599132649_lat_5240430170490672_radius_1_d0_b,lon_4930457599132649_lat_5240430170490672_radius_1,0,b
ATM_square_equirectangular/Jeugdland/lon_4930457599132649_lat_5240430170490672_radius_1_d0_l/20170516TMX7316010203-000298pano_0000_004038_4.93046346515522_52.404299130821.jpg,2017,5,16,Jeugdland,0,lon_4930457599132649_lat_5240430170490672_radius_1_d0_l,lon_4930457599132649_lat_5240430170490672_radius_1,0,l
ATM_square_equirectangular/Jeugdland/lon_4930457599132649_lat_5240430170490672_radius_1_d0_l/20180802TMX7316010203-000895pano_0000_000352_4.93046533246573_52.4043089923557.jpg,2018,8,2,Jeugdland,0,lon_4930457599132649_lat_5240430170490672_radius_1_d0_l,lon_4930457599132649_lat_5240430170490672_radius_1,0,l
ATM_square_equirectangular/Jeugdland/lon_4930457599132649_lat_5240430170490672_radius_1_d0_l/20181218TMX7316010203-001022pano_0000_002411_4.93046222578821_52.4043052116854.jpg,2018,12,18,Jeugdland,0,lon_4930457599132649_lat_5240430170490672_radius_1_d0_l,lon_4930457599132649_lat_5240430170490672_radius_1,0,l
ATM_square_equirectangular/Jeugdland/lon_4930457599132649_lat_5240430170490672_radius_1_d0_l/20210217TMX7316010203-002007pano_0000_000754_4.9304548978672_52.4042961330254.jpg,2021,2,17,Jeugdland,1,lon_4930457599132649_lat_5240430170490672_radius_1_d0_l,lon_4930457599132649_lat_5240430170490672_radius_1,0,l
ATM_square_equirectangular/Jeugdland/lon_4930457599132649_lat_5240430170490672_radius_1_d0_f/20170516TMX7316010203-000298pano_0000_004038_4.93046346515522_52.404299130821.jpg,2017,5,16,Jeugdland,0,lon_4930457599132649_lat_5240430170490672_radius_1_d0_f,lon_4930457599132649_lat_5240430170490672_radius_1,0,f
ATM_square_equirectangular/Jeugdland/lon_4930457599132649_lat_5240430170490672_radius_1_d0_f/20180802TMX7316010203-000895pano_0000_000352_4.93046533246573_52.4043089923557.jpg,2018,8,2,Jeugdland,0,lon_4930457599132649_lat_5240430170490672_radius_1_d0_f,lon_4930457599132649_lat_5240430170490672_radius_1,0,f
ATM_square_equirectangular/Jeugdland/lon_4930457599132649_lat_5240430170490672_radius_1_d0_f/20181218TMX7316010203-001022pano_0000_002411_4.93046222578821_52.4043052116854.jpg,2018,12,18,Jeugdland,0,lon_4930457599132649_lat_5240430170490672_radius_1_d0_f,lon_4930457599132649_lat_5240430170490672_radius_1,0,f
ATM_square_equirectangular/Jeugdland/lon_4930457599132649_lat_5240430170490672_radius_1_d0_f/20210217TMX7316010203-002007pano_0000_000754_4.9304548978672_52.4042961330254.jpg,2021,2,17,Jeugdland,1,lon_4930457599132649_lat_5240430170490672_radius_1_d0_f,lon_4930457599132649_lat_5240430170490672_radius_1,0,f
ATM_square_equirectangular/Jeugdland/lon_4930457599132649_lat_5240430170490672_radius_1_d0_r/20170516TMX7316010203-000298pano_0000_004038_4.93046346515522_52.404299130821.jpg,2017,5,16,Jeugdland,0,lon_4930457599132649_lat_5240430170490672_radius_1_d0_r,lon_4930457599132649_lat_5240430170490672_radius_1,0,r
ATM_square_equirectangular/Jeugdland/lon_4930457599132649_lat_5240430170490672_radius_1_d0_r/20180802TMX7316010203-000895pano_0000_000352_4.93046533246573_52.4043089923557.jpg,2018,8,2,Jeugdland,0,lon_4930457599132649_lat_5240430170490672_radius_1_d0_r,lon_4930457599132649_lat_5240430170490672_radius_1,0,r
ATM_square_equirectangular/Jeugdland/lon_4930457599132649_lat_5240430170490672_radius_1_d0_r/20181218TMX7316010203-001022pano_0000_002411_4.93046222578821_52.4043052116854.jpg,2018,12,18,Jeugdland,0,lon_4930457599132649_lat_5240430170490672_radius_1_d0_r,lon_4930457599132649_lat_5240430170490672_radius_1,0,r
ATM_square_equirectangular/Jeugdland/lon_4930457599132649_lat_5240430170490672_radius_1_d0_r/20210217TMX7316010203-002007pano_0000_000754_4.9304548978672_52.4042961330254.jpg,2021,2,17,Jeugdland,1,lon_4930457599132649_lat_5240430170490672_radius_1_d0_r,lon_4930457599132649_lat_5240430170490672_radius_1,0,r
ATM_square_equirectangular/Buiksloterdijk_West/lon_4916643536684827_lat_5240087750948494_radius_1_d0_f/20191115TMX7316060226-000493pano_0000_001438_4.91664394411627_52.4008766577182.jpg,2019,11,15,Buiksloterdijk_West,0,lon_4916643536684827_lat_5240087750948494_radius_1_d0_f,lon_4916643536684827_lat_5240087750948494_radius_1,0,f
ATM_square_equirectangular/Buiksloterdijk_West/lon_4916643536684827_lat_5240087750948494_radius_1_d0_f/20200206TMX7316010203-001624pano_0008_000038_4.91663618980799_52.4008793967758.jpg,2020,2,6,Buiksloterdijk_West,0,lon_4916643536684827_lat_5240087750948494_radius_1_d0_f,lon_4916643536684827_lat_5240087750948494_radius_1,0,f
ATM_square_equirectangular/Buiksloterdijk_West/lon_4916643536684827_lat_5240087750948494_radius_1_d0_f/20200610TMX7316010203-001742pano_0000_002271_4.91663339906516_52.4008778991049.jpg,2020,6,10,Buiksloterdijk_West,0,lon_4916643536684827_lat_5240087750948494_radius_1_d0_f,lon_4916643536684827_lat_5240087750948494_radius_1,0,f
ATM_square_equirectangular/Buiksloterdijk_West/lon_4916643536684827_lat_5240087750948494_radius_1_d0_f/20210616TMX7316010203-002182pano_0000_005702_4.91665516252255_52.4008754231195.jpg,2021,6,16,Buiksloterdijk_West,1,lon_4916643536684827_lat_5240087750948494_radius_1_d0_f,lon_4916643536684827_lat_5240087750948494_radius_1,0,f
ATM_square_equirectangular/Oostenburg/lon_4929708592632972_lat_52373182183411856_radius_1_d0_l/20190114TMX7316010203-001051pano_0001_003835_4.92970988044266_52.3731857448691.jpg,2019,1,14,Oostenburg,0,lon_4929708592632972_lat_52373182183411856_radius_1_d0_l,lon_4929708592632972_lat_52373182183411856_radius_1,0,l
ATM_square_equirectangular/Oostenburg/lon_4929708592632972_lat_52373182183411856_radius_1_d0_l/20190521TMX7316010203-001196pano_0000_000248_4.92971154015976_52.3731797918646.jpg,2019,5,21,Oostenburg,0,lon_4929708592632972_lat_52373182183411856_radius_1_d0_l,lon_4929708592632972_lat_52373182183411856_radius_1,0,l
ATM_square_equirectangular/Oostenburg/lon_4929708592632972_lat_52373182183411856_radius_1_d0_l/20211231TMX7316010203-002372pano_0005_000459_4.92969541058967_52.3731859173628.jpg,2021,12,31,Oostenburg,1,lon_4929708592632972_lat_52373182183411856_radius_1_d0_l,lon_4929708592632972_lat_52373182183411856_radius_1,0,l
ATM_square_equirectangular/Oostenburg/lon_4929708592632972_lat_52373182183411856_radius_1_d0_b/20190114TMX7316010203-001051pano_0001_003835_4.92970988044266_52.3731857448691.jpg,2019,1,14,Oostenburg,0,lon_4929708592632972_lat_52373182183411856_radius_1_d0_b,lon_4929708592632972_lat_52373182183411856_radius_1,0,b
ATM_square_equirectangular/Oostenburg/lon_4929708592632972_lat_52373182183411856_radius_1_d0_b/20190521TMX7316010203-001196pano_0000_000248_4.92971154015976_52.3731797918646.jpg,2019,5,21,Oostenburg,0,lon_4929708592632972_lat_52373182183411856_radius_1_d0_b,lon_4929708592632972_lat_52373182183411856_radius_1,0,b
ATM_square_equirectangular/Oostenburg/lon_4929708592632972_lat_52373182183411856_radius_1_d0_b/20211231TMX7316010203-002372pano_0005_000459_4.92969541058967_52.3731859173628.jpg,2021,12,31,Oostenburg,1,lon_4929708592632972_lat_52373182183411856_radius_1_d0_b,lon_4929708592632972_lat_52373182183411856_radius_1,0,b
ATM_square_equirectangular/De_Eenhoorn/lon_49209399615726035_lat_523508555418629_radius_1_d0_r/20160526TMX7315120208-000059pano_0004_000294_4.92093648396818_52.3508554490587.jpg,2016,5,26,De_Eenhoorn,0,lon_49209399615726035_lat_523508555418629_radius_1_d0_r,lon_49209399615726035_lat_523508555418629_radius_1,0,r
ATM_square_equirectangular/De_Eenhoorn/lon_49209399615726035_lat_523508555418629_radius_1_d0_r/20180524TMX7316010203-000750pano_0000_000524_4.92093690125254_52.3508516019034.jpg,2018,5,24,De_Eenhoorn,0,lon_49209399615726035_lat_523508555418629_radius_1_d0_r,lon_49209399615726035_lat_523508555418629_radius_1,0,r
ATM_square_equirectangular/De_Eenhoorn/lon_49209399615726035_lat_523508555418629_radius_1_d0_r/20200204TMX7316010203-001620pano_0001_000046_4.92094649949709_52.3508595746266.jpg,2020,2,4,De_Eenhoorn,1,lon_49209399615726035_lat_523508555418629_radius_1_d0_r,lon_49209399615726035_lat_523508555418629_radius_1,0,r
ATM_square_equirectangular/De_Eenhoorn/lon_4921577020000513_lat_52351262935388895_radius_1_d0_r/20170406TMX7316010203-000249pano_0000_000779_4.92157506384298_52.3512614283516.jpg,2017,4,6,De_Eenhoorn,0,lon_4921577020000513_lat_52351262935388895_radius_1_d0_r,lon_4921577020000513_lat_52351262935388895_radius_1,0,r
ATM_square_equirectangular/De_Eenhoorn/lon_4921577020000513_lat_52351262935388895_radius_1_d0_r/20180524TMX7316010203-000750pano_0000_000363_4.92158620574889_52.3512666217703.jpg,2018,5,24,De_Eenhoorn,0,lon_4921577020000513_lat_52351262935388895_radius_1_d0_r,lon_4921577020000513_lat_52351262935388895_radius_1,0,r
ATM_square_equirectangular/De_Eenhoorn/lon_4921577020000513_lat_52351262935388895_radius_1_d0_r/20210507TMX7316010203-002132pano_0000_005180_4.92156979040967_52.3512607560448.jpg,2021,5,7,De_Eenhoorn,1,lon_4921577020000513_lat_52351262935388895_radius_1_d0_r,lon_4921577020000513_lat_52351262935388895_radius_1,0,r
ATM_square_equirectangular/De_Eenhoorn/lon_4921577020000513_lat_52351262935388895_radius_1_d0_r/20220613TMX7316010203-002591pano_0000_003516_4.92157469505046_52.3512547547412.jpg,2022,6,13,De_Eenhoorn,0,lon_4921577020000513_lat_52351262935388895_radius_1_d0_r,lon_4921577020000513_lat_52351262935388895_radius_1,0,r
ATM_square_equirectangular/Buikslotermeerpleinbuurt/lon_4944274883091852_lat_5239908894819543_radius_1_d0_b/20160808TMX7316060226-000015pano_0000_008297_4.94426987197199_52.3990895028103.jpg,2016,8,8,Buikslotermeerpleinbuurt,0,lon_4944274883091852_lat_5239908894819543_radius_1_d0_b,lon_4944274883091852_lat_5239908894819543_radius_1,0,b
ATM_square_equirectangular/Buikslotermeerpleinbuurt/lon_4944274883091852_lat_5239908894819543_radius_1_d0_b/20181219TMX7316010203-001025pano_0005_000012_4.94428306528101_52.3990863664814.jpg,2018,12,19,Buikslotermeerpleinbuurt,0,lon_4944274883091852_lat_5239908894819543_radius_1_d0_b,lon_4944274883091852_lat_5239908894819543_radius_1,0,b
ATM_square_equirectangular/Buikslotermeerpleinbuurt/lon_4944274883091852_lat_5239908894819543_radius_1_d0_b/20200528TMX7316010203-001727pano_0001_000149_4.94428616572905_52.3990860247156.jpg,2020,5,28,Buikslotermeerpleinbuurt,1,lon_4944274883091852_lat_5239908894819543_radius_1_d0_b,lon_4944274883091852_lat_5239908894819543_radius_1,0,b
ATM_square_equirectangular/Delflandpleinbuurt_West/lon_4839518262692753_lat_52348249996911704_radius_1_d0_l/20190102TMX7316010203-001031pano_0011_000686_4.83951477681293_52.3482515289887.jpg,2019,1,2,Delflandpleinbuurt_West,0,lon_4839518262692753_lat_52348249996911704_radius_1_d0_l,lon_4839518262692753_lat_52348249996911704_radius_1,0,l
ATM_square_equirectangular/Delflandpleinbuurt_West/lon_4839518262692753_lat_52348249996911704_radius_1_d0_l/20200827TMX7316010203-001894pano_0000_000108_4.83951411357464_52.3482499984987.jpg,2020,8,27,Delflandpleinbuurt_West,1,lon_4839518262692753_lat_52348249996911704_radius_1_d0_l,lon_4839518262692753_lat_52348249996911704_radius_1,0,l
ATM_square_equirectangular/Delflandpleinbuurt_West/lon_4839518262692753_lat_52348249996911704_radius_1_d0_l/20210219TMX7316010203-002020pano_0000_002250_4.83952589769069_52.3482484632477.jpg,2021,2,19,Delflandpleinbuurt_West,1,lon_4839518262692753_lat_52348249996911704_radius_1_d0_l,lon_4839518262692753_lat_52348249996911704_radius_1,0,l
ATM_square_equirectangular/Delflandpleinbuurt_West/lon_4839518262692753_lat_52348249996911704_radius_1_d0_l/20220629TMX7316010203-002649pano_0001_000560_4.83951486149045_52.3482520504223.jpg,2022,6,29,Delflandpleinbuurt_West,0,lon_4839518262692753_lat_52348249996911704_radius_1_d0_l,lon_4839518262692753_lat_52348249996911704_radius_1,0,l
ATM_square_equirectangular/Delflandpleinbuurt_West/lon_4839518262692753_lat_52348249996911704_radius_1_d0_b/20190102TMX7316010203-001031pano_0011_000686_4.83951477681293_52.3482515289887.jpg,2019,1,2,Delflandpleinbuurt_West,0,lon_4839518262692753_lat_52348249996911704_radius_1_d0_b,lon_4839518262692753_lat_52348249996911704_radius_1,0,b
ATM_square_equirectangular/Delflandpleinbuurt_West/lon_4839518262692753_lat_52348249996911704_radius_1_d0_b/20200827TMX7316010203-001894pano_0000_000108_4.83951411357464_52.3482499984987.jpg,2020,8,27,Delflandpleinbuurt_West,1,lon_4839518262692753_lat_52348249996911704_radius_1_d0_b,lon_4839518262692753_lat_52348249996911704_radius_1,0,b
ATM_square_equirectangular/Delflandpleinbuurt_West/lon_4839518262692753_lat_52348249996911704_radius_1_d0_b/20210219TMX7316010203-002020pano_0000_002250_4.83952589769069_52.3482484632477.jpg,2021,2,19,Delflandpleinbuurt_West,1,lon_4839518262692753_lat_52348249996911704_radius_1_d0_b,lon_4839518262692753_lat_52348249996911704_radius_1,0,b
ATM_square_equirectangular/Delflandpleinbuurt_West/lon_4839518262692753_lat_52348249996911704_radius_1_d0_b/20220629TMX7316010203-002649pano_0001_000560_4.83951486149045_52.3482520504223.jpg,2022,6,29,Delflandpleinbuurt_West,0,lon_4839518262692753_lat_52348249996911704_radius_1_d0_b,lon_4839518262692753_lat_52348249996911704_radius_1,0,b
ATM_square_equirectangular/Spaarndammerbuurt_Zuidwest/lon_4876569716368676_lat_5238951860553885_radius_1_d0_l/20190118TMX7316010203-001068pano_0002_000152_4.87656498269738_52.3895140252154.jpg,2019,1,18,Spaarndammerbuurt_Zuidwest,0,lon_4876569716368676_lat_5238951860553885_radius_1_d0_l,lon_4876569716368676_lat_5238951860553885_radius_1,0,l
ATM_square_equirectangular/Spaarndammerbuurt_Zuidwest/lon_4876569716368676_lat_5238951860553885_radius_1_d0_l/20200207TMX7316010203-001629pano_0000_000110_4.87657127355414_52.3895214337291.jpg,2020,2,7,Spaarndammerbuurt_Zuidwest,1,lon_4876569716368676_lat_5238951860553885_radius_1_d0_l,lon_4876569716368676_lat_5238951860553885_radius_1,0,l
ATM_square_equirectangular/Spaarndammerbuurt_Zuidwest/lon_4876569716368676_lat_5238951860553885_radius_1_d0_l/20210319TMX7316010203-002052pano_0000_001443_4.87657124650944_52.3895126897754.jpg,2021,3,19,Spaarndammerbuurt_Zuidwest,1,lon_4876569716368676_lat_5238951860553885_radius_1_d0_l,lon_4876569716368676_lat_5238951860553885_radius_1,0,l
ATM_square_equirectangular/Spaarndammerbuurt_Zuidwest/lon_4876569716368676_lat_5238951860553885_radius_1_d0_l/20220622TMX7316010203-002620pano_0014_001302_4.87658207758232_52.3895230327176.jpg,2022,6,22,Spaarndammerbuurt_Zuidwest,1,lon_4876569716368676_lat_5238951860553885_radius_1_d0_l,lon_4876569716368676_lat_5238951860553885_radius_1,0,l
ATM_square_equirectangular/Spaarndammerbuurt_Zuidwest/lon_4876569716368676_lat_5238951860553885_radius_1_d0_b/20190118TMX7316010203-001068pano_0002_000152_4.87656498269738_52.3895140252154.jpg,2019,1,18,Spaarndammerbuurt_Zuidwest,0,lon_4876569716368676_lat_5238951860553885_radius_1_d0_b,lon_4876569716368676_lat_5238951860553885_radius_1,0,b
ATM_square_equirectangular/Spaarndammerbuurt_Zuidwest/lon_4876569716368676_lat_5238951860553885_radius_1_d0_b/20200207TMX7316010203-001629pano_0000_000110_4.87657127355414_52.3895214337291.jpg,2020,2,7,Spaarndammerbuurt_Zuidwest,1,lon_4876569716368676_lat_5238951860553885_radius_1_d0_b,lon_4876569716368676_lat_5238951860553885_radius_1,0,b
ATM_square_equirectangular/Spaarndammerbuurt_Zuidwest/lon_4876569716368676_lat_5238951860553885_radius_1_d0_b/20210319TMX7316010203-002052pano_0000_001443_4.87657124650944_52.3895126897754.jpg,2021,3,19,Spaarndammerbuurt_Zuidwest,1,lon_4876569716368676_lat_5238951860553885_radius_1_d0_b,lon_4876569716368676_lat_5238951860553885_radius_1,0,b
ATM_square_equirectangular/Spaarndammerbuurt_Zuidwest/lon_4876569716368676_lat_5238951860553885_radius_1_d0_b/20220622TMX7316010203-002620pano_0014_001302_4.87658207758232_52.3895230327176.jpg,2022,6,22,Spaarndammerbuurt_Zuidwest,1,lon_4876569716368676_lat_5238951860553885_radius_1_d0_b,lon_4876569716368676_lat_5238951860553885_radius_1,0,b
ATM_square_equirectangular/De_Eenhoorn/lon_49230914434389685_lat_5235046921348295_radius_1_d0_f/20180515TMX7316010203-000723pano_0001_000665_4.92308413858522_52.3504763508004.jpg,2018,5,15,De_Eenhoorn,0,lon_49230914434389685_lat_5235046921348295_radius_1_d0_f,lon_49230914434389685_lat_5235046921348295_radius_1,0,f
ATM_square_equirectangular/De_Eenhoorn/lon_49230914434389685_lat_5235046921348295_radius_1_d0_f/20180524TMX7316010203-000750pano_0000_000637_4.92308812033589_52.3504687111291.jpg,2018,5,24,De_Eenhoorn,0,lon_49230914434389685_lat_5235046921348295_radius_1_d0_f,lon_49230914434389685_lat_5235046921348295_radius_1,0,f
ATM_square_equirectangular/De_Eenhoorn/lon_49230914434389685_lat_5235046921348295_radius_1_d0_f/20200904TMX7316010203-001906pano_0004_000825_4.92309688690208_52.3504619356316.jpg,2020,9,4,De_Eenhoorn,1,lon_49230914434389685_lat_5235046921348295_radius_1_d0_f,lon_49230914434389685_lat_5235046921348295_radius_1,0,f
ATM_square_equirectangular/De_Eenhoorn/lon_49230914434389685_lat_5235046921348295_radius_1_d0_f/20210507TMX7316010203-002132pano_0000_005307_4.92309056118395_52.3504703156209.jpg,2021,5,7,De_Eenhoorn,1,lon_49230914434389685_lat_5235046921348295_radius_1_d0_f,lon_49230914434389685_lat_5235046921348295_radius_1,0,f
ATM_square_equirectangular/De_Eenhoorn/lon_49230914434389685_lat_5235046921348295_radius_1_d0_f/20220117TMX7316010203-002422pano_0002_000014_4.9230975101877_52.3504687542327.jpg,2022,1,17,De_Eenhoorn,0,lon_49230914434389685_lat_5235046921348295_radius_1_d0_f,lon_49230914434389685_lat_5235046921348295_radius_1,0,f
ATM_square_equirectangular/De_Eenhoorn/lon_49230914434389685_lat_5235046921348295_radius_1_d0_l/20180515TMX7316010203-000723pano_0001_000665_4.92308413858522_52.3504763508004.jpg,2018,5,15,De_Eenhoorn,0,lon_49230914434389685_lat_5235046921348295_radius_1_d0_l,lon_49230914434389685_lat_5235046921348295_radius_1,0,l
ATM_square_equirectangular/De_Eenhoorn/lon_49230914434389685_lat_5235046921348295_radius_1_d0_l/20180524TMX7316010203-000750pano_0000_000637_4.92308812033589_52.3504687111291.jpg,2018,5,24,De_Eenhoorn,0,lon_49230914434389685_lat_5235046921348295_radius_1_d0_l,lon_49230914434389685_lat_5235046921348295_radius_1,0,l
ATM_square_equirectangular/De_Eenhoorn/lon_49230914434389685_lat_5235046921348295_radius_1_d0_l/20200904TMX7316010203-001906pano_0004_000825_4.92309688690208_52.3504619356316.jpg,2020,9,4,De_Eenhoorn,1,lon_49230914434389685_lat_5235046921348295_radius_1_d0_l,lon_49230914434389685_lat_5235046921348295_radius_1,0,l
ATM_square_equirectangular/De_Eenhoorn/lon_49230914434389685_lat_5235046921348295_radius_1_d0_l/20210507TMX7316010203-002132pano_0000_005307_4.92309056118395_52.3504703156209.jpg,2021,5,7,De_Eenhoorn,1,lon_49230914434389685_lat_5235046921348295_radius_1_d0_l,lon_49230914434389685_lat_5235046921348295_radius_1,0,l
ATM_square_equirectangular/De_Eenhoorn/lon_49230914434389685_lat_5235046921348295_radius_1_d0_l/20220117TMX7316010203-002422pano_0002_000014_4.9230975101877_52.3504687542327.jpg,2022,1,17,De_Eenhoorn,0,lon_49230914434389685_lat_5235046921348295_radius_1_d0_l,lon_49230914434389685_lat_5235046921348295_radius_1,0,l
ATM_square_equirectangular/De_Eenhoorn/lon_4922796464485297_lat_5235027960246203_radius_1_d0_f/20160526TMX7315120208-000059pano_0004_000685_4.9227955518573_52.3502841028407.jpg,2016,5,26,De_Eenhoorn,0,lon_4922796464485297_lat_5235027960246203_radius_1_d0_f,lon_4922796464485297_lat_5235027960246203_radius_1,0,f
ATM_square_equirectangular/De_Eenhoorn/lon_4922796464485297_lat_5235027960246203_radius_1_d0_f/20200507TMX7316010203-001692pano_0000_000473_4.92279838241769_52.3502771326754.jpg,2020,5,7,De_Eenhoorn,1,lon_4922796464485297_lat_5235027960246203_radius_1_d0_f,lon_4922796464485297_lat_5235027960246203_radius_1,0,f
ATM_square_equirectangular/De_Eenhoorn/lon_4922796464485297_lat_5235027960246203_radius_1_d0_f/20220117TMX7316010203-002422pano_0002_000020_4.9227954591809_52.35027757187.jpg,2022,1,17,De_Eenhoorn,1,lon_4922796464485297_lat_5235027960246203_radius_1_d0_f,lon_4922796464485297_lat_5235027960246203_radius_1,0,f
ATM_square_equirectangular/De_Eenhoorn/lon_4922796464485297_lat_5235027960246203_radius_1_d0_l/20160526TMX7315120208-000059pano_0004_000685_4.9227955518573_52.3502841028407.jpg,2016,5,26,De_Eenhoorn,0,lon_4922796464485297_lat_5235027960246203_radius_1_d0_l,lon_4922796464485297_lat_5235027960246203_radius_1,0,l
ATM_square_equirectangular/De_Eenhoorn/lon_4922796464485297_lat_5235027960246203_radius_1_d0_l/20200507TMX7316010203-001692pano_0000_000473_4.92279838241769_52.3502771326754.jpg,2020,5,7,De_Eenhoorn,1,lon_4922796464485297_lat_5235027960246203_radius_1_d0_l,lon_4922796464485297_lat_5235027960246203_radius_1,0,l
ATM_square_equirectangular/De_Eenhoorn/lon_4922796464485297_lat_5235027960246203_radius_1_d0_l/20220117TMX7316010203-002422pano_0002_000020_4.9227954591809_52.35027757187.jpg,2022,1,17,De_Eenhoorn,1,lon_4922796464485297_lat_5235027960246203_radius_1_d0_l,lon_4922796464485297_lat_5235027960246203_radius_1,0,l
ATM_square_equirectangular/Buurt_8/lon_48059374463074_lat_52378202912458704_radius_1_d0_b/20181214TMX7316010203-001016pano_0000_000559_4.80594615175197_52.3782082158126.jpg,2018,12,14,Buurt_8,0,lon_48059374463074_lat_52378202912458704_radius_1_d0_b,lon_48059374463074_lat_52378202912458704_radius_1,0,b
ATM_square_equirectangular/Buurt_8/lon_48059374463074_lat_52378202912458704_radius_1_d0_b/20200820TMX7316010203-001883pano_0001_005631_4.80594470244963_52.3782047335307.jpg,2020,8,20,Buurt_8,1,lon_48059374463074_lat_52378202912458704_radius_1_d0_b,lon_48059374463074_lat_52378202912458704_radius_1,0,b
ATM_square_equirectangular/Buurt_8/lon_48059374463074_lat_52378202912458704_radius_1_d0_b/20220106TMX7316010203-002395pano_0012_000204_4.805933643757_52.3782019142194.jpg,2022,1,6,Buurt_8,1,lon_48059374463074_lat_52378202912458704_radius_1_d0_b,lon_48059374463074_lat_52378202912458704_radius_1,0,b
ATM_square_equirectangular/Buurt_8/lon_48034669469925015_lat_523781605314343_radius_1_d0_b/20160824TMX7316010203-000083pano_0017_000598_4.80345836147397_52.3781627250854.jpg,2016,8,24,Buurt_8,0,lon_48034669469925015_lat_523781605314343_radius_1_d0_b,lon_48034669469925015_lat_523781605314343_radius_1,0,b
ATM_square_equirectangular/Buurt_8/lon_48034669469925015_lat_523781605314343_radius_1_d0_b/20181214TMX7316010203-001016pano_0000_000432_4.80347348191697_52.3781683735295.jpg,2018,12,14,Buurt_8,0,lon_48034669469925015_lat_523781605314343_radius_1_d0_b,lon_48034669469925015_lat_523781605314343_radius_1,0,b
ATM_square_equirectangular/Buurt_8/lon_48034669469925015_lat_523781605314343_radius_1_d0_b/20181214TMX7316010203-001016pano_0000_000592_4.80347156235441_52.3781642534858.jpg,2018,12,14,Buurt_8,0,lon_48034669469925015_lat_523781605314343_radius_1_d0_b,lon_48034669469925015_lat_523781605314343_radius_1,0,b
ATM_square_equirectangular/Buurt_8/lon_48034669469925015_lat_523781605314343_radius_1_d0_b/20200820TMX7316010203-001883pano_0001_005665_4.80346580984851_52.3781633310393.jpg,2020,8,20,Buurt_8,0,lon_48034669469925015_lat_523781605314343_radius_1_d0_b,lon_48034669469925015_lat_523781605314343_radius_1,0,b
ATM_square_equirectangular/Buurt_8/lon_48034669469925015_lat_523781605314343_radius_1_d0_b/20210331TMX7316010203-002075pano_0000_002591_4.80346756176698_52.3781555443422.jpg,2021,3,31,Buurt_8,1,lon_48034669469925015_lat_523781605314343_radius_1_d0_b,lon_48034669469925015_lat_523781605314343_radius_1,0,b
ATM_square_equirectangular/Buurt_8/lon_48034669469925015_lat_523781605314343_radius_1_d0_b/20220106TMX7316010203-002395pano_0012_000311_4.80346764745094_52.378157950446.jpg,2022,1,6,Buurt_8,1,lon_48034669469925015_lat_523781605314343_radius_1_d0_b,lon_48034669469925015_lat_523781605314343_radius_1,0,b
ATM_square_equirectangular/Buurt_8/lon_4804312401110896_lat_52377809825146194_radius_1_d0_l/20180108TMX7316010203-000535pano_0000_007840_4.80430443372541_52.3778106826148.jpg,2018,1,8,Buurt_8,0,lon_4804312401110896_lat_52377809825146194_radius_1_d0_l,lon_4804312401110896_lat_52377809825146194_radius_1,0,l
ATM_square_equirectangular/Buurt_8/lon_4804312401110896_lat_52377809825146194_radius_1_d0_l/20181214TMX7316010203-001016pano_0000_000397_4.80431453648973_52.3778054669015.jpg,2018,12,14,Buurt_8,1,lon_4804312401110896_lat_52377809825146194_radius_1_d0_l,lon_4804312401110896_lat_52377809825146194_radius_1,0,l
ATM_square_equirectangular/Buurt_8/lon_4804312401110896_lat_52377809825146194_radius_1_d0_l/20220106TMX7316010203-002395pano_0012_000273_4.80431823311755_52.3778133259223.jpg,2022,1,6,Buurt_8,0,lon_4804312401110896_lat_52377809825146194_radius_1_d0_l,lon_4804312401110896_lat_52377809825146194_radius_1,0,l
ATM_square_equirectangular/Buurt_8/lon_4804312401110896_lat_52377809825146194_radius_1_d0_l/20220419TMX7316010203-002524pano_0005_001600_4.80431601540715_52.3778035318438.jpg,2022,4,19,Buurt_8,0,lon_4804312401110896_lat_52377809825146194_radius_1_d0_l,lon_4804312401110896_lat_52377809825146194_radius_1,0,l
ATM_square_equirectangular/De_Eenhoorn/lon_4921735036323235_lat_5235163674738836_radius_1_d-200_r/20180524TMX7316010203-000750pano_0000_000384_4.92173712828961_52.3516362372712.jpg,2018,5,24,De_Eenhoorn,0,lon_4921735036323235_lat_5235163674738836_radius_1_d-200_r,lon_4921735036323235_lat_5235163674738836_radius_1,-200,r
ATM_square_equirectangular/De_Eenhoorn/lon_4921735036323235_lat_5235163674738836_radius_1_d-200_r/20210601TMX7316010203-002146pano_0000_000266_4.92172689009762_52.3516352117767.jpg,2021,6,1,De_Eenhoorn,1,lon_4921735036323235_lat_5235163674738836_radius_1_d-200_r,lon_4921735036323235_lat_5235163674738836_radius_1,-200,r
ATM_square_equirectangular/De_Eenhoorn/lon_4921735036323235_lat_5235163674738836_radius_1_d-200_r/20220613TMX7316010203-002591pano_0000_003501_4.92172790466583_52.3516339225833.jpg,2022,6,13,De_Eenhoorn,0,lon_4921735036323235_lat_5235163674738836_radius_1_d-200_r,lon_4921735036323235_lat_5235163674738836_radius_1,-200,r
ATM_square_equirectangular/Kolenkitbuurt_Noord/lon_4841668931472739_lat_5238030607376359_radius_1_d0_f/20190724TMX7316010203-001326pano_0000_002546_4.84167245397445_52.3803029866113.jpg,2019,7,24,Kolenkitbuurt_Noord,0,lon_4841668931472739_lat_5238030607376359_radius_1_d0_f,lon_4841668931472739_lat_5238030607376359_radius_1,0,f
ATM_square_equirectangular/Kolenkitbuurt_Noord/lon_4841668931472739_lat_5238030607376359_radius_1_d0_f/20191210TMX7316010203-001503pano_0002_001412_4.84167070829344_52.3802977720906.jpg,2019,12,10,Kolenkitbuurt_Noord,0,lon_4841668931472739_lat_5238030607376359_radius_1_d0_f,lon_4841668931472739_lat_5238030607376359_radius_1,0,f
ATM_square_equirectangular/Kolenkitbuurt_Noord/lon_4841668931472739_lat_5238030607376359_radius_1_d0_f/20200508TMX7316010203-001700pano_0000_000882_4.84165829871342_52.3803029202736.jpg,2020,5,8,Kolenkitbuurt_Noord,0,lon_4841668931472739_lat_5238030607376359_radius_1_d0_f,lon_4841668931472739_lat_5238030607376359_radius_1,0,f
ATM_square_equirectangular/Kolenkitbuurt_Noord/lon_4841668931472739_lat_5238030607376359_radius_1_d0_f/20210329TMX7316010203-002067pano_0000_000048_4.84166733254624_52.3803028960123.jpg,2021,3,29,Kolenkitbuurt_Noord,1,lon_4841668931472739_lat_5238030607376359_radius_1_d0_f,lon_4841668931472739_lat_5238030607376359_radius_1,0,f
ATM_square_equirectangular/Kolenkitbuurt_Noord/lon_4841668931472739_lat_5238030607376359_radius_1_d0_f/20220104TMX7316010203-002387pano_0000_000044_4.84167083077174_52.3803098917978.jpg,2022,1,4,Kolenkitbuurt_Noord,1,lon_4841668931472739_lat_5238030607376359_radius_1_d0_f,lon_4841668931472739_lat_5238030607376359_radius_1,0,f
ATM_square_equirectangular/Kolenkitbuurt_Noord/lon_4841668931472739_lat_5238030607376359_radius_1_d0_f/20220419TMX7316010203-002522pano_0000_000832_4.84166847650974_52.3803117692659.jpg,2022,4,19,Kolenkitbuurt_Noord,1,lon_4841668931472739_lat_5238030607376359_radius_1_d0_f,lon_4841668931472739_lat_5238030607376359_radius_1,0,f
ATM_square_equirectangular/Kolenkitbuurt_Noord/lon_4841668931472739_lat_5238030607376359_radius_1_d0_l/20190724TMX7316010203-001326pano_0000_002546_4.84167245397445_52.3803029866113.jpg,2019,7,24,Kolenkitbuurt_Noord,0,lon_4841668931472739_lat_5238030607376359_radius_1_d0_l,lon_4841668931472739_lat_5238030607376359_radius_1,0,l
ATM_square_equirectangular/Kolenkitbuurt_Noord/lon_4841668931472739_lat_5238030607376359_radius_1_d0_l/20191210TMX7316010203-001503pano_0002_001412_4.84167070829344_52.3802977720906.jpg,2019,12,10,Kolenkitbuurt_Noord,0,lon_4841668931472739_lat_5238030607376359_radius_1_d0_l,lon_4841668931472739_lat_5238030607376359_radius_1,0,l
ATM_square_equirectangular/Kolenkitbuurt_Noord/lon_4841668931472739_lat_5238030607376359_radius_1_d0_l/20200508TMX7316010203-001700pano_0000_000882_4.84165829871342_52.3803029202736.jpg,2020,5,8,Kolenkitbuurt_Noord,0,lon_4841668931472739_lat_5238030607376359_radius_1_d0_l,lon_4841668931472739_lat_5238030607376359_radius_1,0,l
ATM_square_equirectangular/Kolenkitbuurt_Noord/lon_4841668931472739_lat_5238030607376359_radius_1_d0_l/20210329TMX7316010203-002067pano_0000_000048_4.84166733254624_52.3803028960123.jpg,2021,3,29,Kolenkitbuurt_Noord,1,lon_4841668931472739_lat_5238030607376359_radius_1_d0_l,lon_4841668931472739_lat_5238030607376359_radius_1,0,l
ATM_square_equirectangular/Kolenkitbuurt_Noord/lon_4841668931472739_lat_5238030607376359_radius_1_d0_l/20220104TMX7316010203-002387pano_0000_000044_4.84167083077174_52.3803098917978.jpg,2022,1,4,Kolenkitbuurt_Noord,1,lon_4841668931472739_lat_5238030607376359_radius_1_d0_l,lon_4841668931472739_lat_5238030607376359_radius_1,0,l
ATM_square_equirectangular/Kolenkitbuurt_Noord/lon_4841668931472739_lat_5238030607376359_radius_1_d0_l/20220419TMX7316010203-002522pano_0000_000832_4.84166847650974_52.3803117692659.jpg,2022,4,19,Kolenkitbuurt_Noord,1,lon_4841668931472739_lat_5238030607376359_radius_1_d0_l,lon_4841668931472739_lat_5238030607376359_radius_1,0,l
ATM_square_equirectangular/Kolenkitbuurt_Noord/lon_4841668931472739_lat_5238030607376359_radius_1_d0_b/20190724TMX7316010203-001326pano_0000_002546_4.84167245397445_52.3803029866113.jpg,2019,7,24,Kolenkitbuurt_Noord,0,lon_4841668931472739_lat_5238030607376359_radius_1_d0_b,lon_4841668931472739_lat_5238030607376359_radius_1,0,b
ATM_square_equirectangular/Kolenkitbuurt_Noord/lon_4841668931472739_lat_5238030607376359_radius_1_d0_b/20191210TMX7316010203-001503pano_0002_001412_4.84167070829344_52.3802977720906.jpg,2019,12,10,Kolenkitbuurt_Noord,0,lon_4841668931472739_lat_5238030607376359_radius_1_d0_b,lon_4841668931472739_lat_5238030607376359_radius_1,0,b
ATM_square_equirectangular/Kolenkitbuurt_Noord/lon_4841668931472739_lat_5238030607376359_radius_1_d0_b/20200508TMX7316010203-001700pano_0000_000882_4.84165829871342_52.3803029202736.jpg,2020,5,8,Kolenkitbuurt_Noord,0,lon_4841668931472739_lat_5238030607376359_radius_1_d0_b,lon_4841668931472739_lat_5238030607376359_radius_1,0,b
ATM_square_equirectangular/Kolenkitbuurt_Noord/lon_4841668931472739_lat_5238030607376359_radius_1_d0_b/20210329TMX7316010203-002067pano_0000_000048_4.84166733254624_52.3803028960123.jpg,2021,3,29,Kolenkitbuurt_Noord,1,lon_4841668931472739_lat_5238030607376359_radius_1_d0_b,lon_4841668931472739_lat_5238030607376359_radius_1,0,b
ATM_square_equirectangular/Kolenkitbuurt_Noord/lon_4841668931472739_lat_5238030607376359_radius_1_d0_b/20220104TMX7316010203-002387pano_0000_000044_4.84167083077174_52.3803098917978.jpg,2022,1,4,Kolenkitbuurt_Noord,1,lon_4841668931472739_lat_5238030607376359_radius_1_d0_b,lon_4841668931472739_lat_5238030607376359_radius_1,0,b
ATM_square_equirectangular/Kolenkitbuurt_Noord/lon_4841668931472739_lat_5238030607376359_radius_1_d0_b/20220419TMX7316010203-002522pano_0000_000832_4.84166847650974_52.3803117692659.jpg,2022,4,19,Kolenkitbuurt_Noord,1,lon_4841668931472739_lat_5238030607376359_radius_1_d0_b,lon_4841668931472739_lat_5238030607376359_radius_1,0,b
ATM_square_equirectangular/Ransdorp/lon_4994410813010241_lat_52392646607138666_radius_1_d0_f/20191211TMX7316010203-001508pano_0008_000474_4.99441143351435_52.3926454539018.jpg,2019,12,11,Ransdorp,0,lon_4994410813010241_lat_52392646607138666_radius_1_d0_f,lon_4994410813010241_lat_52392646607138666_radius_1,0,f
ATM_square_equirectangular/Ransdorp/lon_4994410813010241_lat_52392646607138666_radius_1_d0_f/20210225TMX7316010203-002028pano_0005_000044_4.99440673663339_52.3926403294327.jpg,2021,2,25,Ransdorp,1,lon_4994410813010241_lat_52392646607138666_radius_1_d0_f,lon_4994410813010241_lat_52392646607138666_radius_1,0,f
ATM_square_equirectangular/Ransdorp/lon_4994410813010241_lat_52392646607138666_radius_1_d0_f/20210628TMX7316010203-002200pano_0000_000434_4.99441426888298_52.3926540380815.jpg,2021,6,28,Ransdorp,0,lon_4994410813010241_lat_52392646607138666_radius_1_d0_f,lon_4994410813010241_lat_52392646607138666_radius_1,0,f
ATM_square_equirectangular/Ransdorp/lon_4994410813010241_lat_52392646607138666_radius_1_d0_f/20220509TMX7316010203-002564pano_0002_005845_4.99441829895362_52.3926433921303.jpg,2022,5,9,Ransdorp,0,lon_4994410813010241_lat_52392646607138666_radius_1_d0_f,lon_4994410813010241_lat_52392646607138666_radius_1,0,f
ATM_square_equirectangular/PC_Hooftbuurt/lon_4884122826799774_lat_52361174269313004_radius_1_d200_b/20170412TMX7316010203-000258pano_0002_002177_4.88412070605264_52.3611734019602.jpg,2017,4,12,PC_Hooftbuurt,0,lon_4884122826799774_lat_52361174269313004_radius_1_d200_b,lon_4884122826799774_lat_52361174269313004_radius_1,200,b
ATM_square_equirectangular/PC_Hooftbuurt/lon_4884122826799774_lat_52361174269313004_radius_1_d200_b/20190502TMX7316010203-001156pano_0000_001346_4.88411739009294_52.3611700795025.jpg,2019,5,2,PC_Hooftbuurt,0,lon_4884122826799774_lat_52361174269313004_radius_1_d200_b,lon_4884122826799774_lat_52361174269313004_radius_1,200,b
ATM_square_equirectangular/PC_Hooftbuurt/lon_4884122826799774_lat_52361174269313004_radius_1_d200_b/20210426TMX7316010203-002117pano_0000_001365_4.88413038425374_52.3611793264763.jpg,2021,4,26,PC_Hooftbuurt,0,lon_4884122826799774_lat_52361174269313004_radius_1_d200_b,lon_4884122826799774_lat_52361174269313004_radius_1,200,b
ATM_square_equirectangular/PC_Hooftbuurt/lon_4884122826799774_lat_52361174269313004_radius_1_d200_b/20230110TMX7316010203-002920pano_0000_000063_4.8841341679775_52.3611687217107.jpg,2023,1,10,PC_Hooftbuurt,1,lon_4884122826799774_lat_52361174269313004_radius_1_d200_b,lon_4884122826799774_lat_52361174269313004_radius_1,200,b
ATM_square_equirectangular/Olympisch_Stadion_eo/lon_48541535373426195_lat_5234227216510497_radius_1_d200_b/20160729TMX7316060226-000009pano_0002_000056_4.8541533882873_52.3422714062031.jpg,2016,7,29,Olympisch_Stadion_eo,0,lon_48541535373426195_lat_5234227216510497_radius_1_d200_b,lon_48541535373426195_lat_5234227216510497_radius_1,200,b
ATM_square_equirectangular/Olympisch_Stadion_eo/lon_48541535373426195_lat_5234227216510497_radius_1_d200_b/20180604TMX7316010203-000771pano_0000_003262_4.85415904455573_52.3422707825132.jpg,2018,6,4,Olympisch_Stadion_eo,1,lon_48541535373426195_lat_5234227216510497_radius_1_d200_b,lon_48541535373426195_lat_5234227216510497_radius_1,200,b
ATM_square_equirectangular/Olympisch_Stadion_eo/lon_48541535373426195_lat_5234227216510497_radius_1_d200_b/20220110TMX7316010203-002406pano_0003_000078_4.85414024623877_52.3422749214668.jpg,2022,1,10,Olympisch_Stadion_eo,1,lon_48541535373426195_lat_5234227216510497_radius_1_d200_b,lon_48541535373426195_lat_5234227216510497_radius_1,200,b
ATM_square_equirectangular/Sloterweg_eo/lon_4820197137947675_lat_5234202654910497_radius_1_d-300_b/20160812TMX7316060226-000018pano_0000_001389_4.82019139233903_52.3420233629439.jpg,2016,8,12,Sloterweg_eo,0,lon_4820197137947675_lat_5234202654910497_radius_1_d-300_b,lon_4820197137947675_lat_5234202654910497_radius_1,-300,b
ATM_square_equirectangular/Sloterweg_eo/lon_4820197137947675_lat_5234202654910497_radius_1_d-300_b/20170504TMX7316010203-000285pano_0000_000120_4.82020107061446_52.3420260372982.jpg,2017,5,4,Sloterweg_eo,0,lon_4820197137947675_lat_5234202654910497_radius_1_d-300_b,lon_4820197137947675_lat_5234202654910497_radius_1,-300,b
ATM_square_equirectangular/Sloterweg_eo/lon_4820197137947675_lat_5234202654910497_radius_1_d-300_b/20191217TMX7316010203-001516pano_0000_000412_4.82019390741424_52.3420330797909.jpg,2019,12,17,Sloterweg_eo,0,lon_4820197137947675_lat_5234202654910497_radius_1_d-300_b,lon_4820197137947675_lat_5234202654910497_radius_1,-300,b
ATM_square_equirectangular/Sloterweg_eo/lon_4820197137947675_lat_5234202654910497_radius_1_d-300_b/20200813TMX7316010203-001873pano_0000_001401_4.82020218142297_52.3420237163869.jpg,2020,8,13,Sloterweg_eo,1,lon_4820197137947675_lat_5234202654910497_radius_1_d-300_b,lon_4820197137947675_lat_5234202654910497_radius_1,-300,b
ATM_square_equirectangular/Sloterweg_eo/lon_4820197137947675_lat_5234202654910497_radius_1_d-300_b/20220629TMX7316010203-002649pano_0000_000229_4.82019121951023_52.3420283252789.jpg,2022,6,29,Sloterweg_eo,0,lon_4820197137947675_lat_5234202654910497_radius_1_d-300_b,lon_4820197137947675_lat_5234202654910497_radius_1,-300,b
ATM_square_equirectangular/De_Bongerd/lon_4901934934376624_lat_524052092194185_radius_1_d0_b/20190705TMX7316010203-001292pano_0000_008426_4.90193094295731_52.4052112222505.jpg,2019,7,5,De_Bongerd,0,lon_4901934934376624_lat_524052092194185_radius_1_d0_b,lon_4901934934376624_lat_524052092194185_radius_1,0,b
ATM_square_equirectangular/De_Bongerd/lon_4901934934376624_lat_524052092194185_radius_1_d0_b/20210624TMX7316010203-002191pano_0000_001984_4.90193846478833_52.4052086677649.jpg,2021,6,24,De_Bongerd,0,lon_4901934934376624_lat_524052092194185_radius_1_d0_b,lon_4901934934376624_lat_524052092194185_radius_1,0,b
ATM_square_equirectangular/De_Bongerd/lon_4901934934376624_lat_524052092194185_radius_1_d0_b/20211224TMX7316010203-002347pano_0006_000003_4.90193539538423_52.4052077682401.jpg,2021,12,24,De_Bongerd,1,lon_4901934934376624_lat_524052092194185_radius_1_d0_b,lon_4901934934376624_lat_524052092194185_radius_1,0,b
ATM_square_equirectangular/Buitenveldert_Zuidwest/lon_4868514009637679_lat_523269210241661_radius_1_d0_f/20160614TMX7315080123-000286pano_0000_001279_4.86850958240682_52.3269242695786.jpg,2016,6,14,Buitenveldert_Zuidwest,0,lon_4868514009637679_lat_523269210241661_radius_1_d0_f,lon_4868514009637679_lat_523269210241661_radius_1,0,f
ATM_square_equirectangular/Buitenveldert_Zuidwest/lon_4868514009637679_lat_523269210241661_radius_1_d0_f/20170410TMX7316010203-000253pano_0000_003324_4.86851682198008_52.3269208100475.jpg,2017,4,10,Buitenveldert_Zuidwest,0,lon_4868514009637679_lat_523269210241661_radius_1_d0_f,lon_4868514009637679_lat_523269210241661_radius_1,0,f
ATM_square_equirectangular/Buitenveldert_Zuidwest/lon_4868514009637679_lat_523269210241661_radius_1_d0_f/20190507TMX7316010203-001167pano_0001_004369_4.86851562452614_52.3269179928722.jpg,2019,5,7,Buitenveldert_Zuidwest,1,lon_4868514009637679_lat_523269210241661_radius_1_d0_f,lon_4868514009637679_lat_523269210241661_radius_1,0,f
ATM_square_equirectangular/Buitenveldert_Zuidwest/lon_4868514009637679_lat_523269210241661_radius_1_d0_f/20230105TMX7316010203-002915pano_0004_000208_4.86850369138632_52.3269205936122.jpg,2023,1,5,Buitenveldert_Zuidwest,1,lon_4868514009637679_lat_523269210241661_radius_1_d0_f,lon_4868514009637679_lat_523269210241661_radius_1,0,f
ATM_square_equirectangular/Buitenveldert_Zuidwest/lon_4868514009637679_lat_523269210241661_radius_1_d0_l/20160614TMX7315080123-000286pano_0000_001279_4.86850958240682_52.3269242695786.jpg,2016,6,14,Buitenveldert_Zuidwest,0,lon_4868514009637679_lat_523269210241661_radius_1_d0_l,lon_4868514009637679_lat_523269210241661_radius_1,0,l
ATM_square_equirectangular/Buitenveldert_Zuidwest/lon_4868514009637679_lat_523269210241661_radius_1_d0_l/20170410TMX7316010203-000253pano_0000_003324_4.86851682198008_52.3269208100475.jpg,2017,4,10,Buitenveldert_Zuidwest,0,lon_4868514009637679_lat_523269210241661_radius_1_d0_l,lon_4868514009637679_lat_523269210241661_radius_1,0,l
ATM_square_equirectangular/Buitenveldert_Zuidwest/lon_4868514009637679_lat_523269210241661_radius_1_d0_l/20190507TMX7316010203-001167pano_0001_004369_4.86851562452614_52.3269179928722.jpg,2019,5,7,Buitenveldert_Zuidwest,1,lon_4868514009637679_lat_523269210241661_radius_1_d0_l,lon_4868514009637679_lat_523269210241661_radius_1,0,l
ATM_square_equirectangular/Buitenveldert_Zuidwest/lon_4868514009637679_lat_523269210241661_radius_1_d0_l/20230105TMX7316010203-002915pano_0004_000208_4.86850369138632_52.3269205936122.jpg,2023,1,5,Buitenveldert_Zuidwest,1,lon_4868514009637679_lat_523269210241661_radius_1_d0_l,lon_4868514009637679_lat_523269210241661_radius_1,0,l
ATM_square_equirectangular/Gelderlandpleinbuurt/lon_4877446670991323_lat_5233658233806123_radius_1_d0_f/20180604TMX7316010203-000771pano_0000_000413_4.87744915970961_52.3365790373932.jpg,2018,6,4,Gelderlandpleinbuurt,0,lon_4877446670991323_lat_5233658233806123_radius_1_d0_f,lon_4877446670991323_lat_5233658233806123_radius_1,0,f
ATM_square_equirectangular/Gelderlandpleinbuurt/lon_4877446670991323_lat_5233658233806123_radius_1_d0_f/20191203TMX7316010203-001479pano_0008_000123_4.87744397601337_52.3365857171896.jpg,2019,12,3,Gelderlandpleinbuurt,1,lon_4877446670991323_lat_5233658233806123_radius_1_d0_f,lon_4877446670991323_lat_5233658233806123_radius_1,0,f
ATM_square_equirectangular/Gelderlandpleinbuurt/lon_4877446670991323_lat_5233658233806123_radius_1_d0_f/20210503TMX7316010203-002126pano_0000_002544_4.87744687725099_52.3365822596009.jpg,2021,5,3,Gelderlandpleinbuurt,1,lon_4877446670991323_lat_5233658233806123_radius_1_d0_f,lon_4877446670991323_lat_5233658233806123_radius_1,0,f
ATM_square_equirectangular/Johannnes_Vermeerbuurt/lon_48862987207772335_lat_52356645635064666_radius_1_d0_l/20190502TMX7316010203-001153pano_0000_002913_4.88629804596305_52.3566411952747.jpg,2019,5,2,Johannnes_Vermeerbuurt,0,lon_48862987207772335_lat_52356645635064666_radius_1_d0_l,lon_48862987207772335_lat_52356645635064666_radius_1,0,l
ATM_square_equirectangular/Johannnes_Vermeerbuurt/lon_48862987207772335_lat_52356645635064666_radius_1_d0_l/20200706TMX7316010203-001789pano_0000_001720_4.88629939959253_52.356647833247.jpg,2020,7,6,Johannnes_Vermeerbuurt,0,lon_48862987207772335_lat_52356645635064666_radius_1_d0_l,lon_48862987207772335_lat_52356645635064666_radius_1,0,l
ATM_square_equirectangular/Johannnes_Vermeerbuurt/lon_48862987207772335_lat_52356645635064666_radius_1_d0_l/20220111TMX7316010203-002411pano_0007_000029_4.88629871677612_52.3566478766723.jpg,2022,1,11,Johannnes_Vermeerbuurt,1,lon_48862987207772335_lat_52356645635064666_radius_1_d0_l,lon_48862987207772335_lat_52356645635064666_radius_1,0,l
ATM_square_equirectangular/Johannnes_Vermeerbuurt/lon_48862987207772335_lat_52356645635064666_radius_1_d0_b/20190502TMX7316010203-001153pano_0000_002913_4.88629804596305_52.3566411952747.jpg,2019,5,2,Johannnes_Vermeerbuurt,0,lon_48862987207772335_lat_52356645635064666_radius_1_d0_b,lon_48862987207772335_lat_52356645635064666_radius_1,0,b
ATM_square_equirectangular/Johannnes_Vermeerbuurt/lon_48862987207772335_lat_52356645635064666_radius_1_d0_b/20200706TMX7316010203-001789pano_0000_001720_4.88629939959253_52.356647833247.jpg,2020,7,6,Johannnes_Vermeerbuurt,0,lon_48862987207772335_lat_52356645635064666_radius_1_d0_b,lon_48862987207772335_lat_52356645635064666_radius_1,0,b
ATM_square_equirectangular/Johannnes_Vermeerbuurt/lon_48862987207772335_lat_52356645635064666_radius_1_d0_b/20220111TMX7316010203-002411pano_0007_000029_4.88629871677612_52.3566478766723.jpg,2022,1,11,Johannnes_Vermeerbuurt,1,lon_48862987207772335_lat_52356645635064666_radius_1_d0_b,lon_48862987207772335_lat_52356645635064666_radius_1,0,b
ATM_square_equirectangular/Buitenveldert_Zuidoost/lon_4891185015963806_lat_5232373858832807_radius_1_d0_f/20180530TMX7316010203-000760pano_0000_002169_4.89118400891738_52.3237372965497.jpg,2018,5,30,Buitenveldert_Zuidoost,0,lon_4891185015963806_lat_5232373858832807_radius_1_d0_f,lon_4891185015963806_lat_5232373858832807_radius_1,0,f
ATM_square_equirectangular/Buitenveldert_Zuidoost/lon_4891185015963806_lat_5232373858832807_radius_1_d0_f/20200828TMX7316010203-001896pano_0001_000324_4.89117678463169_52.3237399052686.jpg,2020,8,28,Buitenveldert_Zuidoost,1,lon_4891185015963806_lat_5232373858832807_radius_1_d0_f,lon_4891185015963806_lat_5232373858832807_radius_1,0,f
ATM_square_equirectangular/Buitenveldert_Zuidoost/lon_4891185015963806_lat_5232373858832807_radius_1_d0_f/20210219TMX7316010203-002019pano_0000_000037_4.89119425434235_52.3237385631659.jpg,2021,2,19,Buitenveldert_Zuidoost,0,lon_4891185015963806_lat_5232373858832807_radius_1_d0_f,lon_4891185015963806_lat_5232373858832807_radius_1,0,f
ATM_square_equirectangular/Buitenveldert_Zuidoost/lon_4891185015963806_lat_5232373858832807_radius_1_d0_f/20220328TMX7316010203-002480pano_0004_000173_4.89119207344576_52.3237408474998.jpg,2022,3,28,Buitenveldert_Zuidoost,1,lon_4891185015963806_lat_5232373858832807_radius_1_d0_f,lon_4891185015963806_lat_5232373858832807_radius_1,0,f
ATM_square_equirectangular/Jacques_Veldmanbuurt/lon_4829066520933659_lat_52355918252386125_radius_1_d300_r/20190102TMX7316010203-001031pano_0009_000506_4.8290586341791_52.3559208960242.jpg,2019,1,2,Jacques_Veldmanbuurt,0,lon_4829066520933659_lat_52355918252386125_radius_1_d300_r,lon_4829066520933659_lat_52355918252386125_radius_1,300,r
ATM_square_equirectangular/Jacques_Veldmanbuurt/lon_4829066520933659_lat_52355918252386125_radius_1_d300_r/20190102TMX7316010203-001031pano_0009_000519_4.82905637298267_52.3559238184861.jpg,2019,1,2,Jacques_Veldmanbuurt,0,lon_4829066520933659_lat_52355918252386125_radius_1_d300_r,lon_4829066520933659_lat_52355918252386125_radius_1,300,r
ATM_square_equirectangular/Jacques_Veldmanbuurt/lon_4829066520933659_lat_52355918252386125_radius_1_d300_r/20190712TMX7316010203-001308pano_0000_002453_4.8290730898567_52.3559170263867.jpg,2019,7,12,Jacques_Veldmanbuurt,1,lon_4829066520933659_lat_52355918252386125_radius_1_d300_r,lon_4829066520933659_lat_52355918252386125_radius_1,300,r
ATM_square_equirectangular/Jacques_Veldmanbuurt/lon_4829066520933659_lat_52355918252386125_radius_1_d300_r/20191218TMX7316010203-001523pano_0000_000021_4.8290663508311_52.3559135682467.jpg,2019,12,18,Jacques_Veldmanbuurt,0,lon_4829066520933659_lat_52355918252386125_radius_1_d300_r,lon_4829066520933659_lat_52355918252386125_radius_1,300,r
ATM_square_equirectangular/Jacques_Veldmanbuurt/lon_4829066520933659_lat_52355918252386125_radius_1_d300_r/20210412TMX7316010203-002086pano_0000_004964_4.82906239825795_52.3559167149531.jpg,2021,4,12,Jacques_Veldmanbuurt,1,lon_4829066520933659_lat_52355918252386125_radius_1_d300_r,lon_4829066520933659_lat_52355918252386125_radius_1,300,r
ATM_square_equirectangular/Jacques_Veldmanbuurt/lon_4829066520933659_lat_52355918252386125_radius_1_d300_b/20190102TMX7316010203-001031pano_0009_000506_4.8290586341791_52.3559208960242.jpg,2019,1,2,Jacques_Veldmanbuurt,0,lon_4829066520933659_lat_52355918252386125_radius_1_d300_b,lon_4829066520933659_lat_52355918252386125_radius_1,300,b
ATM_square_equirectangular/Jacques_Veldmanbuurt/lon_4829066520933659_lat_52355918252386125_radius_1_d300_b/20190102TMX7316010203-001031pano_0009_000519_4.82905637298267_52.3559238184861.jpg,2019,1,2,Jacques_Veldmanbuurt,0,lon_4829066520933659_lat_52355918252386125_radius_1_d300_b,lon_4829066520933659_lat_52355918252386125_radius_1,300,b
ATM_square_equirectangular/Jacques_Veldmanbuurt/lon_4829066520933659_lat_52355918252386125_radius_1_d300_b/20190712TMX7316010203-001308pano_0000_002453_4.8290730898567_52.3559170263867.jpg,2019,7,12,Jacques_Veldmanbuurt,1,lon_4829066520933659_lat_52355918252386125_radius_1_d300_b,lon_4829066520933659_lat_52355918252386125_radius_1,300,b
ATM_square_equirectangular/Jacques_Veldmanbuurt/lon_4829066520933659_lat_52355918252386125_radius_1_d300_b/20191218TMX7316010203-001523pano_0000_000021_4.8290663508311_52.3559135682467.jpg,2019,12,18,Jacques_Veldmanbuurt,0,lon_4829066520933659_lat_52355918252386125_radius_1_d300_b,lon_4829066520933659_lat_52355918252386125_radius_1,300,b
ATM_square_equirectangular/Jacques_Veldmanbuurt/lon_4829066520933659_lat_52355918252386125_radius_1_d300_b/20210412TMX7316010203-002086pano_0000_004964_4.82906239825795_52.3559167149531.jpg,2021,4,12,Jacques_Veldmanbuurt,1,lon_4829066520933659_lat_52355918252386125_radius_1_d300_b,lon_4829066520933659_lat_52355918252386125_radius_1,300,b
ATM_square_equirectangular/Groenmarktkadebuurt/lon_4876522943774307_lat_5237086376756667_radius_1_d0_l/20160817TMX7316010203-000076pano_0000_006254_4.87651645082841_52.3708676430806.jpg,2016,8,17,Groenmarktkadebuurt,0,lon_4876522943774307_lat_5237086376756667_radius_1_d0_l,lon_4876522943774307_lat_5237086376756667_radius_1,0,l
ATM_square_equirectangular/Groenmarktkadebuurt/lon_4876522943774307_lat_5237086376756667_radius_1_d0_l/20180502TMX7316010203-000703pano_0000_007495_4.87652218055954_52.3708632909141.jpg,2018,5,2,Groenmarktkadebuurt,0,lon_4876522943774307_lat_5237086376756667_radius_1_d0_l,lon_4876522943774307_lat_5237086376756667_radius_1,0,l
ATM_square_equirectangular/Groenmarktkadebuurt/lon_4876522943774307_lat_5237086376756667_radius_1_d0_l/20200424TMX7316010203-001675pano_0000_005007_4.87653019993497_52.3708603687053.jpg,2020,4,24,Groenmarktkadebuurt,1,lon_4876522943774307_lat_5237086376756667_radius_1_d0_l,lon_4876522943774307_lat_5237086376756667_radius_1,0,l
ATM_square_equirectangular/Groenmarktkadebuurt/lon_4876522943774307_lat_5237086376756667_radius_1_d0_l/20220628TMX7316010203-002637pano_0001_000072_4.87652165439336_52.3708643255056.jpg,2022,6,28,Groenmarktkadebuurt,1,lon_4876522943774307_lat_5237086376756667_radius_1_d0_l,lon_4876522943774307_lat_5237086376756667_radius_1,0,l
ATM_square_equirectangular/Groenmarktkadebuurt/lon_4876522943774307_lat_5237086376756667_radius_1_d0_b/20160817TMX7316010203-000076pano_0000_006254_4.87651645082841_52.3708676430806.jpg,2016,8,17,Groenmarktkadebuurt,0,lon_4876522943774307_lat_5237086376756667_radius_1_d0_b,lon_4876522943774307_lat_5237086376756667_radius_1,0,b
ATM_square_equirectangular/Groenmarktkadebuurt/lon_4876522943774307_lat_5237086376756667_radius_1_d0_b/20180502TMX7316010203-000703pano_0000_007495_4.87652218055954_52.3708632909141.jpg,2018,5,2,Groenmarktkadebuurt,0,lon_4876522943774307_lat_5237086376756667_radius_1_d0_b,lon_4876522943774307_lat_5237086376756667_radius_1,0,b
ATM_square_equirectangular/Groenmarktkadebuurt/lon_4876522943774307_lat_5237086376756667_radius_1_d0_b/20200424TMX7316010203-001675pano_0000_005007_4.87653019993497_52.3708603687053.jpg,2020,4,24,Groenmarktkadebuurt,1,lon_4876522943774307_lat_5237086376756667_radius_1_d0_b,lon_4876522943774307_lat_5237086376756667_radius_1,0,b
ATM_square_equirectangular/Groenmarktkadebuurt/lon_4876522943774307_lat_5237086376756667_radius_1_d0_b/20220628TMX7316010203-002637pano_0001_000072_4.87652165439336_52.3708643255056.jpg,2022,6,28,Groenmarktkadebuurt,1,lon_4876522943774307_lat_5237086376756667_radius_1_d0_b,lon_4876522943774307_lat_5237086376756667_radius_1,0,b
ATM_square_equirectangular/Buitenveldert_West_Midden/lon_486474319597138_lat_5233206423431673_radius_1_d0_r/20180531TMX7316010203-000763pano_0000_001584_4.86473359187668_52.3320634301965.jpg,2018,5,31,Buitenveldert_West_Midden,0,lon_486474319597138_lat_5233206423431673_radius_1_d0_r,lon_486474319597138_lat_5233206423431673_radius_1,0,r
ATM_square_equirectangular/Buitenveldert_West_Midden/lon_486474319597138_lat_5233206423431673_radius_1_d0_r/20191202TMX7316010203-001478pano_0002_000036_4.86475226633439_52.3320627069905.jpg,2019,12,2,Buitenveldert_West_Midden,0,lon_486474319597138_lat_5233206423431673_radius_1_d0_r,lon_486474319597138_lat_5233206423431673_radius_1,0,r
ATM_square_equirectangular/Buitenveldert_West_Midden/lon_486474319597138_lat_5233206423431673_radius_1_d0_r/20200706TMX7316010203-001791pano_0000_003475_4.86474372970307_52.3320665657632.jpg,2020,7,6,Buitenveldert_West_Midden,0,lon_486474319597138_lat_5233206423431673_radius_1_d0_r,lon_486474319597138_lat_5233206423431673_radius_1,0,r
ATM_square_equirectangular/Buitenveldert_West_Midden/lon_486474319597138_lat_5233206423431673_radius_1_d0_r/20220329TMX7316010203-002487pano_0000_000617_4.86473385723198_52.3320580966474.jpg,2022,3,29,Buitenveldert_West_Midden,1,lon_486474319597138_lat_5233206423431673_radius_1_d0_r,lon_486474319597138_lat_5233206423431673_radius_1,0,r
ATM_square_equirectangular/Buitenveldert_West_Midden/lon_486474319597138_lat_5233206423431673_radius_1_d0_b/20180531TMX7316010203-000763pano_0000_001584_4.86473359187668_52.3320634301965.jpg,2018,5,31,Buitenveldert_West_Midden,0,lon_486474319597138_lat_5233206423431673_radius_1_d0_b,lon_486474319597138_lat_5233206423431673_radius_1,0,b
ATM_square_equirectangular/Buitenveldert_West_Midden/lon_486474319597138_lat_5233206423431673_radius_1_d0_b/20191202TMX7316010203-001478pano_0002_000036_4.86475226633439_52.3320627069905.jpg,2019,12,2,Buitenveldert_West_Midden,0,lon_486474319597138_lat_5233206423431673_radius_1_d0_b,lon_486474319597138_lat_5233206423431673_radius_1,0,b
ATM_square_equirectangular/Buitenveldert_West_Midden/lon_486474319597138_lat_5233206423431673_radius_1_d0_b/20200706TMX7316010203-001791pano_0000_003475_4.86474372970307_52.3320665657632.jpg,2020,7,6,Buitenveldert_West_Midden,1,lon_486474319597138_lat_5233206423431673_radius_1_d0_b,lon_486474319597138_lat_5233206423431673_radius_1,0,b
ATM_square_equirectangular/Buitenveldert_West_Midden/lon_486474319597138_lat_5233206423431673_radius_1_d0_b/20220329TMX7316010203-002487pano_0000_000617_4.86473385723198_52.3320580966474.jpg,2022,3,29,Buitenveldert_West_Midden,1,lon_486474319597138_lat_5233206423431673_radius_1_d0_b,lon_486474319597138_lat_5233206423431673_radius_1,0,b
ATM_square_equirectangular/Terrasdorp/lon_489413986875341_lat_5240430354424937_radius_1_d0_l/20200603TMX7316010203-001736pano_0000_004961_4.8941443625448_52.404300533712.jpg,2020,6,3,Terrasdorp,0,lon_489413986875341_lat_5240430354424937_radius_1_d0_l,lon_489413986875341_lat_5240430354424937_radius_1,0,l
ATM_square_equirectangular/Terrasdorp/lon_489413986875341_lat_5240430354424937_radius_1_d0_l/20210212TMX7316010203-002004pano_0000_001822_4.89414713196351_52.4043003584043.jpg,2021,2,12,Terrasdorp,1,lon_489413986875341_lat_5240430354424937_radius_1_d0_l,lon_489413986875341_lat_5240430354424937_radius_1,0,l
ATM_square_equirectangular/Terrasdorp/lon_489413986875341_lat_5240430354424937_radius_1_d0_l/20210624TMX7316010203-002191pano_0000_000834_4.89413388832719_52.4043063476248.jpg,2021,6,24,Terrasdorp,0,lon_489413986875341_lat_5240430354424937_radius_1_d0_l,lon_489413986875341_lat_5240430354424937_radius_1,0,l
ATM_square_equirectangular/Terrasdorp/lon_489413986875341_lat_5240430354424937_radius_1_d0_l/20211224TMX7316010203-002347pano_0000_000169_4.89413409217814_52.4043069372564.jpg,2021,12,24,Terrasdorp,0,lon_489413986875341_lat_5240430354424937_radius_1_d0_l,lon_489413986875341_lat_5240430354424937_radius_1,0,l
ATM_square_equirectangular/Terrasdorp/lon_489413986875341_lat_5240430354424937_radius_1_d0_l/20220510TMX7316010203-002569pano_0001_003739_4.89415017825254_52.4042983761357.jpg,2022,5,10,Terrasdorp,0,lon_489413986875341_lat_5240430354424937_radius_1_d0_l,lon_489413986875341_lat_5240430354424937_radius_1,0,l
ATM_square_equirectangular/Terrasdorp/lon_489413986875341_lat_5240430354424937_radius_1_d0_l/20220512TMX7316010203-002577pano_0006_001162_4.89413425361674_52.4043055849101.jpg,2022,5,12,Terrasdorp,0,lon_489413986875341_lat_5240430354424937_radius_1_d0_l,lon_489413986875341_lat_5240430354424937_radius_1,0,l
ATM_square_equirectangular/Terrasdorp/lon_489413986875341_lat_5240430354424937_radius_1_d0_b/20200603TMX7316010203-001736pano_0000_004961_4.8941443625448_52.404300533712.jpg,2020,6,3,Terrasdorp,0,lon_489413986875341_lat_5240430354424937_radius_1_d0_b,lon_489413986875341_lat_5240430354424937_radius_1,0,b
ATM_square_equirectangular/Terrasdorp/lon_489413986875341_lat_5240430354424937_radius_1_d0_b/20210212TMX7316010203-002004pano_0000_001822_4.89414713196351_52.4043003584043.jpg,2021,2,12,Terrasdorp,1,lon_489413986875341_lat_5240430354424937_radius_1_d0_b,lon_489413986875341_lat_5240430354424937_radius_1,0,b
ATM_square_equirectangular/Terrasdorp/lon_489413986875341_lat_5240430354424937_radius_1_d0_b/20210624TMX7316010203-002191pano_0000_000834_4.89413388832719_52.4043063476248.jpg,2021,6,24,Terrasdorp,0,lon_489413986875341_lat_5240430354424937_radius_1_d0_b,lon_489413986875341_lat_5240430354424937_radius_1,0,b
ATM_square_equirectangular/Terrasdorp/lon_489413986875341_lat_5240430354424937_radius_1_d0_b/20211224TMX7316010203-002347pano_0000_000169_4.89413409217814_52.4043069372564.jpg,2021,12,24,Terrasdorp,0,lon_489413986875341_lat_5240430354424937_radius_1_d0_b,lon_489413986875341_lat_5240430354424937_radius_1,0,b
ATM_square_equirectangular/Terrasdorp/lon_489413986875341_lat_5240430354424937_radius_1_d0_b/20220510TMX7316010203-002569pano_0001_003739_4.89415017825254_52.4042983761357.jpg,2022,5,10,Terrasdorp,0,lon_489413986875341_lat_5240430354424937_radius_1_d0_b,lon_489413986875341_lat_5240430354424937_radius_1,0,b
ATM_square_equirectangular/Terrasdorp/lon_489413986875341_lat_5240430354424937_radius_1_d0_b/20220512TMX7316010203-002577pano_0006_001162_4.89413425361674_52.4043055849101.jpg,2022,5,12,Terrasdorp,0,lon_489413986875341_lat_5240430354424937_radius_1_d0_b,lon_489413986875341_lat_5240430354424937_radius_1,0,b
ATM_square_equirectangular/Steigereiland_Noord/lon_4982212772185312_lat_52363710103148634_radius_1_d0_f/20180518TMX7316010203-000743pano_0000_004806_4.98221234242968_52.3637109028319.jpg,2018,5,18,Steigereiland_Noord,0,lon_4982212772185312_lat_52363710103148634_radius_1_d0_f,lon_4982212772185312_lat_52363710103148634_radius_1,0,f
ATM_square_equirectangular/Steigereiland_Noord/lon_4982212772185312_lat_52363710103148634_radius_1_d0_f/20181217TMX7316010203-001018pano_0004_000048_4.98221206053681_52.3637147994456.jpg,2018,12,17,Steigereiland_Noord,0,lon_4982212772185312_lat_52363710103148634_radius_1_d0_f,lon_4982212772185312_lat_52363710103148634_radius_1,0,f
ATM_square_equirectangular/Steigereiland_Noord/lon_4982212772185312_lat_52363710103148634_radius_1_d0_f/20210601TMX7316010203-002149pano_0001_002720_4.98222525653816_52.3637079662789.jpg,2021,6,1,Steigereiland_Noord,1,lon_4982212772185312_lat_52363710103148634_radius_1_d0_f,lon_4982212772185312_lat_52363710103148634_radius_1,0,f
ATM_square_equirectangular/Steigereiland_Noord/lon_4982212772185312_lat_52363710103148634_radius_1_d0_f/20220117TMX7316010203-002419pano_0000_000001_4.98220819895306_52.3637045014683.jpg,2022,1,17,Steigereiland_Noord,0,lon_4982212772185312_lat_52363710103148634_radius_1_d0_f,lon_4982212772185312_lat_52363710103148634_radius_1,0,f
ATM_square_equirectangular/Oostenburg/lon_4925960356971303_lat_523708553232492_radius_1_d0_r/20180517TMX7316010203-000739pano_0000_002049_4.92596902704454_52.3708605109045.jpg,2018,5,17,Oostenburg,0,lon_4925960356971303_lat_523708553232492_radius_1_d0_r,lon_4925960356971303_lat_523708553232492_radius_1,0,r
ATM_square_equirectangular/Oostenburg/lon_4925960356971303_lat_523708553232492_radius_1_d0_r/20190521TMX7316010203-001196pano_0000_000373_4.92595067769523_52.3708513530193.jpg,2019,5,21,Oostenburg,0,lon_4925960356971303_lat_523708553232492_radius_1_d0_r,lon_4925960356971303_lat_523708553232492_radius_1,0,r
ATM_square_equirectangular/Oostenburg/lon_4925960356971303_lat_523708553232492_radius_1_d0_r/20200214TMX7316010203-001643pano_0003_000401_4.92596136617414_52.3708541058238.jpg,2020,2,14,Oostenburg,1,lon_4925960356971303_lat_523708553232492_radius_1_d0_r,lon_4925960356971303_lat_523708553232492_radius_1,0,r
ATM_square_equirectangular/Oostenburg/lon_4925960356971303_lat_523708553232492_radius_1_d0_b/20180517TMX7316010203-000739pano_0000_002049_4.92596902704454_52.3708605109045.jpg,2018,5,17,Oostenburg,0,lon_4925960356971303_lat_523708553232492_radius_1_d0_b,lon_4925960356971303_lat_523708553232492_radius_1,0,b
ATM_square_equirectangular/Oostenburg/lon_4925960356971303_lat_523708553232492_radius_1_d0_b/20190521TMX7316010203-001196pano_0000_000373_4.92595067769523_52.3708513530193.jpg,2019,5,21,Oostenburg,0,lon_4925960356971303_lat_523708553232492_radius_1_d0_b,lon_4925960356971303_lat_523708553232492_radius_1,0,b
ATM_square_equirectangular/Oostenburg/lon_4925960356971303_lat_523708553232492_radius_1_d0_b/20200214TMX7316010203-001643pano_0003_000401_4.92596136617414_52.3708541058238.jpg,2020,2,14,Oostenburg,1,lon_4925960356971303_lat_523708553232492_radius_1_d0_b,lon_4925960356971303_lat_523708553232492_radius_1,0,b
ATM_square_equirectangular/Sloterweg_eo/lon_4806854098241376_lat_523413425216038_radius_1_d200_r/20191217TMX7316010203-001516pano_0000_000750_4.80685349479015_52.3413424350931.jpg,2019,12,17,Sloterweg_eo,0,lon_4806854098241376_lat_523413425216038_radius_1_d200_r,lon_4806854098241376_lat_523413425216038_radius_1,200,r
ATM_square_equirectangular/Sloterweg_eo/lon_4806854098241376_lat_523413425216038_radius_1_d200_r/20200211TMX7316010203-001637pano_0005_000200_4.80685071891362_52.3413404343916.jpg,2020,2,11,Sloterweg_eo,0,lon_4806854098241376_lat_523413425216038_radius_1_d200_r,lon_4806854098241376_lat_523413425216038_radius_1,200,r
ATM_square_equirectangular/Sloterweg_eo/lon_4806854098241376_lat_523413425216038_radius_1_d200_r/20200813TMX7316010203-001873pano_0000_009008_4.80686418315966_52.3413455891617.jpg,2020,8,13,Sloterweg_eo,0,lon_4806854098241376_lat_523413425216038_radius_1_d200_r,lon_4806854098241376_lat_523413425216038_radius_1,200,r
ATM_square_equirectangular/Sloterweg_eo/lon_4806854098241376_lat_523413425216038_radius_1_d200_r/20210226TMX7316010203-002030pano_0006_000264_4.80684951439268_52.3413492190757.jpg,2021,2,26,Sloterweg_eo,1,lon_4806854098241376_lat_523413425216038_radius_1_d200_r,lon_4806854098241376_lat_523413425216038_radius_1,200,r
ATM_square_equirectangular/Sloterweg_eo/lon_4806854098241376_lat_523413425216038_radius_1_d200_r/20210416TMX7316010203-002095pano_0000_000189_4.80684064412182_52.3413422273656.jpg,2021,4,16,Sloterweg_eo,0,lon_4806854098241376_lat_523413425216038_radius_1_d200_r,lon_4806854098241376_lat_523413425216038_radius_1,200,r
ATM_square_equirectangular/Sloterweg_eo/lon_4806854098241376_lat_523413425216038_radius_1_d200_r/20220106TMX7316010203-002391pano_0004_000005_4.80686188188957_52.3413367120574.jpg,2022,1,6,Sloterweg_eo,0,lon_4806854098241376_lat_523413425216038_radius_1_d200_r,lon_4806854098241376_lat_523413425216038_radius_1,200,r
ATM_square_equirectangular/Oostenburg/lon_492775593606867_lat_52371952004886566_radius_1_d0_f/20180517TMX7316010203-000739pano_0000_001962_4.92775388219479_52.3719550799574.jpg,2018,5,17,Oostenburg,0,lon_492775593606867_lat_52371952004886566_radius_1_d0_f,lon_492775593606867_lat_52371952004886566_radius_1,0,f
ATM_square_equirectangular/Oostenburg/lon_492775593606867_lat_52371952004886566_radius_1_d0_f/20190114TMX7316010203-001051pano_0001_003796_4.92775756648443_52.3719509410809.jpg,2019,1,14,Oostenburg,0,lon_492775593606867_lat_52371952004886566_radius_1_d0_f,lon_492775593606867_lat_52371952004886566_radius_1,0,f
ATM_square_equirectangular/Oostenburg/lon_492775593606867_lat_52371952004886566_radius_1_d0_f/20200214TMX7316010203-001643pano_0003_000519_4.92776867060278_52.3719501157227.jpg,2020,2,14,Oostenburg,0,lon_492775593606867_lat_52371952004886566_radius_1_d0_f,lon_492775593606867_lat_52371952004886566_radius_1,0,f
ATM_square_equirectangular/Oostenburg/lon_492775593606867_lat_52371952004886566_radius_1_d0_f/20200422TMX7316010203-001670pano_0000_000655_4.92774663083611_52.3719533759566.jpg,2020,4,22,Oostenburg,0,lon_492775593606867_lat_52371952004886566_radius_1_d0_f,lon_492775593606867_lat_52371952004886566_radius_1,0,f
ATM_square_equirectangular/Oostenburg/lon_492775593606867_lat_52371952004886566_radius_1_d0_f/20211231TMX7316010203-002372pano_0005_000420_4.92775293022524_52.3719505117152.jpg,2021,12,31,Oostenburg,1,lon_492775593606867_lat_52371952004886566_radius_1_d0_f,lon_492775593606867_lat_52371952004886566_radius_1,0,f
ATM_square_equirectangular/Oostenburg/lon_492775593606867_lat_52371952004886566_radius_1_d0_f/20220623TMX7316010203-002624pano_0010_000462_4.92775943706146_52.3719562639254.jpg,2022,6,23,Oostenburg,1,lon_492775593606867_lat_52371952004886566_radius_1_d0_f,lon_492775593606867_lat_52371952004886566_radius_1,0,f
ATM_square_equirectangular/Oostenburg/lon_492775593606867_lat_52371952004886566_radius_1_d0_l/20180517TMX7316010203-000739pano_0000_001962_4.92775388219479_52.3719550799574.jpg,2018,5,17,Oostenburg,0,lon_492775593606867_lat_52371952004886566_radius_1_d0_l,lon_492775593606867_lat_52371952004886566_radius_1,0,l
ATM_square_equirectangular/Oostenburg/lon_492775593606867_lat_52371952004886566_radius_1_d0_l/20190114TMX7316010203-001051pano_0001_003796_4.92775756648443_52.3719509410809.jpg,2019,1,14,Oostenburg,0,lon_492775593606867_lat_52371952004886566_radius_1_d0_l,lon_492775593606867_lat_52371952004886566_radius_1,0,l
ATM_square_equirectangular/Oostenburg/lon_492775593606867_lat_52371952004886566_radius_1_d0_l/20200214TMX7316010203-001643pano_0003_000519_4.92776867060278_52.3719501157227.jpg,2020,2,14,Oostenburg,0,lon_492775593606867_lat_52371952004886566_radius_1_d0_l,lon_492775593606867_lat_52371952004886566_radius_1,0,l
ATM_square_equirectangular/Oostenburg/lon_492775593606867_lat_52371952004886566_radius_1_d0_l/20200422TMX7316010203-001670pano_0000_000655_4.92774663083611_52.3719533759566.jpg,2020,4,22,Oostenburg,0,lon_492775593606867_lat_52371952004886566_radius_1_d0_l,lon_492775593606867_lat_52371952004886566_radius_1,0,l
ATM_square_equirectangular/Oostenburg/lon_492775593606867_lat_52371952004886566_radius_1_d0_l/20211231TMX7316010203-002372pano_0005_000420_4.92775293022524_52.3719505117152.jpg,2021,12,31,Oostenburg,1,lon_492775593606867_lat_52371952004886566_radius_1_d0_l,lon_492775593606867_lat_52371952004886566_radius_1,0,l
ATM_square_equirectangular/Oostenburg/lon_492775593606867_lat_52371952004886566_radius_1_d0_l/20220623TMX7316010203-002624pano_0010_000462_4.92775943706146_52.3719562639254.jpg,2022,6,23,Oostenburg,0,lon_492775593606867_lat_52371952004886566_radius_1_d0_l,lon_492775593606867_lat_52371952004886566_radius_1,0,l
ATM_square_equirectangular/Cornelis_Douwesterrein/lon_4892347034080553_lat_5240241633075512_radius_1_d0_f/20171219TMX7316010203-000520pano_0000_000659_4.89234564347571_52.4024176442699.jpg,2017,12,19,Cornelis_Douwesterrein,0,lon_4892347034080553_lat_5240241633075512_radius_1_d0_f,lon_4892347034080553_lat_5240241633075512_radius_1,0,f
ATM_square_equirectangular/Cornelis_Douwesterrein/lon_4892347034080553_lat_5240241633075512_radius_1_d0_f/20180724TMX7316010203-000857pano_0000_001463_4.89234862722452_52.4024138619438.jpg,2018,7,24,Cornelis_Douwesterrein,0,lon_4892347034080553_lat_5240241633075512_radius_1_d0_f,lon_4892347034080553_lat_5240241633075512_radius_1,0,f
ATM_square_equirectangular/Cornelis_Douwesterrein/lon_4892347034080553_lat_5240241633075512_radius_1_d0_f/20190709TMX7316010203-001300pano_0000_001406_4.89234661492848_52.4024194097415.jpg,2019,7,9,Cornelis_Douwesterrein,0,lon_4892347034080553_lat_5240241633075512_radius_1_d0_f,lon_4892347034080553_lat_5240241633075512_radius_1,0,f
ATM_square_equirectangular/Cornelis_Douwesterrein/lon_4892347034080553_lat_5240241633075512_radius_1_d0_f/20211224TMX7316010203-002347pano_0001_000390_4.8923472506935_52.4024144070653.jpg,2021,12,24,Cornelis_Douwesterrein,1,lon_4892347034080553_lat_5240241633075512_radius_1_d0_f,lon_4892347034080553_lat_5240241633075512_radius_1,0,f
ATM_square_equirectangular/Cornelis_Douwesterrein/lon_4892347034080553_lat_5240241633075512_radius_1_d0_f/20220510TMX7316010203-002570pano_0002_003223_4.89234710312408_52.4024188857892.jpg,2022,5,10,Cornelis_Douwesterrein,0,lon_4892347034080553_lat_5240241633075512_radius_1_d0_f,lon_4892347034080553_lat_5240241633075512_radius_1,0,f
ATM_square_equirectangular/Cornelis_Douwesterrein/lon_4892347034080553_lat_5240241633075512_radius_1_d0_l/20171219TMX7316010203-000520pano_0000_000659_4.89234564347571_52.4024176442699.jpg,2017,12,19,Cornelis_Douwesterrein,0,lon_4892347034080553_lat_5240241633075512_radius_1_d0_l,lon_4892347034080553_lat_5240241633075512_radius_1,0,l
ATM_square_equirectangular/Cornelis_Douwesterrein/lon_4892347034080553_lat_5240241633075512_radius_1_d0_l/20180724TMX7316010203-000857pano_0000_001463_4.89234862722452_52.4024138619438.jpg,2018,7,24,Cornelis_Douwesterrein,0,lon_4892347034080553_lat_5240241633075512_radius_1_d0_l,lon_4892347034080553_lat_5240241633075512_radius_1,0,l
ATM_square_equirectangular/Cornelis_Douwesterrein/lon_4892347034080553_lat_5240241633075512_radius_1_d0_l/20190709TMX7316010203-001300pano_0000_001406_4.89234661492848_52.4024194097415.jpg,2019,7,9,Cornelis_Douwesterrein,1,lon_4892347034080553_lat_5240241633075512_radius_1_d0_l,lon_4892347034080553_lat_5240241633075512_radius_1,0,l
ATM_square_equirectangular/Cornelis_Douwesterrein/lon_4892347034080553_lat_5240241633075512_radius_1_d0_l/20211224TMX7316010203-002347pano_0001_000390_4.8923472506935_52.4024144070653.jpg,2021,12,24,Cornelis_Douwesterrein,1,lon_4892347034080553_lat_5240241633075512_radius_1_d0_l,lon_4892347034080553_lat_5240241633075512_radius_1,0,l
ATM_square_equirectangular/Cornelis_Douwesterrein/lon_4892347034080553_lat_5240241633075512_radius_1_d0_l/20220510TMX7316010203-002570pano_0002_003223_4.89234710312408_52.4024188857892.jpg,2022,5,10,Cornelis_Douwesterrein,0,lon_4892347034080553_lat_5240241633075512_radius_1_d0_l,lon_4892347034080553_lat_5240241633075512_radius_1,0,l
ATM_square_equirectangular/Cornelis_Douwesterrein/lon_4892347034080553_lat_5240241633075512_radius_1_d0_b/20171219TMX7316010203-000520pano_0000_000659_4.89234564347571_52.4024176442699.jpg,2017,12,19,Cornelis_Douwesterrein,0,lon_4892347034080553_lat_5240241633075512_radius_1_d0_b,lon_4892347034080553_lat_5240241633075512_radius_1,0,b
ATM_square_equirectangular/Cornelis_Douwesterrein/lon_4892347034080553_lat_5240241633075512_radius_1_d0_b/20180724TMX7316010203-000857pano_0000_001463_4.89234862722452_52.4024138619438.jpg,2018,7,24,Cornelis_Douwesterrein,0,lon_4892347034080553_lat_5240241633075512_radius_1_d0_b,lon_4892347034080553_lat_5240241633075512_radius_1,0,b
ATM_square_equirectangular/Cornelis_Douwesterrein/lon_4892347034080553_lat_5240241633075512_radius_1_d0_b/20190709TMX7316010203-001300pano_0000_001406_4.89234661492848_52.4024194097415.jpg,2019,7,9,Cornelis_Douwesterrein,1,lon_4892347034080553_lat_5240241633075512_radius_1_d0_b,lon_4892347034080553_lat_5240241633075512_radius_1,0,b
ATM_square_equirectangular/Cornelis_Douwesterrein/lon_4892347034080553_lat_5240241633075512_radius_1_d0_b/20211224TMX7316010203-002347pano_0001_000390_4.8923472506935_52.4024144070653.jpg,2021,12,24,Cornelis_Douwesterrein,1,lon_4892347034080553_lat_5240241633075512_radius_1_d0_b,lon_4892347034080553_lat_5240241633075512_radius_1,0,b
ATM_square_equirectangular/Cornelis_Douwesterrein/lon_4892347034080553_lat_5240241633075512_radius_1_d0_b/20220510TMX7316010203-002570pano_0002_003223_4.89234710312408_52.4024188857892.jpg,2022,5,10,Cornelis_Douwesterrein,0,lon_4892347034080553_lat_5240241633075512_radius_1_d0_b,lon_4892347034080553_lat_5240241633075512_radius_1,0,b
ATM_square_equirectangular/Cornelis_Douwesterrein/lon_4892347034080553_lat_5240241633075512_radius_1_d0_r/20171219TMX7316010203-000520pano_0000_000659_4.89234564347571_52.4024176442699.jpg,2017,12,19,Cornelis_Douwesterrein,0,lon_4892347034080553_lat_5240241633075512_radius_1_d0_r,lon_4892347034080553_lat_5240241633075512_radius_1,0,r
ATM_square_equirectangular/Cornelis_Douwesterrein/lon_4892347034080553_lat_5240241633075512_radius_1_d0_r/20180724TMX7316010203-000857pano_0000_001463_4.89234862722452_52.4024138619438.jpg,2018,7,24,Cornelis_Douwesterrein,0,lon_4892347034080553_lat_5240241633075512_radius_1_d0_r,lon_4892347034080553_lat_5240241633075512_radius_1,0,r
ATM_square_equirectangular/Cornelis_Douwesterrein/lon_4892347034080553_lat_5240241633075512_radius_1_d0_r/20190709TMX7316010203-001300pano_0000_001406_4.89234661492848_52.4024194097415.jpg,2019,7,9,Cornelis_Douwesterrein,0,lon_4892347034080553_lat_5240241633075512_radius_1_d0_r,lon_4892347034080553_lat_5240241633075512_radius_1,0,r
ATM_square_equirectangular/Cornelis_Douwesterrein/lon_4892347034080553_lat_5240241633075512_radius_1_d0_r/20211224TMX7316010203-002347pano_0001_000390_4.8923472506935_52.4024144070653.jpg,2021,12,24,Cornelis_Douwesterrein,1,lon_4892347034080553_lat_5240241633075512_radius_1_d0_r,lon_4892347034080553_lat_5240241633075512_radius_1,0,r
ATM_square_equirectangular/Cornelis_Douwesterrein/lon_4892347034080553_lat_5240241633075512_radius_1_d0_r/20220510TMX7316010203-002570pano_0002_003223_4.89234710312408_52.4024188857892.jpg,2022,5,10,Cornelis_Douwesterrein,0,lon_4892347034080553_lat_5240241633075512_radius_1_d0_r,lon_4892347034080553_lat_5240241633075512_radius_1,0,r
ATM_square_equirectangular/Willibrordusbuurt/lon_4906377939449184_lat_5235414564584019_radius_1_d0_b/20160802TMX7316060226-000011pano_0000_006021_4.90636600518292_52.3541496099935.jpg,2016,8,2,Willibrordusbuurt,0,lon_4906377939449184_lat_5235414564584019_radius_1_d0_b,lon_4906377939449184_lat_5235414564584019_radius_1,0,b
ATM_square_equirectangular/Willibrordusbuurt/lon_4906377939449184_lat_5235414564584019_radius_1_d0_b/20170407TMX7316010203-000251pano_0000_003724_4.90637639923194_52.354138521493.jpg,2017,4,7,Willibrordusbuurt,0,lon_4906377939449184_lat_5235414564584019_radius_1_d0_b,lon_4906377939449184_lat_5235414564584019_radius_1,0,b
ATM_square_equirectangular/Willibrordusbuurt/lon_4906377939449184_lat_5235414564584019_radius_1_d0_b/20190109TMX7316010203-001045pano_0000_000351_4.90637803586494_52.3541434512559.jpg,2019,1,9,Willibrordusbuurt,0,lon_4906377939449184_lat_5235414564584019_radius_1_d0_b,lon_4906377939449184_lat_5235414564584019_radius_1,0,b
ATM_square_equirectangular/Willibrordusbuurt/lon_4906377939449184_lat_5235414564584019_radius_1_d0_b/20200707TMX7316010203-001792pano_0000_002472_4.90638209708549_52.3541417616786.jpg,2020,7,7,Willibrordusbuurt,0,lon_4906377939449184_lat_5235414564584019_radius_1_d0_b,lon_4906377939449184_lat_5235414564584019_radius_1,0,b
ATM_square_equirectangular/Willibrordusbuurt/lon_4906377939449184_lat_5235414564584019_radius_1_d0_b/20210421TMX7316010203-002112pano_0001_001676_4.90637300720295_52.3541515813002.jpg,2021,4,21,Willibrordusbuurt,1,lon_4906377939449184_lat_5235414564584019_radius_1_d0_b,lon_4906377939449184_lat_5235414564584019_radius_1,0,b
ATM_square_equirectangular/Willibrordusbuurt/lon_4906377939449184_lat_5235414564584019_radius_1_d0_b/20220110TMX7316010203-002409pano_0014_000016_4.90638801856793_52.3541493400395.jpg,2022,1,10,Willibrordusbuurt,1,lon_4906377939449184_lat_5235414564584019_radius_1_d0_b,lon_4906377939449184_lat_5235414564584019_radius_1,0,b
ATM_square_equirectangular/Schellingwoude_Oost/lon_4963996305470576_lat_52384044356872096_radius_1_d0_r/20160509TMX7315120208-000038pano_0000_000603_4.96399237447002_52.3840494944355.jpg,2016,5,9,Schellingwoude_Oost,0,lon_4963996305470576_lat_52384044356872096_radius_1_d0_r,lon_4963996305470576_lat_52384044356872096_radius_1,0,r
ATM_square_equirectangular/Schellingwoude_Oost/lon_4963996305470576_lat_52384044356872096_radius_1_d0_r/20170518TMX7316010203-000301pano_0000_002418_4.96399757790794_52.3840437343695.jpg,2017,5,18,Schellingwoude_Oost,0,lon_4963996305470576_lat_52384044356872096_radius_1_d0_r,lon_4963996305470576_lat_52384044356872096_radius_1,0,r
ATM_square_equirectangular/Schellingwoude_Oost/lon_4963996305470576_lat_52384044356872096_radius_1_d0_r/20190701TMX7316010203-001261pano_0000_000970_4.96400247261218_52.3840392932414.jpg,2019,7,1,Schellingwoude_Oost,0,lon_4963996305470576_lat_52384044356872096_radius_1_d0_r,lon_4963996305470576_lat_52384044356872096_radius_1,0,r
ATM_square_equirectangular/Schellingwoude_Oost/lon_4963996305470576_lat_52384044356872096_radius_1_d0_r/20200526TMX7316010203-001724pano_0000_002870_4.96399735197604_52.3840467759633.jpg,2020,5,26,Schellingwoude_Oost,0,lon_4963996305470576_lat_52384044356872096_radius_1_d0_r,lon_4963996305470576_lat_52384044356872096_radius_1,0,r
ATM_square_equirectangular/Schellingwoude_Oost/lon_4963996305470576_lat_52384044356872096_radius_1_d0_r/20210628TMX7316010203-002197pano_0000_000871_4.9639917503867_52.3840424863508.jpg,2021,6,28,Schellingwoude_Oost,1,lon_4963996305470576_lat_52384044356872096_radius_1_d0_r,lon_4963996305470576_lat_52384044356872096_radius_1,0,r
ATM_square_equirectangular/Schellingwoude_Oost/lon_4963996305470576_lat_52384044356872096_radius_1_d0_r/20220517TMX7316010203-002582pano_0005_000875_4.96400093325626_52.3840369337575.jpg,2022,5,17,Schellingwoude_Oost,0,lon_4963996305470576_lat_52384044356872096_radius_1_d0_r,lon_4963996305470576_lat_52384044356872096_radius_1,0,r
ATM_square_equirectangular/Delflandpleinbuurt_West/lon_4838627152080929_lat_52348531611531_radius_1_d0_l/20160727TMX7316010203-000029pano_0003_000156_4.838621494164_52.3485295893822.jpg,2016,7,27,Delflandpleinbuurt_West,0,lon_4838627152080929_lat_52348531611531_radius_1_d0_l,lon_4838627152080929_lat_52348531611531_radius_1,0,l
ATM_square_equirectangular/Delflandpleinbuurt_West/lon_4838627152080929_lat_52348531611531_radius_1_d0_l/20180108TMX7316010203-000535pano_0000_004222_4.83864001236998_52.3485351531889.jpg,2018,1,8,Delflandpleinbuurt_West,0,lon_4838627152080929_lat_52348531611531_radius_1_d0_l,lon_4838627152080929_lat_52348531611531_radius_1,0,l
ATM_square_equirectangular/Delflandpleinbuurt_West/lon_4838627152080929_lat_52348531611531_radius_1_d0_l/20180622TMX7316010203-000803pano_0001_000578_4.83862256012308_52.3485232641793.jpg,2018,6,22,Delflandpleinbuurt_West,0,lon_4838627152080929_lat_52348531611531_radius_1_d0_l,lon_4838627152080929_lat_52348531611531_radius_1,0,l
ATM_square_equirectangular/Delflandpleinbuurt_West/lon_4838627152080929_lat_52348531611531_radius_1_d0_l/20190102TMX7316010203-001031pano_0011_000703_4.8386315950325_52.3485351645818.jpg,2019,1,2,Delflandpleinbuurt_West,1,lon_4838627152080929_lat_52348531611531_radius_1_d0_l,lon_4838627152080929_lat_52348531611531_radius_1,0,l
ATM_square_equirectangular/Delflandpleinbuurt_West/lon_4838627152080929_lat_52348531611531_radius_1_d0_l/20200508TMX7316010203-001697pano_0001_000858_4.83862026911157_52.3485299171607.jpg,2020,5,8,Delflandpleinbuurt_West,1,lon_4838627152080929_lat_52348531611531_radius_1_d0_l,lon_4838627152080929_lat_52348531611531_radius_1,0,l
ATM_square_equirectangular/Delflandpleinbuurt_West/lon_4838627152080929_lat_52348531611531_radius_1_d0_l/20200827TMX7316010203-001894pano_0000_000126_4.83862698168444_52.3485365806931.jpg,2020,8,27,Delflandpleinbuurt_West,0,lon_4838627152080929_lat_52348531611531_radius_1_d0_l,lon_4838627152080929_lat_52348531611531_radius_1,0,l
ATM_square_equirectangular/Delflandpleinbuurt_West/lon_4838627152080929_lat_52348531611531_radius_1_d0_b/20160727TMX7316010203-000029pano_0003_000156_4.838621494164_52.3485295893822.jpg,2016,7,27,Delflandpleinbuurt_West,0,lon_4838627152080929_lat_52348531611531_radius_1_d0_b,lon_4838627152080929_lat_52348531611531_radius_1,0,b
ATM_square_equirectangular/Delflandpleinbuurt_West/lon_4838627152080929_lat_52348531611531_radius_1_d0_b/20180108TMX7316010203-000535pano_0000_004222_4.83864001236998_52.3485351531889.jpg,2018,1,8,Delflandpleinbuurt_West,0,lon_4838627152080929_lat_52348531611531_radius_1_d0_b,lon_4838627152080929_lat_52348531611531_radius_1,0,b
ATM_square_equirectangular/Delflandpleinbuurt_West/lon_4838627152080929_lat_52348531611531_radius_1_d0_b/20180622TMX7316010203-000803pano_0001_000578_4.83862256012308_52.3485232641793.jpg,2018,6,22,Delflandpleinbuurt_West,0,lon_4838627152080929_lat_52348531611531_radius_1_d0_b,lon_4838627152080929_lat_52348531611531_radius_1,0,b
ATM_square_equirectangular/Delflandpleinbuurt_West/lon_4838627152080929_lat_52348531611531_radius_1_d0_b/20190102TMX7316010203-001031pano_0011_000703_4.8386315950325_52.3485351645818.jpg,2019,1,2,Delflandpleinbuurt_West,0,lon_4838627152080929_lat_52348531611531_radius_1_d0_b,lon_4838627152080929_lat_52348531611531_radius_1,0,b
ATM_square_equirectangular/Delflandpleinbuurt_West/lon_4838627152080929_lat_52348531611531_radius_1_d0_b/20200508TMX7316010203-001697pano_0001_000858_4.83862026911157_52.3485299171607.jpg,2020,5,8,Delflandpleinbuurt_West,1,lon_4838627152080929_lat_52348531611531_radius_1_d0_b,lon_4838627152080929_lat_52348531611531_radius_1,0,b
ATM_square_equirectangular/Delflandpleinbuurt_West/lon_4838627152080929_lat_52348531611531_radius_1_d0_b/20200827TMX7316010203-001894pano_0000_000126_4.83862698168444_52.3485365806931.jpg,2020,8,27,Delflandpleinbuurt_West,1,lon_4838627152080929_lat_52348531611531_radius_1_d0_b,lon_4838627152080929_lat_52348531611531_radius_1,0,b
ATM_square_equirectangular/Delflandpleinbuurt_West/lon_4839529839862557_lat_52347393319415914_radius_1_d0_l/20160727TMX7316010203-000029pano_0003_000120_4.83952072573141_52.3473932103472.jpg,2016,7,27,Delflandpleinbuurt_West,0,lon_4839529839862557_lat_52347393319415914_radius_1_d0_l,lon_4839529839862557_lat_52347393319415914_radius_1,0,l
ATM_square_equirectangular/Delflandpleinbuurt_West/lon_4839529839862557_lat_52347393319415914_radius_1_d0_l/20180622TMX7316010203-000803pano_0001_001578_4.83953757930251_52.3473866754623.jpg,2018,6,22,Delflandpleinbuurt_West,0,lon_4839529839862557_lat_52347393319415914_radius_1_d0_l,lon_4839529839862557_lat_52347393319415914_radius_1,0,l
ATM_square_equirectangular/Delflandpleinbuurt_West/lon_4839529839862557_lat_52347393319415914_radius_1_d0_l/20190102TMX7316010203-001031pano_0011_000667_4.83952549292702_52.3474003934009.jpg,2019,1,2,Delflandpleinbuurt_West,0,lon_4839529839862557_lat_52347393319415914_radius_1_d0_l,lon_4839529839862557_lat_52347393319415914_radius_1,0,l
ATM_square_equirectangular/Delflandpleinbuurt_West/lon_4839529839862557_lat_52347393319415914_radius_1_d0_l/20190426TMX7316010203-001143pano_0001_002274_4.83952159802519_52.3474002443042.jpg,2019,4,26,Delflandpleinbuurt_West,0,lon_4839529839862557_lat_52347393319415914_radius_1_d0_l,lon_4839529839862557_lat_52347393319415914_radius_1,0,l
ATM_square_equirectangular/Delflandpleinbuurt_West/lon_4839529839862557_lat_52347393319415914_radius_1_d0_l/20191218TMX7316010203-001523pano_0000_003419_4.83953150042341_52.3474005895382.jpg,2019,12,18,Delflandpleinbuurt_West,0,lon_4839529839862557_lat_52347393319415914_radius_1_d0_l,lon_4839529839862557_lat_52347393319415914_radius_1,0,l
ATM_square_equirectangular/Delflandpleinbuurt_West/lon_4839529839862557_lat_52347393319415914_radius_1_d0_l/20200827TMX7316010203-001894pano_0000_000089_4.83953124704618_52.3473940679465.jpg,2020,8,27,Delflandpleinbuurt_West,0,lon_4839529839862557_lat_52347393319415914_radius_1_d0_l,lon_4839529839862557_lat_52347393319415914_radius_1,0,l
ATM_square_equirectangular/Delflandpleinbuurt_West/lon_4839529839862557_lat_52347393319415914_radius_1_d0_l/20210219TMX7316010203-002020pano_0000_002231_4.83953760238362_52.3473910115475.jpg,2021,2,19,Delflandpleinbuurt_West,1,lon_4839529839862557_lat_52347393319415914_radius_1_d0_l,lon_4839529839862557_lat_52347393319415914_radius_1,0,l
ATM_square_equirectangular/Buitenveldert_Midden_Zuid/lon_4875990848404784_lat_523233009544756_radius_1_d0_b/20180530TMX7316010203-000760pano_0000_003535_4.87600091185012_52.3233025279202.jpg,2018,5,30,Buitenveldert_Midden_Zuid,0,lon_4875990848404784_lat_523233009544756_radius_1_d0_b,lon_4875990848404784_lat_523233009544756_radius_1,0,b
ATM_square_equirectangular/Buitenveldert_Midden_Zuid/lon_4875990848404784_lat_523233009544756_radius_1_d0_b/20200828TMX7316010203-001896pano_0001_002566_4.87598507822306_52.3232965348188.jpg,2020,8,28,Buitenveldert_Midden_Zuid,0,lon_4875990848404784_lat_523233009544756_radius_1_d0_b,lon_4875990848404784_lat_523233009544756_radius_1,0,b
ATM_square_equirectangular/Buitenveldert_Midden_Zuid/lon_4875990848404784_lat_523233009544756_radius_1_d0_b/20220110TMX7316010203-002406pano_0024_000009_4.87598655514117_52.3233038006878.jpg,2022,1,10,Buitenveldert_Midden_Zuid,1,lon_4875990848404784_lat_523233009544756_radius_1_d0_b,lon_4875990848404784_lat_523233009544756_radius_1,0,b
ATM_square_equirectangular/Buitenveldert_Midden_Zuid/lon_4875990848404784_lat_523233009544756_radius_1_d0_b/20220328TMX7316010203-002480pano_0004_001455_4.87598737450511_52.3232961304336.jpg,2022,3,28,Buitenveldert_Midden_Zuid,0,lon_4875990848404784_lat_523233009544756_radius_1_d0_b,lon_4875990848404784_lat_523233009544756_radius_1,0,b
ATM_square_equirectangular/Oostenburg/lon_4930716285199873_lat_52372809688789665_radius_1_d-150_b/20200214TMX7316010203-001643pano_0003_000099_4.93071789001038_52.3728089338334.jpg,2020,2,14,Oostenburg,0,lon_4930716285199873_lat_52372809688789665_radius_1_d-150_b,lon_4930716285199873_lat_52372809688789665_radius_1,-150,b
ATM_square_equirectangular/Oostenburg/lon_4930716285199873_lat_52372809688789665_radius_1_d-150_b/20200422TMX7316010203-001670pano_0000_000730_4.93071852293239_52.3728058165289.jpg,2020,4,22,Oostenburg,0,lon_4930716285199873_lat_52372809688789665_radius_1_d-150_b,lon_4930716285199873_lat_52372809688789665_radius_1,-150,b
ATM_square_equirectangular/Oostenburg/lon_4930716285199873_lat_52372809688789665_radius_1_d-150_b/20211231TMX7316010203-002372pano_0005_000476_4.93071244265685_52.3728143160067.jpg,2021,12,31,Oostenburg,1,lon_4930716285199873_lat_52372809688789665_radius_1_d-150_b,lon_4930716285199873_lat_52372809688789665_radius_1,-150,b
ATM_square_equirectangular/Jeugdland/lon_4933208088779805_lat_5240589142244232_radius_1_d0_r/20170516TMX7316010203-000298pano_0000_004696_4.93320849786091_52.4058902453376.jpg,2017,5,16,Jeugdland,0,lon_4933208088779805_lat_5240589142244232_radius_1_d0_r,lon_4933208088779805_lat_5240589142244232_radius_1,0,r
ATM_square_equirectangular/Jeugdland/lon_4933208088779805_lat_5240589142244232_radius_1_d0_r/20191211TMX7316010203-001508pano_0002_001345_4.93319981710258_52.4058905403134.jpg,2019,12,11,Jeugdland,1,lon_4933208088779805_lat_5240589142244232_radius_1_d0_r,lon_4933208088779805_lat_5240589142244232_radius_1,0,r
ATM_square_equirectangular/Jeugdland/lon_4933208088779805_lat_5240589142244232_radius_1_d0_r/20210622TMX7316010203-002185pano_0006_002731_4.93320103204984_52.4058951859668.jpg,2021,6,22,Jeugdland,0,lon_4933208088779805_lat_5240589142244232_radius_1_d0_r,lon_4933208088779805_lat_5240589142244232_radius_1,0,r
ATM_square_equirectangular/Jeugdland/lon_4933208088779805_lat_5240589142244232_radius_1_d0_b/20170516TMX7316010203-000298pano_0000_004696_4.93320849786091_52.4058902453376.jpg,2017,5,16,Jeugdland,0,lon_4933208088779805_lat_5240589142244232_radius_1_d0_b,lon_4933208088779805_lat_5240589142244232_radius_1,0,b
ATM_square_equirectangular/Jeugdland/lon_4933208088779805_lat_5240589142244232_radius_1_d0_b/20191211TMX7316010203-001508pano_0002_001345_4.93319981710258_52.4058905403134.jpg,2019,12,11,Jeugdland,1,lon_4933208088779805_lat_5240589142244232_radius_1_d0_b,lon_4933208088779805_lat_5240589142244232_radius_1,0,b
ATM_square_equirectangular/Jeugdland/lon_4933208088779805_lat_5240589142244232_radius_1_d0_b/20210622TMX7316010203-002185pano_0006_002731_4.93320103204984_52.4058951859668.jpg,2021,6,22,Jeugdland,0,lon_4933208088779805_lat_5240589142244232_radius_1_d0_b,lon_4933208088779805_lat_5240589142244232_radius_1,0,b
ATM_square_equirectangular/Jeugdland/lon_493101492934043_lat_524048444085559_radius_1_d-200_r/20180802TMX7316010203-000895pano_0000_000692_4.93101365056706_52.4048461805612.jpg,2018,8,2,Jeugdland,0,lon_493101492934043_lat_524048444085559_radius_1_d-200_r,lon_493101492934043_lat_524048444085559_radius_1,-200,r
ATM_square_equirectangular/Jeugdland/lon_493101492934043_lat_524048444085559_radius_1_d-200_r/20191211TMX7316010203-001508pano_0000_000739_4.93102279978171_52.4048406436927.jpg,2019,12,11,Jeugdland,1,lon_493101492934043_lat_524048444085559_radius_1_d-200_r,lon_493101492934043_lat_524048444085559_radius_1,-200,r
ATM_square_equirectangular/Jeugdland/lon_493101492934043_lat_524048444085559_radius_1_d-200_r/20200529TMX7316010203-001731pano_0000_001562_4.93101406646027_52.4048460928308.jpg,2020,5,29,Jeugdland,0,lon_493101492934043_lat_524048444085559_radius_1_d-200_r,lon_493101492934043_lat_524048444085559_radius_1,-200,r
ATM_square_equirectangular/Jeugdland/lon_493101492934043_lat_524048444085559_radius_1_d-200_r/20211223TMX7316010203-002333pano_0000_000796_4.93100920055268_52.4048447171389.jpg,2021,12,23,Jeugdland,0,lon_493101492934043_lat_524048444085559_radius_1_d-200_r,lon_493101492934043_lat_524048444085559_radius_1,-200,r
ATM_square_equirectangular/Jeugdland/lon_493101492934043_lat_524048444085559_radius_1_d-200_b/20180802TMX7316010203-000895pano_0000_000692_4.93101365056706_52.4048461805612.jpg,2018,8,2,Jeugdland,0,lon_493101492934043_lat_524048444085559_radius_1_d-200_b,lon_493101492934043_lat_524048444085559_radius_1,-200,b
ATM_square_equirectangular/Jeugdland/lon_493101492934043_lat_524048444085559_radius_1_d-200_b/20191211TMX7316010203-001508pano_0000_000739_4.93102279978171_52.4048406436927.jpg,2019,12,11,Jeugdland,1,lon_493101492934043_lat_524048444085559_radius_1_d-200_b,lon_493101492934043_lat_524048444085559_radius_1,-200,b
ATM_square_equirectangular/Jeugdland/lon_493101492934043_lat_524048444085559_radius_1_d-200_b/20200529TMX7316010203-001731pano_0000_001562_4.93101406646027_52.4048460928308.jpg,2020,5,29,Jeugdland,0,lon_493101492934043_lat_524048444085559_radius_1_d-200_b,lon_493101492934043_lat_524048444085559_radius_1,-200,b
ATM_square_equirectangular/Jeugdland/lon_493101492934043_lat_524048444085559_radius_1_d-200_b/20211223TMX7316010203-002333pano_0000_000796_4.93100920055268_52.4048447171389.jpg,2021,12,23,Jeugdland,1,lon_493101492934043_lat_524048444085559_radius_1_d-200_b,lon_493101492934043_lat_524048444085559_radius_1,-200,b
ATM_square_equirectangular/Jeugdland/lon_493101492934043_lat_524048444085559_radius_1_d-200_l/20180802TMX7316010203-000895pano_0000_000692_4.93101365056706_52.4048461805612.jpg,2018,8,2,Jeugdland,0,lon_493101492934043_lat_524048444085559_radius_1_d-200_l,lon_493101492934043_lat_524048444085559_radius_1,-200,l
ATM_square_equirectangular/Jeugdland/lon_493101492934043_lat_524048444085559_radius_1_d-200_l/20191211TMX7316010203-001508pano_0000_000739_4.93102279978171_52.4048406436927.jpg,2019,12,11,Jeugdland,1,lon_493101492934043_lat_524048444085559_radius_1_d-200_l,lon_493101492934043_lat_524048444085559_radius_1,-200,l
ATM_square_equirectangular/Jeugdland/lon_493101492934043_lat_524048444085559_radius_1_d-200_l/20200529TMX7316010203-001731pano_0000_001562_4.93101406646027_52.4048460928308.jpg,2020,5,29,Jeugdland,1,lon_493101492934043_lat_524048444085559_radius_1_d-200_l,lon_493101492934043_lat_524048444085559_radius_1,-200,l
ATM_square_equirectangular/Jeugdland/lon_493101492934043_lat_524048444085559_radius_1_d-200_l/20211223TMX7316010203-002333pano_0000_000796_4.93100920055268_52.4048447171389.jpg,2021,12,23,Jeugdland,0,lon_493101492934043_lat_524048444085559_radius_1_d-200_l,lon_493101492934043_lat_524048444085559_radius_1,-200,l
ATM_square_equirectangular/buurt_5_Zuid/lon_4811179630855262_lat_5237528669963183_radius_1_d0_f/20181214TMX7316010203-001016pano_0002_000060_4.81117572282668_52.375290505166.jpg,2018,12,14,buurt_5_Zuid,0,lon_4811179630855262_lat_5237528669963183_radius_1_d0_f,lon_4811179630855262_lat_5237528669963183_radius_1,0,f
ATM_square_equirectangular/buurt_5_Zuid/lon_4811179630855262_lat_5237528669963183_radius_1_d0_f/20191112TMX7316060226-000483pano_0001_000256_4.81118015057748_52.3752839445139.jpg,2019,11,12,buurt_5_Zuid,0,lon_4811179630855262_lat_5237528669963183_radius_1_d0_f,lon_4811179630855262_lat_5237528669963183_radius_1,0,f
ATM_square_equirectangular/buurt_5_Zuid/lon_4811179630855262_lat_5237528669963183_radius_1_d0_f/20200819TMX7316010203-001881pano_0002_000584_4.81117833758397_52.3752900020942.jpg,2020,8,19,buurt_5_Zuid,0,lon_4811179630855262_lat_5237528669963183_radius_1_d0_f,lon_4811179630855262_lat_5237528669963183_radius_1,0,f
ATM_square_equirectangular/buurt_5_Zuid/lon_4811179630855262_lat_5237528669963183_radius_1_d0_f/20220106TMX7316010203-002396pano_0000_000054_4.81118431243292_52.3752823467532.jpg,2022,1,6,buurt_5_Zuid,1,lon_4811179630855262_lat_5237528669963183_radius_1_d0_f,lon_4811179630855262_lat_5237528669963183_radius_1,0,f
ATM_square_equirectangular/buurt_5_Zuid/lon_4811179630855262_lat_5237528669963183_radius_1_d0_f/20221212TMX7316010203-002847pano_0012_000131_4.81118778181846_52.3752846411034.jpg,2022,12,12,buurt_5_Zuid,1,lon_4811179630855262_lat_5237528669963183_radius_1_d0_f,lon_4811179630855262_lat_5237528669963183_radius_1,0,f
ATM_square_equirectangular/Twiske_West/lon_4896354723230632_lat_5241790433199821_radius_1_d400_r/20160818TMX7316060226-000031pano_0003_000317_4.89636228452684_52.4179032422604.jpg,2016,8,18,Twiske_West,0,lon_4896354723230632_lat_5241790433199821_radius_1_d400_r,lon_4896354723230632_lat_5241790433199821_radius_1,400,r
ATM_square_equirectangular/Twiske_West/lon_4896354723230632_lat_5241790433199821_radius_1_d400_r/20210623TMX7316010203-002188pano_0001_000409_4.89635105409522_52.417902242852.jpg,2021,6,23,Twiske_West,1,lon_4896354723230632_lat_5241790433199821_radius_1_d400_r,lon_4896354723230632_lat_5241790433199821_radius_1,400,r
ATM_square_equirectangular/Twiske_West/lon_4896354723230632_lat_5241790433199821_radius_1_d400_r/20211224TMX7316010203-002347pano_0006_001201_4.89635624641961_52.4179083267895.jpg,2021,12,24,Twiske_West,1,lon_4896354723230632_lat_5241790433199821_radius_1_d400_r,lon_4896354723230632_lat_5241790433199821_radius_1,400,r
ATM_square_equirectangular/Twiske_West/lon_4896354723230632_lat_5241790433199821_radius_1_d400_r/20211224TMX7316010203-002347pano_0006_001257_4.89634853049189_52.4179033214405.jpg,2021,12,24,Twiske_West,0,lon_4896354723230632_lat_5241790433199821_radius_1_d400_r,lon_4896354723230632_lat_5241790433199821_radius_1,400,r
ATM_square_equirectangular/Twiske_West/lon_4896354723230632_lat_5241790433199821_radius_1_d400_r/20221222TMX7316010203-002885pano_0001_000021_4.89635586747901_52.4179028029442.jpg,2022,12,22,Twiske_West,0,lon_4896354723230632_lat_5241790433199821_radius_1_d400_r,lon_4896354723230632_lat_5241790433199821_radius_1,400,r
ATM_square_equirectangular/De_Bongerd/lon_4899641720878053_lat_5240651635978439_radius_1_d-200_f/20170530TMX7316010203-000317pano_0000_001520_4.89963842962738_52.4065207490012.jpg,2017,5,30,De_Bongerd,0,lon_4899641720878053_lat_5240651635978439_radius_1_d-200_f,lon_4899641720878053_lat_5240651635978439_radius_1,-200,f
ATM_square_equirectangular/De_Bongerd/lon_4899641720878053_lat_5240651635978439_radius_1_d-200_f/20181219TMX7316010203-001026pano_0005_000848_4.89964235655559_52.4065146757164.jpg,2018,12,19,De_Bongerd,1,lon_4899641720878053_lat_5240651635978439_radius_1_d-200_f,lon_4899641720878053_lat_5240651635978439_radius_1,-200,f
ATM_square_equirectangular/De_Bongerd/lon_4899641720878053_lat_5240651635978439_radius_1_d-200_f/20190705TMX7316010203-001292pano_0000_007356_4.89964783437435_52.4065189919122.jpg,2019,7,5,De_Bongerd,0,lon_4899641720878053_lat_5240651635978439_radius_1_d-200_f,lon_4899641720878053_lat_5240651635978439_radius_1,-200,f
ATM_square_equirectangular/De_Bongerd/lon_4899641720878053_lat_5240651635978439_radius_1_d-200_f/20191211TMX7316010203-001510pano_0000_000355_4.89963911291374_52.4065149790187.jpg,2019,12,11,De_Bongerd,0,lon_4899641720878053_lat_5240651635978439_radius_1_d-200_f,lon_4899641720878053_lat_5240651635978439_radius_1,-200,f
ATM_square_equirectangular/De_Bongerd/lon_4899641720878053_lat_5240651635978439_radius_1_d-200_f/20200206TMX7316010203-001624pano_0006_000685_4.89964002374588_52.4065180711488.jpg,2020,2,6,De_Bongerd,0,lon_4899641720878053_lat_5240651635978439_radius_1_d-200_f,lon_4899641720878053_lat_5240651635978439_radius_1,-200,f
ATM_square_equirectangular/De_Bongerd/lon_4899641720878053_lat_5240651635978439_radius_1_d-200_f/20200916TMX7316060226-000502pano_0000_000469_4.89964301302062_52.4065113004658.jpg,2020,9,16,De_Bongerd,0,lon_4899641720878053_lat_5240651635978439_radius_1_d-200_f,lon_4899641720878053_lat_5240651635978439_radius_1,-200,f
ATM_square_equirectangular/De_Bongerd/lon_4899641720878053_lat_5240651635978439_radius_1_d-200_f/20210625TMX7316010203-002193pano_0000_000087_4.89964127590881_52.4065157512276.jpg,2021,6,25,De_Bongerd,0,lon_4899641720878053_lat_5240651635978439_radius_1_d-200_f,lon_4899641720878053_lat_5240651635978439_radius_1,-200,f
ATM_square_equirectangular/De_Bongerd/lon_4899641720878053_lat_5240651635978439_radius_1_d-200_l/20170530TMX7316010203-000317pano_0000_001520_4.89963842962738_52.4065207490012.jpg,2017,5,30,De_Bongerd,0,lon_4899641720878053_lat_5240651635978439_radius_1_d-200_l,lon_4899641720878053_lat_5240651635978439_radius_1,-200,l
ATM_square_equirectangular/De_Bongerd/lon_4899641720878053_lat_5240651635978439_radius_1_d-200_l/20181219TMX7316010203-001026pano_0005_000848_4.89964235655559_52.4065146757164.jpg,2018,12,19,De_Bongerd,1,lon_4899641720878053_lat_5240651635978439_radius_1_d-200_l,lon_4899641720878053_lat_5240651635978439_radius_1,-200,l
ATM_square_equirectangular/De_Bongerd/lon_4899641720878053_lat_5240651635978439_radius_1_d-200_l/20190705TMX7316010203-001292pano_0000_007356_4.89964783437435_52.4065189919122.jpg,2019,7,5,De_Bongerd,0,lon_4899641720878053_lat_5240651635978439_radius_1_d-200_l,lon_4899641720878053_lat_5240651635978439_radius_1,-200,l
ATM_square_equirectangular/De_Bongerd/lon_4899641720878053_lat_5240651635978439_radius_1_d-200_l/20191211TMX7316010203-001510pano_0000_000355_4.89963911291374_52.4065149790187.jpg,2019,12,11,De_Bongerd,0,lon_4899641720878053_lat_5240651635978439_radius_1_d-200_l,lon_4899641720878053_lat_5240651635978439_radius_1,-200,l
ATM_square_equirectangular/De_Bongerd/lon_4899641720878053_lat_5240651635978439_radius_1_d-200_l/20200206TMX7316010203-001624pano_0006_000685_4.89964002374588_52.4065180711488.jpg,2020,2,6,De_Bongerd,0,lon_4899641720878053_lat_5240651635978439_radius_1_d-200_l,lon_4899641720878053_lat_5240651635978439_radius_1,-200,l
ATM_square_equirectangular/De_Bongerd/lon_4899641720878053_lat_5240651635978439_radius_1_d-200_l/20200916TMX7316060226-000502pano_0000_000469_4.89964301302062_52.4065113004658.jpg,2020,9,16,De_Bongerd,0,lon_4899641720878053_lat_5240651635978439_radius_1_d-200_l,lon_4899641720878053_lat_5240651635978439_radius_1,-200,l
ATM_square_equirectangular/De_Bongerd/lon_4899641720878053_lat_5240651635978439_radius_1_d-200_l/20210625TMX7316010203-002193pano_0000_000087_4.89964127590881_52.4065157512276.jpg,2021,6,25,De_Bongerd,0,lon_4899641720878053_lat_5240651635978439_radius_1_d-200_l,lon_4899641720878053_lat_5240651635978439_radius_1,-200,l
ATM_square_equirectangular/Buurt_4_Oost/lon_4817728700564547_lat_5238089041922443_radius_1_d0_r/20160815TMX7316010203-000070pano_0002_002354_4.81771887585583_52.3808954922711.jpg,2016,8,15,Buurt_4_Oost,0,lon_4817728700564547_lat_5238089041922443_radius_1_d0_r,lon_4817728700564547_lat_5238089041922443_radius_1,0,r
ATM_square_equirectangular/Buurt_4_Oost/lon_4817728700564547_lat_5238089041922443_radius_1_d0_r/20170510TMX7316010203-000293pano_0000_005995_4.81773824402363_52.3808889242095.jpg,2017,5,10,Buurt_4_Oost,0,lon_4817728700564547_lat_5238089041922443_radius_1_d0_r,lon_4817728700564547_lat_5238089041922443_radius_1,0,r
ATM_square_equirectangular/Buurt_4_Oost/lon_4817728700564547_lat_5238089041922443_radius_1_d0_r/20170522TMX7316010203-000305pano_0000_000151_4.81772202402258_52.3808898912129.jpg,2017,5,22,Buurt_4_Oost,0,lon_4817728700564547_lat_5238089041922443_radius_1_d0_r,lon_4817728700564547_lat_5238089041922443_radius_1,0,r
ATM_square_equirectangular/Buurt_4_Oost/lon_4817728700564547_lat_5238089041922443_radius_1_d0_r/20180709TMX7316010203-000831pano_0000_004578_4.81771887142312_52.3808904818894.jpg,2018,7,9,Buurt_4_Oost,0,lon_4817728700564547_lat_5238089041922443_radius_1_d0_r,lon_4817728700564547_lat_5238089041922443_radius_1,0,r
ATM_square_equirectangular/Buurt_4_Oost/lon_4817728700564547_lat_5238089041922443_radius_1_d0_r/20191112TMX7316060226-000483pano_0000_000346_4.81772792742777_52.380887615438.jpg,2019,11,12,Buurt_4_Oost,0,lon_4817728700564547_lat_5238089041922443_radius_1_d0_r,lon_4817728700564547_lat_5238089041922443_radius_1,0,r
ATM_square_equirectangular/Buurt_4_Oost/lon_4817728700564547_lat_5238089041922443_radius_1_d0_r/20220106TMX7316010203-002395pano_0009_000049_4.81772053739373_52.380886719861.jpg,2022,1,6,Buurt_4_Oost,1,lon_4817728700564547_lat_5238089041922443_radius_1_d0_r,lon_4817728700564547_lat_5238089041922443_radius_1,0,r
ATM_square_equirectangular/Buurt_4_Oost/lon_4817728700564547_lat_5238089041922443_radius_1_d0_r/20221005TMX7316010203-002817pano_0003_000014_4.81772365025418_52.3808888201391.jpg,2022,10,5,Buurt_4_Oost,1,lon_4817728700564547_lat_5238089041922443_radius_1_d0_r,lon_4817728700564547_lat_5238089041922443_radius_1,0,r
ATM_square_equirectangular/Buurt_4_Oost/lon_4817728700564547_lat_5238089041922443_radius_1_d0_r/20221212TMX7316010203-002848pano_0004_000024_4.81772662283577_52.3808818820633.jpg,2022,12,12,Buurt_4_Oost,0,lon_4817728700564547_lat_5238089041922443_radius_1_d0_r,lon_4817728700564547_lat_5238089041922443_radius_1,0,r
ATM_square_equirectangular/Buurt_4_Oost/lon_4817728700564547_lat_5238089041922443_radius_1_d0_b/20160815TMX7316010203-000070pano_0002_002354_4.81771887585583_52.3808954922711.jpg,2016,8,15,Buurt_4_Oost,0,lon_4817728700564547_lat_5238089041922443_radius_1_d0_b,lon_4817728700564547_lat_5238089041922443_radius_1,0,b
ATM_square_equirectangular/Buurt_4_Oost/lon_4817728700564547_lat_5238089041922443_radius_1_d0_b/20170510TMX7316010203-000293pano_0000_005995_4.81773824402363_52.3808889242095.jpg,2017,5,10,Buurt_4_Oost,0,lon_4817728700564547_lat_5238089041922443_radius_1_d0_b,lon_4817728700564547_lat_5238089041922443_radius_1,0,b
ATM_square_equirectangular/Buurt_4_Oost/lon_4817728700564547_lat_5238089041922443_radius_1_d0_b/20170522TMX7316010203-000305pano_0000_000151_4.81772202402258_52.3808898912129.jpg,2017,5,22,Buurt_4_Oost,0,lon_4817728700564547_lat_5238089041922443_radius_1_d0_b,lon_4817728700564547_lat_5238089041922443_radius_1,0,b
ATM_square_equirectangular/Buurt_4_Oost/lon_4817728700564547_lat_5238089041922443_radius_1_d0_b/20180709TMX7316010203-000831pano_0000_004578_4.81771887142312_52.3808904818894.jpg,2018,7,9,Buurt_4_Oost,0,lon_4817728700564547_lat_5238089041922443_radius_1_d0_b,lon_4817728700564547_lat_5238089041922443_radius_1,0,b
ATM_square_equirectangular/Buurt_4_Oost/lon_4817728700564547_lat_5238089041922443_radius_1_d0_b/20191112TMX7316060226-000483pano_0000_000346_4.81772792742777_52.380887615438.jpg,2019,11,12,Buurt_4_Oost,0,lon_4817728700564547_lat_5238089041922443_radius_1_d0_b,lon_4817728700564547_lat_5238089041922443_radius_1,0,b
ATM_square_equirectangular/Buurt_4_Oost/lon_4817728700564547_lat_5238089041922443_radius_1_d0_b/20220106TMX7316010203-002395pano_0009_000049_4.81772053739373_52.380886719861.jpg,2022,1,6,Buurt_4_Oost,1,lon_4817728700564547_lat_5238089041922443_radius_1_d0_b,lon_4817728700564547_lat_5238089041922443_radius_1,0,b
ATM_square_equirectangular/Buurt_4_Oost/lon_4817728700564547_lat_5238089041922443_radius_1_d0_b/20221005TMX7316010203-002817pano_0003_000014_4.81772365025418_52.3808888201391.jpg,2022,10,5,Buurt_4_Oost,1,lon_4817728700564547_lat_5238089041922443_radius_1_d0_b,lon_4817728700564547_lat_5238089041922443_radius_1,0,b
ATM_square_equirectangular/Buurt_4_Oost/lon_4817728700564547_lat_5238089041922443_radius_1_d0_b/20221212TMX7316010203-002848pano_0004_000024_4.81772662283577_52.3808818820633.jpg,2022,12,12,Buurt_4_Oost,0,lon_4817728700564547_lat_5238089041922443_radius_1_d0_b,lon_4817728700564547_lat_5238089041922443_radius_1,0,b
ATM_square_equirectangular/Pieter_van_der_Doesbuurt/lon_4858046366248383_lat_52371816719837724_radius_1_d0_r/20160812TMX7316060226-000017pano_0003_000097_4.85804585022324_52.3718120969823.jpg,2016,8,12,Pieter_van_der_Doesbuurt,0,lon_4858046366248383_lat_52371816719837724_radius_1_d0_r,lon_4858046366248383_lat_52371816719837724_radius_1,0,r
ATM_square_equirectangular/Pieter_van_der_Doesbuurt/lon_4858046366248383_lat_52371816719837724_radius_1_d0_r/20200511TMX7316010203-001701pano_0000_005699_4.85804650266562_52.3718141800957.jpg,2020,5,11,Pieter_van_der_Doesbuurt,0,lon_4858046366248383_lat_52371816719837724_radius_1_d0_r,lon_4858046366248383_lat_52371816719837724_radius_1,0,r
ATM_square_equirectangular/Pieter_van_der_Doesbuurt/lon_4858046366248383_lat_52371816719837724_radius_1_d0_r/20210326TMX7316010203-002064pano_0000_000740_4.85804427476023_52.3718214304495.jpg,2021,3,26,Pieter_van_der_Doesbuurt,0,lon_4858046366248383_lat_52371816719837724_radius_1_d0_r,lon_4858046366248383_lat_52371816719837724_radius_1,0,r
ATM_square_equirectangular/Pieter_van_der_Doesbuurt/lon_4858046366248383_lat_52371816719837724_radius_1_d0_r/20220103TMX7316010203-002378pano_0005_000113_4.85804883734444_52.3718191718234.jpg,2022,1,3,Pieter_van_der_Doesbuurt,1,lon_4858046366248383_lat_52371816719837724_radius_1_d0_r,lon_4858046366248383_lat_52371816719837724_radius_1,0,r
ATM_square_equirectangular/Koningin_Wilhelminaplein/lon_4838365018671106_lat_523551666460231_radius_1_d0_b/20190117TMX7316010203-001060pano_0007_000024_4.83837257265292_52.3551695823925.jpg,2019,1,17,Koningin_Wilhelminaplein,0,lon_4838365018671106_lat_523551666460231_radius_1_d0_b,lon_4838365018671106_lat_523551666460231_radius_1,0,b
ATM_square_equirectangular/Koningin_Wilhelminaplein/lon_4838365018671106_lat_523551666460231_radius_1_d0_b/20191218TMX7316010203-001523pano_0000_003900_4.83836763958605_52.3551676327997.jpg,2019,12,18,Koningin_Wilhelminaplein,0,lon_4838365018671106_lat_523551666460231_radius_1_d0_b,lon_4838365018671106_lat_523551666460231_radius_1,0,b
ATM_square_equirectangular/Koningin_Wilhelminaplein/lon_4838365018671106_lat_523551666460231_radius_1_d0_b/20210219TMX7316010203-002020pano_0000_003271_4.83836472820682_52.3551650050621.jpg,2021,2,19,Koningin_Wilhelminaplein,1,lon_4838365018671106_lat_523551666460231_radius_1_d0_b,lon_4838365018671106_lat_523551666460231_radius_1,0,b
ATM_square_equirectangular/Koningin_Wilhelminaplein/lon_4838365018671106_lat_523551666460231_radius_1_d0_b/20210412TMX7316010203-002086pano_0000_001758_4.83835901616667_52.3551659499556.jpg,2021,4,12,Koningin_Wilhelminaplein,0,lon_4838365018671106_lat_523551666460231_radius_1_d0_b,lon_4838365018671106_lat_523551666460231_radius_1,0,b
ATM_square_equirectangular/Osdorp_Midden_Noord/lon_4791885218214724_lat_5236157338654702_radius_1_d200_f/20160808TMX7316010203-000050pano_0000_002630_4.79188639057312_52.3615702529046.jpg,2016,8,8,Osdorp_Midden_Noord,0,lon_4791885218214724_lat_5236157338654702_radius_1_d200_f,lon_4791885218214724_lat_5236157338654702_radius_1,200,f
ATM_square_equirectangular/Osdorp_Midden_Noord/lon_4791885218214724_lat_5236157338654702_radius_1_d200_f/20180629TMX7316010203-000817pano_0001_000814_4.79188907937022_52.3615692892149.jpg,2018,6,29,Osdorp_Midden_Noord,0,lon_4791885218214724_lat_5236157338654702_radius_1_d200_f,lon_4791885218214724_lat_5236157338654702_radius_1,200,f
ATM_square_equirectangular/Osdorp_Midden_Noord/lon_4791885218214724_lat_5236157338654702_radius_1_d200_f/20190718TMX7316010203-001319pano_0001_000586_4.79188418116678_52.3615786452533.jpg,2019,7,18,Osdorp_Midden_Noord,1,lon_4791885218214724_lat_5236157338654702_radius_1_d200_f,lon_4791885218214724_lat_5236157338654702_radius_1,200,f
ATM_square_equirectangular/Osdorp_Midden_Noord/lon_4791885218214724_lat_5236157338654702_radius_1_d200_f/20200129TMX7316010203-001600pano_0000_000162_4.79188878073362_52.3615718320908.jpg,2020,1,29,Osdorp_Midden_Noord,0,lon_4791885218214724_lat_5236157338654702_radius_1_d200_f,lon_4791885218214724_lat_5236157338654702_radius_1,200,f
ATM_square_equirectangular/Osdorp_Midden_Noord/lon_4791885218214724_lat_5236157338654702_radius_1_d200_f/20220126TMX7316010203-002441pano_0012_000014_4.79187765922988_52.3615769132715.jpg,2022,1,26,Osdorp_Midden_Noord,0,lon_4791885218214724_lat_5236157338654702_radius_1_d200_f,lon_4791885218214724_lat_5236157338654702_radius_1,200,f
ATM_square_equirectangular/Osdorp_Midden_Noord/lon_4791885218214724_lat_5236157338654702_radius_1_d200_r/20160808TMX7316010203-000050pano_0000_002630_4.79188639057312_52.3615702529046.jpg,2016,8,8,Osdorp_Midden_Noord,0,lon_4791885218214724_lat_5236157338654702_radius_1_d200_r,lon_4791885218214724_lat_5236157338654702_radius_1,200,r
ATM_square_equirectangular/Osdorp_Midden_Noord/lon_4791885218214724_lat_5236157338654702_radius_1_d200_r/20180629TMX7316010203-000817pano_0001_000814_4.79188907937022_52.3615692892149.jpg,2018,6,29,Osdorp_Midden_Noord,0,lon_4791885218214724_lat_5236157338654702_radius_1_d200_r,lon_4791885218214724_lat_5236157338654702_radius_1,200,r
ATM_square_equirectangular/Osdorp_Midden_Noord/lon_4791885218214724_lat_5236157338654702_radius_1_d200_r/20190718TMX7316010203-001319pano_0001_000586_4.79188418116678_52.3615786452533.jpg,2019,7,18,Osdorp_Midden_Noord,1,lon_4791885218214724_lat_5236157338654702_radius_1_d200_r,lon_4791885218214724_lat_5236157338654702_radius_1,200,r
ATM_square_equirectangular/Osdorp_Midden_Noord/lon_4791885218214724_lat_5236157338654702_radius_1_d200_r/20200129TMX7316010203-001600pano_0000_000162_4.79188878073362_52.3615718320908.jpg,2020,1,29,Osdorp_Midden_Noord,0,lon_4791885218214724_lat_5236157338654702_radius_1_d200_r,lon_4791885218214724_lat_5236157338654702_radius_1,200,r
ATM_square_equirectangular/Osdorp_Midden_Noord/lon_4791885218214724_lat_5236157338654702_radius_1_d200_r/20220126TMX7316010203-002441pano_0012_000014_4.79187765922988_52.3615769132715.jpg,2022,1,26,Osdorp_Midden_Noord,0,lon_4791885218214724_lat_5236157338654702_radius_1_d200_r,lon_4791885218214724_lat_5236157338654702_radius_1,200,r
ATM_square_equirectangular/Landlust_Noord/lon_4852677846065475_lat_5238502763775965_radius_1_d0_f/20190107TMX7316010203-001040pano_0003_000021_4.85267120921205_52.3850278027505.jpg,2019,1,7,Landlust_Noord,0,lon_4852677846065475_lat_5238502763775965_radius_1_d0_f,lon_4852677846065475_lat_5238502763775965_radius_1,0,f
ATM_square_equirectangular/Landlust_Noord/lon_4852677846065475_lat_5238502763775965_radius_1_d0_f/20190107TMX7316010203-001040pano_0003_000281_4.8526745585783_52.3850277109342.jpg,2019,1,7,Landlust_Noord,0,lon_4852677846065475_lat_5238502763775965_radius_1_d0_f,lon_4852677846065475_lat_5238502763775965_radius_1,0,f
ATM_square_equirectangular/Landlust_Noord/lon_4852677846065475_lat_5238502763775965_radius_1_d0_f/20200127TMX7316010203-001594pano_0000_000179_4.85268396320558_52.3850288043092.jpg,2020,1,27,Landlust_Noord,0,lon_4852677846065475_lat_5238502763775965_radius_1_d0_f,lon_4852677846065475_lat_5238502763775965_radius_1,0,f
ATM_square_equirectangular/Landlust_Noord/lon_4852677846065475_lat_5238502763775965_radius_1_d0_f/20200508TMX7316010203-001700pano_0000_003869_4.85268336170825_52.3850279769395.jpg,2020,5,8,Landlust_Noord,0,lon_4852677846065475_lat_5238502763775965_radius_1_d0_f,lon_4852677846065475_lat_5238502763775965_radius_1,0,f
ATM_square_equirectangular/Landlust_Noord/lon_4852677846065475_lat_5238502763775965_radius_1_d0_f/20220104TMX7316010203-002386pano_0000_000309_4.85267625515803_52.385026316955.jpg,2022,1,4,Landlust_Noord,1,lon_4852677846065475_lat_5238502763775965_radius_1_d0_f,lon_4852677846065475_lat_5238502763775965_radius_1,0,f
ATM_square_equirectangular/Van_der_Pekbuurt/lon_490745400778977_lat_523862061108401_radius_1_d-100_l/20170518TMX7316010203-000301pano_0000_006433_4.90744354532711_52.3862077744683.jpg,2017,5,18,Van_der_Pekbuurt,0,lon_490745400778977_lat_523862061108401_radius_1_d-100_l,lon_490745400778977_lat_523862061108401_radius_1,-100,l
ATM_square_equirectangular/Van_der_Pekbuurt/lon_490745400778977_lat_523862061108401_radius_1_d-100_l/20190709TMX7316010203-001299pano_0000_003411_4.90744646474212_52.3862097289036.jpg,2019,7,9,Van_der_Pekbuurt,0,lon_490745400778977_lat_523862061108401_radius_1_d-100_l,lon_490745400778977_lat_523862061108401_radius_1,-100,l
ATM_square_equirectangular/Van_der_Pekbuurt/lon_490745400778977_lat_523862061108401_radius_1_d-100_l/20210217TMX7316010203-002010pano_0000_000872_4.90745650412018_52.3862088539591.jpg,2021,2,17,Van_der_Pekbuurt,1,lon_490745400778977_lat_523862061108401_radius_1_d-100_l,lon_490745400778977_lat_523862061108401_radius_1,-100,l
ATM_square_equirectangular/Van_der_Pekbuurt/lon_490745400778977_lat_523862061108401_radius_1_d-100_l/20210616TMX7316010203-002181pano_0000_004215_4.90746581574095_52.3862064979396.jpg,2021,6,16,Van_der_Pekbuurt,1,lon_490745400778977_lat_523862061108401_radius_1_d-100_l,lon_490745400778977_lat_523862061108401_radius_1,-100,l
ATM_square_equirectangular/Oostenburg/lon_4930994547008873_lat_5237268687406503_radius_1_d11_l/20180517TMX7316010203-000739pano_0000_001876_4.93098894838017_52.3726916681907.jpg,2018,5,17,Oostenburg,0,lon_4930994547008873_lat_5237268687406503_radius_1_d11_l,lon_4930994547008873_lat_5237268687406503_radius_1,11,l
ATM_square_equirectangular/Oostenburg/lon_4930994547008873_lat_5237268687406503_radius_1_d11_l/20200422TMX7316010203-001670pano_0000_000759_4.93099364387792_52.3726858550694.jpg,2020,4,22,Oostenburg,1,lon_4930994547008873_lat_5237268687406503_radius_1_d11_l,lon_4930994547008873_lat_5237268687406503_radius_1,11,l
ATM_square_equirectangular/Oostenburg/lon_4930994547008873_lat_5237268687406503_radius_1_d11_l/20211231TMX7316010203-002372pano_0005_000132_4.93100104876853_52.372683098935.jpg,2021,12,31,Oostenburg,1,lon_4930994547008873_lat_5237268687406503_radius_1_d11_l,lon_4930994547008873_lat_5237268687406503_radius_1,11,l
ATM_square_equirectangular/Johan_Jongkindbuurt/lon_48388548418711865_lat_52358047005109505_radius_1_d200_r/20160808TMX7316010203-000050pano_0000_000082_4.8388532346044_52.3580490623284.jpg,2016,8,8,Johan_Jongkindbuurt,0,lon_48388548418711865_lat_52358047005109505_radius_1_d200_r,lon_48388548418711865_lat_52358047005109505_radius_1,200,r
ATM_square_equirectangular/Johan_Jongkindbuurt/lon_48388548418711865_lat_52358047005109505_radius_1_d200_r/20180704TMX7316010203-000824pano_0000_000652_4.83885156364722_52.3580449979213.jpg,2018,7,4,Johan_Jongkindbuurt,0,lon_48388548418711865_lat_52358047005109505_radius_1_d200_r,lon_48388548418711865_lat_52358047005109505_radius_1,200,r
ATM_square_equirectangular/Johan_Jongkindbuurt/lon_48388548418711865_lat_52358047005109505_radius_1_d200_r/20210707TMX7316010203-002220pano_0001_000161_4.83885972736194_52.3580469550788.jpg,2021,7,7,Johan_Jongkindbuurt,1,lon_48388548418711865_lat_52358047005109505_radius_1_d200_r,lon_48388548418711865_lat_52358047005109505_radius_1,200,r
ATM_square_equirectangular/Johan_Jongkindbuurt/lon_48388548418711865_lat_52358047005109505_radius_1_d200_r/20220411TMX7316010203-002505pano_0003_000503_4.83885559383945_52.3580422487282.jpg,2022,4,11,Johan_Jongkindbuurt,0,lon_48388548418711865_lat_52358047005109505_radius_1_d200_r,lon_48388548418711865_lat_52358047005109505_radius_1,200,r
ATM_square_equirectangular/De_Bongerd/lon_490222924479502_lat_5240445112124318_radius_1_d0_f/20170530TMX7316010203-000317pano_0000_000018_4.90222467380685_52.4044515448092.jpg,2017,5,30,De_Bongerd,0,lon_490222924479502_lat_5240445112124318_radius_1_d0_f,lon_490222924479502_lat_5240445112124318_radius_1,0,f
ATM_square_equirectangular/De_Bongerd/lon_490222924479502_lat_5240445112124318_radius_1_d0_f/20210211TMX7316010203-001998pano_0001_000770_4.90222765738345_52.4044514756419.jpg,2021,2,11,De_Bongerd,1,lon_490222924479502_lat_5240445112124318_radius_1_d0_f,lon_490222924479502_lat_5240445112124318_radius_1,0,f
ATM_square_equirectangular/De_Bongerd/lon_490222924479502_lat_5240445112124318_radius_1_d0_f/20210624TMX7316010203-002191pano_0000_001246_4.90222493666104_52.404446120777.jpg,2021,6,24,De_Bongerd,0,lon_490222924479502_lat_5240445112124318_radius_1_d0_f,lon_490222924479502_lat_5240445112124318_radius_1,0,f
ATM_square_equirectangular/De_Bongerd/lon_490222924479502_lat_5240445112124318_radius_1_d0_f/20211224TMX7316010203-002347pano_0004_000004_4.90223971132874_52.4044553437446.jpg,2021,12,24,De_Bongerd,0,lon_490222924479502_lat_5240445112124318_radius_1_d0_f,lon_490222924479502_lat_5240445112124318_radius_1,0,f
ATM_square_equirectangular/Markengouw_Midden/lon_4959983644134956_lat_5239360184403341_radius_1_d0_l/20160805TMX7316060226-000014pano_0000_003029_4.95998598549196_52.3936012475295.jpg,2016,8,5,Markengouw_Midden,0,lon_4959983644134956_lat_5239360184403341_radius_1_d0_l,lon_4959983644134956_lat_5239360184403341_radius_1,0,l
ATM_square_equirectangular/Markengouw_Midden/lon_4959983644134956_lat_5239360184403341_radius_1_d0_l/20181219TMX7316010203-001025pano_0011_000320_4.95998808094836_52.3935956935682.jpg,2018,12,19,Markengouw_Midden,0,lon_4959983644134956_lat_5239360184403341_radius_1_d0_l,lon_4959983644134956_lat_5239360184403341_radius_1,0,l
ATM_square_equirectangular/Markengouw_Midden/lon_4959983644134956_lat_5239360184403341_radius_1_d0_l/20190708TMX7316010203-001298pano_0000_001690_4.95997855814829_52.3936080900101.jpg,2019,7,8,Markengouw_Midden,0,lon_4959983644134956_lat_5239360184403341_radius_1_d0_l,lon_4959983644134956_lat_5239360184403341_radius_1,0,l
ATM_square_equirectangular/Markengouw_Midden/lon_4959983644134956_lat_5239360184403341_radius_1_d0_l/20200526TMX7316010203-001722pano_0000_003021_4.95998527126117_52.393594747394.jpg,2020,5,26,Markengouw_Midden,0,lon_4959983644134956_lat_5239360184403341_radius_1_d0_l,lon_4959983644134956_lat_5239360184403341_radius_1,0,l
ATM_square_equirectangular/Markengouw_Midden/lon_4959983644134956_lat_5239360184403341_radius_1_d0_l/20210622TMX7316010203-002185pano_0000_001038_4.9599790948827_52.393593858466.jpg,2021,6,22,Markengouw_Midden,1,lon_4959983644134956_lat_5239360184403341_radius_1_d0_l,lon_4959983644134956_lat_5239360184403341_radius_1,0,l
ATM_square_equirectangular/Markengouw_Midden/lon_4959983644134956_lat_5239360184403341_radius_1_d0_b/20160805TMX7316060226-000014pano_0000_003029_4.95998598549196_52.3936012475295.jpg,2016,8,5,Markengouw_Midden,0,lon_4959983644134956_lat_5239360184403341_radius_1_d0_b,lon_4959983644134956_lat_5239360184403341_radius_1,0,b
ATM_square_equirectangular/Markengouw_Midden/lon_4959983644134956_lat_5239360184403341_radius_1_d0_b/20181219TMX7316010203-001025pano_0011_000320_4.95998808094836_52.3935956935682.jpg,2018,12,19,Markengouw_Midden,0,lon_4959983644134956_lat_5239360184403341_radius_1_d0_b,lon_4959983644134956_lat_5239360184403341_radius_1,0,b
ATM_square_equirectangular/Markengouw_Midden/lon_4959983644134956_lat_5239360184403341_radius_1_d0_b/20190708TMX7316010203-001298pano_0000_001690_4.95997855814829_52.3936080900101.jpg,2019,7,8,Markengouw_Midden,0,lon_4959983644134956_lat_5239360184403341_radius_1_d0_b,lon_4959983644134956_lat_5239360184403341_radius_1,0,b
ATM_square_equirectangular/Markengouw_Midden/lon_4959983644134956_lat_5239360184403341_radius_1_d0_b/20200526TMX7316010203-001722pano_0000_003021_4.95998527126117_52.393594747394.jpg,2020,5,26,Markengouw_Midden,0,lon_4959983644134956_lat_5239360184403341_radius_1_d0_b,lon_4959983644134956_lat_5239360184403341_radius_1,0,b
ATM_square_equirectangular/Markengouw_Midden/lon_4959983644134956_lat_5239360184403341_radius_1_d0_b/20210622TMX7316010203-002185pano_0000_001038_4.9599790948827_52.393593858466.jpg,2021,6,22,Markengouw_Midden,1,lon_4959983644134956_lat_5239360184403341_radius_1_d0_b,lon_4959983644134956_lat_5239360184403341_radius_1,0,b
ATM_square_equirectangular/Markengouw_Midden/lon_4960012764346663_lat_5239294730859613_radius_1_d0_l/20181219TMX7316010203-001025pano_0011_000338_4.96001449672948_52.3929450092182.jpg,2018,12,19,Markengouw_Midden,0,lon_4960012764346663_lat_5239294730859613_radius_1_d0_l,lon_4960012764346663_lat_5239294730859613_radius_1,0,l
ATM_square_equirectangular/Markengouw_Midden/lon_4960012764346663_lat_5239294730859613_radius_1_d0_l/20190708TMX7316010203-001298pano_0000_001709_4.96000752509136_52.392944782055.jpg,2019,7,8,Markengouw_Midden,0,lon_4960012764346663_lat_5239294730859613_radius_1_d0_l,lon_4960012764346663_lat_5239294730859613_radius_1,0,l
ATM_square_equirectangular/Markengouw_Midden/lon_4960012764346663_lat_5239294730859613_radius_1_d0_l/20200206TMX7316010203-001622pano_0002_000354_4.96001627121915_52.3929521345152.jpg,2020,2,6,Markengouw_Midden,1,lon_4960012764346663_lat_5239294730859613_radius_1_d0_l,lon_4960012764346663_lat_5239294730859613_radius_1,0,l
ATM_square_equirectangular/De_Punt/lon_4781546951793257_lat_52358080864484066_radius_1_d0_f/20180628TMX7316010203-000813pano_0001_000394_4.78154828268585_52.358081206096.jpg,2018,6,28,De_Punt,0,lon_4781546951793257_lat_52358080864484066_radius_1_d0_f,lon_4781546951793257_lat_52358080864484066_radius_1,0,f
ATM_square_equirectangular/De_Punt/lon_4781546951793257_lat_52358080864484066_radius_1_d0_f/20190102TMX7316010203-001033pano_0006_000617_4.78153868805958_52.3580776960331.jpg,2019,1,2,De_Punt,0,lon_4781546951793257_lat_52358080864484066_radius_1_d0_f,lon_4781546951793257_lat_52358080864484066_radius_1,0,f
ATM_square_equirectangular/De_Punt/lon_4781546951793257_lat_52358080864484066_radius_1_d0_f/20210421TMX7316010203-002110pano_0000_002196_4.78155388463434_52.3580836913231.jpg,2021,4,21,De_Punt,0,lon_4781546951793257_lat_52358080864484066_radius_1_d0_f,lon_4781546951793257_lat_52358080864484066_radius_1,0,f
ATM_square_equirectangular/De_Punt/lon_4781546951793257_lat_52358080864484066_radius_1_d0_l/20180628TMX7316010203-000813pano_0001_000394_4.78154828268585_52.358081206096.jpg,2018,6,28,De_Punt,0,lon_4781546951793257_lat_52358080864484066_radius_1_d0_l,lon_4781546951793257_lat_52358080864484066_radius_1,0,l
ATM_square_equirectangular/De_Punt/lon_4781546951793257_lat_52358080864484066_radius_1_d0_l/20190102TMX7316010203-001033pano_0006_000617_4.78153868805958_52.3580776960331.jpg,2019,1,2,De_Punt,0,lon_4781546951793257_lat_52358080864484066_radius_1_d0_l,lon_4781546951793257_lat_52358080864484066_radius_1,0,l
ATM_square_equirectangular/De_Punt/lon_4781546951793257_lat_52358080864484066_radius_1_d0_l/20210421TMX7316010203-002110pano_0000_002196_4.78155388463434_52.3580836913231.jpg,2021,4,21,De_Punt,0,lon_4781546951793257_lat_52358080864484066_radius_1_d0_l,lon_4781546951793257_lat_52358080864484066_radius_1,0,l
ATM_square_equirectangular/Don_Bosco/lon_49240355896648556_lat_52351853926402136_radius_1_d0_f/20180524TMX7316010203-000750pano_0000_001431_4.92404334058764_52.3518507228901.jpg,2018,5,24,Don_Bosco,0,lon_49240355896648556_lat_52351853926402136_radius_1_d0_f,lon_49240355896648556_lat_52351853926402136_radius_1,0,f
ATM_square_equirectangular/Don_Bosco/lon_49240355896648556_lat_52351853926402136_radius_1_d0_f/20181211TMX7316010203-001007pano_0005_000054_4.92402847892531_52.351858727188.jpg,2018,12,11,Don_Bosco,0,lon_49240355896648556_lat_52351853926402136_radius_1_d0_f,lon_49240355896648556_lat_52351853926402136_radius_1,0,f
ATM_square_equirectangular/Don_Bosco/lon_49240355896648556_lat_52351853926402136_radius_1_d0_f/20200129TMX7316010203-001602pano_0001_000035_4.9240353559454_52.3518539151302.jpg,2020,1,29,Don_Bosco,0,lon_49240355896648556_lat_52351853926402136_radius_1_d0_f,lon_49240355896648556_lat_52351853926402136_radius_1,0,f
ATM_square_equirectangular/Don_Bosco/lon_49240355896648556_lat_52351853926402136_radius_1_d0_f/20200430TMX7316010203-001684pano_0000_001496_4.92402809874355_52.3518608198116.jpg,2020,4,30,Don_Bosco,0,lon_49240355896648556_lat_52351853926402136_radius_1_d0_f,lon_49240355896648556_lat_52351853926402136_radius_1,0,f
ATM_square_equirectangular/Elandsgrachtbuurt/lon_48785168510934795_lat_523727021735045_radius_1_d0_r/20160817TMX7316010203-000076pano_0000_003921_4.87851736448621_52.3726993786124.jpg,2016,8,17,Elandsgrachtbuurt,0,lon_48785168510934795_lat_523727021735045_radius_1_d0_r,lon_48785168510934795_lat_523727021735045_radius_1,0,r
ATM_square_equirectangular/Elandsgrachtbuurt/lon_48785168510934795_lat_523727021735045_radius_1_d0_r/20200424TMX7316010203-001675pano_0000_004281_4.87851370561386_52.3727065536739.jpg,2020,4,24,Elandsgrachtbuurt,0,lon_48785168510934795_lat_523727021735045_radius_1_d0_r,lon_48785168510934795_lat_523727021735045_radius_1,0,r
ATM_square_equirectangular/Elandsgrachtbuurt/lon_48785168510934795_lat_523727021735045_radius_1_d0_r/20210317TMX7316010203-002044pano_0000_001008_4.87851948318037_52.3727005882272.jpg,2021,3,17,Elandsgrachtbuurt,0,lon_48785168510934795_lat_523727021735045_radius_1_d0_r,lon_48785168510934795_lat_523727021735045_radius_1,0,r
ATM_square_equirectangular/Bedrijvencentrum_Osdorp/lon_478267066234239_lat_52359624705450365_radius_1_d0_l/20160801TMX7316010203-000038pano_0000_003928_4.78267785507091_52.3596247433636.jpg,2016,8,1,Bedrijvencentrum_Osdorp,0,lon_478267066234239_lat_52359624705450365_radius_1_d0_l,lon_478267066234239_lat_52359624705450365_radius_1,0,l
ATM_square_equirectangular/Bedrijvencentrum_Osdorp/lon_478267066234239_lat_52359624705450365_radius_1_d0_l/20200708TMX7316010203-001798pano_0000_002171_4.78266374004871_52.3596271494123.jpg,2020,7,8,Bedrijvencentrum_Osdorp,0,lon_478267066234239_lat_52359624705450365_radius_1_d0_l,lon_478267066234239_lat_52359624705450365_radius_1,0,l
ATM_square_equirectangular/Bedrijvencentrum_Osdorp/lon_478267066234239_lat_52359624705450365_radius_1_d0_l/20210421TMX7316010203-002110pano_0000_001808_4.78267039190755_52.3596222235752.jpg,2021,4,21,Bedrijvencentrum_Osdorp,0,lon_478267066234239_lat_52359624705450365_radius_1_d0_l,lon_478267066234239_lat_52359624705450365_radius_1,0,l
ATM_square_equirectangular/Bedrijvencentrum_Osdorp/lon_478267066234239_lat_52359624705450365_radius_1_d0_l/20220329TMX7316010203-002488pano_0003_002581_4.78267199389625_52.3596253931326.jpg,2022,3,29,Bedrijvencentrum_Osdorp,0,lon_478267066234239_lat_52359624705450365_radius_1_d0_l,lon_478267066234239_lat_52359624705450365_radius_1,0,l
ATM_square_equirectangular/Bedrijvencentrum_Westerpark/lon_4863446278439366_lat_523835941210879_radius_1_d0_r/20180620TMX7316010203-000799pano_0000_003534_4.86344806965097_52.3835988967668.jpg,2018,6,20,Bedrijvencentrum_Westerpark,0,lon_4863446278439366_lat_523835941210879_radius_1_d0_r,lon_4863446278439366_lat_523835941210879_radius_1,0,r
ATM_square_equirectangular/Bedrijvencentrum_Westerpark/lon_4863446278439366_lat_523835941210879_radius_1_d0_r/20191108TMX7316060226-000473pano_0000_000545_4.86344105239142_52.3835950107196.jpg,2019,11,8,Bedrijvencentrum_Westerpark,0,lon_4863446278439366_lat_523835941210879_radius_1_d0_r,lon_4863446278439366_lat_523835941210879_radius_1,0,r
ATM_square_equirectangular/Bedrijvencentrum_Westerpark/lon_4863446278439366_lat_523835941210879_radius_1_d0_r/20200818TMX7316010203-001879pano_0003_000487_4.86344971327571_52.3835884557773.jpg,2020,8,18,Bedrijvencentrum_Westerpark,0,lon_4863446278439366_lat_523835941210879_radius_1_d0_r,lon_4863446278439366_lat_523835941210879_radius_1,0,r
ATM_square_equirectangular/Tuindorp_Frankendael/lon_493840526767215_lat_52347587616223656_radius_1_d0_r/20160419TMX7315120208-000032pano_0000_004139_4.93840599237962_52.3475875151932.jpg,2016,4,19,Tuindorp_Frankendael,0,lon_493840526767215_lat_52347587616223656_radius_1_d0_r,lon_493840526767215_lat_52347587616223656_radius_1,0,r
ATM_square_equirectangular/Tuindorp_Frankendael/lon_493840526767215_lat_52347587616223656_radius_1_d0_r/20181211TMX7316010203-001008pano_0001_000036_4.93839461064093_52.3475826762566.jpg,2018,12,11,Tuindorp_Frankendael,0,lon_493840526767215_lat_52347587616223656_radius_1_d0_r,lon_493840526767215_lat_52347587616223656_radius_1,0,r
ATM_square_equirectangular/Tuindorp_Frankendael/lon_493840526767215_lat_52347587616223656_radius_1_d0_r/20210531TMX7316010203-002144pano_0000_000458_4.9384151999959_52.3475926572212.jpg,2021,5,31,Tuindorp_Frankendael,0,lon_493840526767215_lat_52347587616223656_radius_1_d0_r,lon_493840526767215_lat_52347587616223656_radius_1,0,r
ATM_square_equirectangular/Tuindorp_Frankendael/lon_493840526767215_lat_52347587616223656_radius_1_d0_l/20160419TMX7315120208-000032pano_0000_004139_4.93840599237962_52.3475875151932.jpg,2016,4,19,Tuindorp_Frankendael,0,lon_493840526767215_lat_52347587616223656_radius_1_d0_l,lon_493840526767215_lat_52347587616223656_radius_1,0,l
ATM_square_equirectangular/Tuindorp_Frankendael/lon_493840526767215_lat_52347587616223656_radius_1_d0_l/20181211TMX7316010203-001008pano_0001_000036_4.93839461064093_52.3475826762566.jpg,2018,12,11,Tuindorp_Frankendael,0,lon_493840526767215_lat_52347587616223656_radius_1_d0_l,lon_493840526767215_lat_52347587616223656_radius_1,0,l
ATM_square_equirectangular/Tuindorp_Frankendael/lon_493840526767215_lat_52347587616223656_radius_1_d0_l/20210531TMX7316010203-002144pano_0000_000458_4.9384151999959_52.3475926572212.jpg,2021,5,31,Tuindorp_Frankendael,0,lon_493840526767215_lat_52347587616223656_radius_1_d0_l,lon_493840526767215_lat_52347587616223656_radius_1,0,l
ATM_square_equirectangular/Gelderlandpleinbuurt/lon_4871632921586955_lat_523359612511163_radius_1_d0_f/20171220TMX7316010203-000521pano_0000_000509_4.87163569275279_52.335960321277.jpg,2017,12,20,Gelderlandpleinbuurt,0,lon_4871632921586955_lat_523359612511163_radius_1_d0_f,lon_4871632921586955_lat_523359612511163_radius_1,0,f
ATM_square_equirectangular/Gelderlandpleinbuurt/lon_4871632921586955_lat_523359612511163_radius_1_d0_f/20190103TMX7316010203-001034pano_0007_000223_4.87163504768214_52.3359635331149.jpg,2019,1,3,Gelderlandpleinbuurt,0,lon_4871632921586955_lat_523359612511163_radius_1_d0_f,lon_4871632921586955_lat_523359612511163_radius_1,0,f
ATM_square_equirectangular/Gelderlandpleinbuurt/lon_4871632921586955_lat_523359612511163_radius_1_d0_f/20210219TMX7316010203-002019pano_0000_001780_4.87163664707184_52.3359606196694.jpg,2021,2,19,Gelderlandpleinbuurt,0,lon_4871632921586955_lat_523359612511163_radius_1_d0_f,lon_4871632921586955_lat_523359612511163_radius_1,0,f
ATM_square_equirectangular/Gelderlandpleinbuurt/lon_4871632921586955_lat_523359612511163_radius_1_d0_f/20210503TMX7316010203-002126pano_0000_004007_4.87162429884105_52.3359605304039.jpg,2021,5,3,Gelderlandpleinbuurt,0,lon_4871632921586955_lat_523359612511163_radius_1_d0_f,lon_4871632921586955_lat_523359612511163_radius_1,0,f
ATM_square_equirectangular/Jeugdland/lon_4932597905189848_lat_5240718019990375_radius_1_d0_r/20160718TMX7315120208-000143pano_0002_002599_4.93260391131007_52.4071808118874.jpg,2016,7,18,Jeugdland,0,lon_4932597905189848_lat_5240718019990375_radius_1_d0_r,lon_4932597905189848_lat_5240718019990375_radius_1,0,r
ATM_square_equirectangular/Jeugdland/lon_4932597905189848_lat_5240718019990375_radius_1_d0_r/20170516TMX7316010203-000298pano_0000_004093_4.93260466434624_52.4071756288392.jpg,2017,5,16,Jeugdland,0,lon_4932597905189848_lat_5240718019990375_radius_1_d0_r,lon_4932597905189848_lat_5240718019990375_radius_1,0,r
ATM_square_equirectangular/Jeugdland/lon_4932597905189848_lat_5240718019990375_radius_1_d0_r/20180802TMX7316010203-000895pano_0000_000505_4.93258532576919_52.4071820945668.jpg,2018,8,2,Jeugdland,0,lon_4932597905189848_lat_5240718019990375_radius_1_d0_r,lon_4932597905189848_lat_5240718019990375_radius_1,0,r
ATM_square_equirectangular/Jeugdland/lon_4932597905189848_lat_5240718019990375_radius_1_d0_r/20200529TMX7316010203-001731pano_0000_001702_4.93259771933389_52.4071822643216.jpg,2020,5,29,Jeugdland,0,lon_4932597905189848_lat_5240718019990375_radius_1_d0_r,lon_4932597905189848_lat_5240718019990375_radius_1,0,r
ATM_square_equirectangular/Jeugdland/lon_4932597905189848_lat_5240718019990375_radius_1_d0_r/20220504TMX7316010203-002562pano_0004_003885_4.93259086838093_52.4071820736248.jpg,2022,5,4,Jeugdland,0,lon_4932597905189848_lat_5240718019990375_radius_1_d0_r,lon_4932597905189848_lat_5240718019990375_radius_1,0,r
ATM_square_equirectangular/Jeugdland/lon_4933023385055087_lat_524069772781184_radius_1_d0_b/20160718TMX7315120208-000143pano_0002_002606_4.93301276137042_52.4069811628829.jpg,2016,7,18,Jeugdland,0,lon_4933023385055087_lat_524069772781184_radius_1_d0_b,lon_4933023385055087_lat_524069772781184_radius_1,0,b
ATM_square_equirectangular/Jeugdland/lon_4933023385055087_lat_524069772781184_radius_1_d0_b/20190628TMX7316010203-001260pano_0001_000694_4.93302575675606_52.4069753550643.jpg,2019,6,28,Jeugdland,0,lon_4933023385055087_lat_524069772781184_radius_1_d0_b,lon_4933023385055087_lat_524069772781184_radius_1,0,b
ATM_square_equirectangular/Jeugdland/lon_4933023385055087_lat_524069772781184_radius_1_d0_b/20200529TMX7316010203-001731pano_0000_001709_4.93301634472459_52.4069799695961.jpg,2020,5,29,Jeugdland,0,lon_4933023385055087_lat_524069772781184_radius_1_d0_b,lon_4933023385055087_lat_524069772781184_radius_1,0,b
ATM_square_equirectangular/Bloemgrachtbuurt/lon_4880703130999504_lat_52374021312024766_radius_1_d0_f/20160815TMX7316060226-000020pano_0007_001313_4.88071090252384_52.3740170518915.jpg,2016,8,15,Bloemgrachtbuurt,0,lon_4880703130999504_lat_52374021312024766_radius_1_d0_f,lon_4880703130999504_lat_52374021312024766_radius_1,0,f
ATM_square_equirectangular/Bloemgrachtbuurt/lon_4880703130999504_lat_52374021312024766_radius_1_d0_f/20160817TMX7316010203-000076pano_0000_003094_4.88069682483573_52.3740252332593.jpg,2016,8,17,Bloemgrachtbuurt,0,lon_4880703130999504_lat_52374021312024766_radius_1_d0_f,lon_4880703130999504_lat_52374021312024766_radius_1,0,f
ATM_square_equirectangular/Bloemgrachtbuurt/lon_4880703130999504_lat_52374021312024766_radius_1_d0_f/20180514TMX7316010203-000717pano_0002_000320_4.88070049825877_52.3740274997704.jpg,2018,5,14,Bloemgrachtbuurt,0,lon_4880703130999504_lat_52374021312024766_radius_1_d0_f,lon_4880703130999504_lat_52374021312024766_radius_1,0,f
ATM_square_equirectangular/Bloemgrachtbuurt/lon_4880703130999504_lat_52374021312024766_radius_1_d0_f/20190513TMX7316010203-001179pano_0000_002069_4.88069951153692_52.3740146472364.jpg,2019,5,13,Bloemgrachtbuurt,0,lon_4880703130999504_lat_52374021312024766_radius_1_d0_f,lon_4880703130999504_lat_52374021312024766_radius_1,0,f
ATM_square_equirectangular/Bloemgrachtbuurt/lon_4880703130999504_lat_52374021312024766_radius_1_d0_f/20220127TMX7316010203-002445pano_0008_000166_4.88070791784226_52.3740221279662.jpg,2022,1,27,Bloemgrachtbuurt,0,lon_4880703130999504_lat_52374021312024766_radius_1_d0_f,lon_4880703130999504_lat_52374021312024766_radius_1,0,f
ATM_square_equirectangular/Bloemgrachtbuurt/lon_4880703130999504_lat_52374021312024766_radius_1_d0_f/20220425TMX7316010203-002542pano_0006_000126_4.88070053352895_52.3740223886457.jpg,2022,4,25,Bloemgrachtbuurt,0,lon_4880703130999504_lat_52374021312024766_radius_1_d0_f,lon_4880703130999504_lat_52374021312024766_radius_1,0,f
ATM_square_equirectangular/Begijnhofbuurt/lon_48928832291182776_lat_5237127859028523_radius_1_d0_l/20180507TMX7316010203-000709pano_0000_001174_4.89288576088595_52.3712776060925.jpg,2018,5,7,Begijnhofbuurt,0,lon_48928832291182776_lat_5237127859028523_radius_1_d0_l,lon_48928832291182776_lat_5237127859028523_radius_1,0,l
ATM_square_equirectangular/Begijnhofbuurt/lon_48928832291182776_lat_5237127859028523_radius_1_d0_l/20191308TMX7316010203-001544pano_0002_000018_4.89288142447657_52.3712838392677.jpg,2019,13,8,Begijnhofbuurt,0,lon_48928832291182776_lat_5237127859028523_radius_1_d0_l,lon_48928832291182776_lat_5237127859028523_radius_1,0,l
ATM_square_equirectangular/Begijnhofbuurt/lon_48928832291182776_lat_5237127859028523_radius_1_d0_l/20200421TMX7316010203-001658pano_0000_001849_4.89288711214764_52.3712803340179.jpg,2020,4,21,Begijnhofbuurt,0,lon_48928832291182776_lat_5237127859028523_radius_1_d0_l,lon_48928832291182776_lat_5237127859028523_radius_1,0,l
ATM_square_equirectangular/Begijnhofbuurt/lon_48928832291182776_lat_5237127859028523_radius_1_d0_l/20210308TMX7316010203-002031pano_0001_002213_4.89287977314634_52.3712778302763.jpg,2021,3,8,Begijnhofbuurt,0,lon_48928832291182776_lat_5237127859028523_radius_1_d0_l,lon_48928832291182776_lat_5237127859028523_radius_1,0,l
ATM_square_equirectangular/Begijnhofbuurt/lon_48928832291182776_lat_5237127859028523_radius_1_d0_l/20211227TMX7316010203-002357pano_0000_000072_4.89288207493489_52.3712733417717.jpg,2021,12,27,Begijnhofbuurt,0,lon_48928832291182776_lat_5237127859028523_radius_1_d0_l,lon_48928832291182776_lat_5237127859028523_radius_1,0,l
ATM_square_equirectangular/Sarphatistrook/lon_49120608813499524_lat_52361529918810504_radius_1_d0_l/20190114TMX7316010203-001051pano_0000_000111_4.9120672920228_52.361533386691.jpg,2019,1,14,Sarphatistrook,0,lon_49120608813499524_lat_52361529918810504_radius_1_d0_l,lon_49120608813499524_lat_52361529918810504_radius_1,0,l
ATM_square_equirectangular/Sarphatistrook/lon_49120608813499524_lat_52361529918810504_radius_1_d0_l/20191307TMX7316010203-001536pano_0000_000167_4.91205249428325_52.3615262620817.jpg,2019,13,7,Sarphatistrook,0,lon_49120608813499524_lat_52361529918810504_radius_1_d0_l,lon_49120608813499524_lat_52361529918810504_radius_1,0,l
ATM_square_equirectangular/Sarphatistrook/lon_49120608813499524_lat_52361529918810504_radius_1_d0_l/20200429TMX7316010203-001681pano_0000_003439_4.91206034110328_52.3615268794712.jpg,2020,4,29,Sarphatistrook,0,lon_49120608813499524_lat_52361529918810504_radius_1_d0_l,lon_49120608813499524_lat_52361529918810504_radius_1,0,l
ATM_square_equirectangular/Sarphatistrook/lon_49120608813499524_lat_52361529918810504_radius_1_d0_l/20210319TMX7316010203-002050pano_0000_000662_4.91206339799048_52.3615331469981.jpg,2021,3,19,Sarphatistrook,0,lon_49120608813499524_lat_52361529918810504_radius_1_d0_l,lon_49120608813499524_lat_52361529918810504_radius_1,0,l
ATM_square_equirectangular/Sportparkstad/lon_4840864857192293_lat_52372550553707235_radius_1_d0_f/20170510TMX7316010203-000293pano_0000_003381_4.84086219561036_52.3725510558679.jpg,2017,5,10,Sportparkstad,0,lon_4840864857192293_lat_52372550553707235_radius_1_d0_f,lon_4840864857192293_lat_52372550553707235_radius_1,0,f
ATM_square_equirectangular/Sportparkstad/lon_4840864857192293_lat_52372550553707235_radius_1_d0_f/20190712TMX7316010203-001310pano_0000_002063_4.84086387500097_52.3725522851301.jpg,2019,7,12,Sportparkstad,0,lon_4840864857192293_lat_52372550553707235_radius_1_d0_f,lon_4840864857192293_lat_52372550553707235_radius_1,0,f
ATM_square_equirectangular/Sportparkstad/lon_4840864857192293_lat_52372550553707235_radius_1_d0_f/20200818TMX7316010203-001880pano_0002_000242_4.84086850096555_52.3725483201237.jpg,2020,8,18,Sportparkstad,0,lon_4840864857192293_lat_52372550553707235_radius_1_d0_f,lon_4840864857192293_lat_52372550553707235_radius_1,0,f
ATM_square_equirectangular/Sportparkstad/lon_4840864857192293_lat_52372550553707235_radius_1_d0_r/20170510TMX7316010203-000293pano_0000_003381_4.84086219561036_52.3725510558679.jpg,2017,5,10,Sportparkstad,0,lon_4840864857192293_lat_52372550553707235_radius_1_d0_r,lon_4840864857192293_lat_52372550553707235_radius_1,0,r
ATM_square_equirectangular/Sportparkstad/lon_4840864857192293_lat_52372550553707235_radius_1_d0_r/20190712TMX7316010203-001310pano_0000_002063_4.84086387500097_52.3725522851301.jpg,2019,7,12,Sportparkstad,0,lon_4840864857192293_lat_52372550553707235_radius_1_d0_r,lon_4840864857192293_lat_52372550553707235_radius_1,0,r
ATM_square_equirectangular/Sportparkstad/lon_4840864857192293_lat_52372550553707235_radius_1_d0_r/20200818TMX7316010203-001880pano_0002_000242_4.84086850096555_52.3725483201237.jpg,2020,8,18,Sportparkstad,0,lon_4840864857192293_lat_52372550553707235_radius_1_d0_r,lon_4840864857192293_lat_52372550553707235_radius_1,0,r
ATM_square_equirectangular/Postjeskade_eo/lon_4853536046931415_lat_52358780454801305_radius_1_d0_l/20160622TMX7315080123-000309pano_0000_001182_4.85353411194885_52.3587830397437.jpg,2016,6,22,Postjeskade_eo,0,lon_4853536046931415_lat_52358780454801305_radius_1_d0_l,lon_4853536046931415_lat_52358780454801305_radius_1,0,l
ATM_square_equirectangular/Postjeskade_eo/lon_4853536046931415_lat_52358780454801305_radius_1_d0_l/20180612TMX7316010203-000786pano_0001_001868_4.85354154819315_52.3587779042387.jpg,2018,6,12,Postjeskade_eo,0,lon_4853536046931415_lat_52358780454801305_radius_1_d0_l,lon_4853536046931415_lat_52358780454801305_radius_1,0,l
ATM_square_equirectangular/Postjeskade_eo/lon_4853536046931415_lat_52358780454801305_radius_1_d0_l/20190426TMX7316010203-001141pano_0001_002008_4.85353634762013_52.3587802059062.jpg,2019,4,26,Postjeskade_eo,0,lon_4853536046931415_lat_52358780454801305_radius_1_d0_l,lon_4853536046931415_lat_52358780454801305_radius_1,0,l
ATM_square_equirectangular/Postjeskade_eo/lon_4853536046931415_lat_52358780454801305_radius_1_d0_l/20210709TMX7316010203-002226pano_0000_002162_4.85353217996353_52.3587806693166.jpg,2021,7,9,Postjeskade_eo,0,lon_4853536046931415_lat_52358780454801305_radius_1_d0_l,lon_4853536046931415_lat_52358780454801305_radius_1,0,l
ATM_square_equirectangular/Postjeskade_eo/lon_4853536046931415_lat_52358780454801305_radius_1_d0_l/20221214TMX7316010203-002851pano_0001_000006_4.85353782646025_52.3587889125835.jpg,2022,12,14,Postjeskade_eo,0,lon_4853536046931415_lat_52358780454801305_radius_1_d0_l,lon_4853536046931415_lat_52358780454801305_radius_1,0,l
ATM_square_equirectangular/Postjeskade_eo/lon_4853536046931415_lat_52358780454801305_radius_1_d0_r/20160622TMX7315080123-000309pano_0000_001182_4.85353411194885_52.3587830397437.jpg,2016,6,22,Postjeskade_eo,0,lon_4853536046931415_lat_52358780454801305_radius_1_d0_r,lon_4853536046931415_lat_52358780454801305_radius_1,0,r
ATM_square_equirectangular/Postjeskade_eo/lon_4853536046931415_lat_52358780454801305_radius_1_d0_r/20180612TMX7316010203-000786pano_0001_001868_4.85354154819315_52.3587779042387.jpg,2018,6,12,Postjeskade_eo,0,lon_4853536046931415_lat_52358780454801305_radius_1_d0_r,lon_4853536046931415_lat_52358780454801305_radius_1,0,r
ATM_square_equirectangular/Postjeskade_eo/lon_4853536046931415_lat_52358780454801305_radius_1_d0_r/20190426TMX7316010203-001141pano_0001_002008_4.85353634762013_52.3587802059062.jpg,2019,4,26,Postjeskade_eo,0,lon_4853536046931415_lat_52358780454801305_radius_1_d0_r,lon_4853536046931415_lat_52358780454801305_radius_1,0,r
ATM_square_equirectangular/Postjeskade_eo/lon_4853536046931415_lat_52358780454801305_radius_1_d0_r/20210709TMX7316010203-002226pano_0000_002162_4.85353217996353_52.3587806693166.jpg,2021,7,9,Postjeskade_eo,0,lon_4853536046931415_lat_52358780454801305_radius_1_d0_r,lon_4853536046931415_lat_52358780454801305_radius_1,0,r
ATM_square_equirectangular/Postjeskade_eo/lon_4853536046931415_lat_52358780454801305_radius_1_d0_r/20221214TMX7316010203-002851pano_0001_000006_4.85353782646025_52.3587889125835.jpg,2022,12,14,Postjeskade_eo,0,lon_4853536046931415_lat_52358780454801305_radius_1_d0_r,lon_4853536046931415_lat_52358780454801305_radius_1,0,r
ATM_square_equirectangular/Nieuwendammerdijk_West/lon_4934630295580483_lat_5239178145784241_radius_1_d0_f/20180730TMX7316010203-000885pano_0000_001279_4.93463385564814_52.3917747359058.jpg,2018,7,30,Nieuwendammerdijk_West,0,lon_4934630295580483_lat_5239178145784241_radius_1_d0_f,lon_4934630295580483_lat_5239178145784241_radius_1,0,f
ATM_square_equirectangular/Nieuwendammerdijk_West/lon_4934630295580483_lat_5239178145784241_radius_1_d0_f/20190627TMX7316010203-001254pano_0002_001690_4.93462474787067_52.3917863663056.jpg,2019,6,27,Nieuwendammerdijk_West,0,lon_4934630295580483_lat_5239178145784241_radius_1_d0_f,lon_4934630295580483_lat_5239178145784241_radius_1,0,f
ATM_square_equirectangular/Nieuwendammerdijk_West/lon_4934630295580483_lat_5239178145784241_radius_1_d0_f/20191212TMX7316010203-001513pano_0001_000090_4.93463274161967_52.3917832660122.jpg,2019,12,12,Nieuwendammerdijk_West,0,lon_4934630295580483_lat_5239178145784241_radius_1_d0_f,lon_4934630295580483_lat_5239178145784241_radius_1,0,f
ATM_square_equirectangular/Nieuwendammerdijk_West/lon_4934630295580483_lat_5239178145784241_radius_1_d0_f/20200529TMX7316010203-001729pano_0001_000087_4.93463401057553_52.3917770413395.jpg,2020,5,29,Nieuwendammerdijk_West,0,lon_4934630295580483_lat_5239178145784241_radius_1_d0_f,lon_4934630295580483_lat_5239178145784241_radius_1,0,f
ATM_square_equirectangular/Nieuwendammerdijk_West/lon_4934630295580483_lat_5239178145784241_radius_1_d0_f/20210218TMX7316010203-002015pano_0000_000143_4.93462509800453_52.3917888512638.jpg,2021,2,18,Nieuwendammerdijk_West,0,lon_4934630295580483_lat_5239178145784241_radius_1_d0_f,lon_4934630295580483_lat_5239178145784241_radius_1,0,f
ATM_square_equirectangular/Bellamybuurt_Zuid/lon_48688551456639_lat_5236838851663774_radius_1_d0_f/20190430TMX7316010203-001148pano_0000_000287_4.86885613063977_52.3683863127562.jpg,2019,4,30,Bellamybuurt_Zuid,0,lon_48688551456639_lat_5236838851663774_radius_1_d0_f,lon_48688551456639_lat_5236838851663774_radius_1,0,f
ATM_square_equirectangular/Bellamybuurt_Zuid/lon_48688551456639_lat_5236838851663774_radius_1_d0_f/20210222TMX7316010203-002024pano_0000_001402_4.86885248133561_52.3683875093959.jpg,2021,2,22,Bellamybuurt_Zuid,1,lon_48688551456639_lat_5236838851663774_radius_1_d0_f,lon_48688551456639_lat_5236838851663774_radius_1,0,f
ATM_square_equirectangular/Bellamybuurt_Zuid/lon_48688551456639_lat_5236838851663774_radius_1_d0_f/20210325TMX7316010203-002060pano_0000_006102_4.86885682501632_52.3683917277611.jpg,2021,3,25,Bellamybuurt_Zuid,0,lon_48688551456639_lat_5236838851663774_radius_1_d0_f,lon_48688551456639_lat_5236838851663774_radius_1,0,f
ATM_square_equirectangular/Bellamybuurt_Zuid/lon_48688551456639_lat_5236838851663774_radius_1_d0_f/20230110TMX7316010203-002921pano_0014_000004_4.86884179650842_52.3683869879229.jpg,2023,1,10,Bellamybuurt_Zuid,0,lon_48688551456639_lat_5236838851663774_radius_1_d0_f,lon_48688551456639_lat_5236838851663774_radius_1,0,f
ATM_square_equirectangular/Bellamybuurt_Zuid/lon_48688551456639_lat_5236838851663774_radius_1_d0_l/20190430TMX7316010203-001148pano_0000_000287_4.86885613063977_52.3683863127562.jpg,2019,4,30,Bellamybuurt_Zuid,0,lon_48688551456639_lat_5236838851663774_radius_1_d0_l,lon_48688551456639_lat_5236838851663774_radius_1,0,l
ATM_square_equirectangular/Bellamybuurt_Zuid/lon_48688551456639_lat_5236838851663774_radius_1_d0_l/20210222TMX7316010203-002024pano_0000_001402_4.86885248133561_52.3683875093959.jpg,2021,2,22,Bellamybuurt_Zuid,1,lon_48688551456639_lat_5236838851663774_radius_1_d0_l,lon_48688551456639_lat_5236838851663774_radius_1,0,l
ATM_square_equirectangular/Bellamybuurt_Zuid/lon_48688551456639_lat_5236838851663774_radius_1_d0_l/20210325TMX7316010203-002060pano_0000_006102_4.86885682501632_52.3683917277611.jpg,2021,3,25,Bellamybuurt_Zuid,0,lon_48688551456639_lat_5236838851663774_radius_1_d0_l,lon_48688551456639_lat_5236838851663774_radius_1,0,l
ATM_square_equirectangular/Bellamybuurt_Zuid/lon_48688551456639_lat_5236838851663774_radius_1_d0_l/20230110TMX7316010203-002921pano_0014_000004_4.86884179650842_52.3683869879229.jpg,2023,1,10,Bellamybuurt_Zuid,0,lon_48688551456639_lat_5236838851663774_radius_1_d0_l,lon_48688551456639_lat_5236838851663774_radius_1,0,l
ATM_square_equirectangular/Buyskade_eo/lon_487164688480394_lat_5237969368670622_radius_1_d0_r/20180620TMX7316010203-000799pano_0000_000567_4.87164838714066_52.379698372655.jpg,2018,6,20,Buyskade_eo,0,lon_487164688480394_lat_5237969368670622_radius_1_d0_r,lon_487164688480394_lat_5237969368670622_radius_1,0,r
ATM_square_equirectangular/Buyskade_eo/lon_487164688480394_lat_5237969368670622_radius_1_d0_r/20191108TMX7316060226-000473pano_0000_002140_4.87164136908221_52.3796912341834.jpg,2019,11,8,Buyskade_eo,0,lon_487164688480394_lat_5237969368670622_radius_1_d0_r,lon_487164688480394_lat_5237969368670622_radius_1,0,r
ATM_square_equirectangular/Buyskade_eo/lon_487164688480394_lat_5237969368670622_radius_1_d0_r/20191220TMX7316010203-001529pano_0002_000279_4.87164797227462_52.3796982291716.jpg,2019,12,20,Buyskade_eo,0,lon_487164688480394_lat_5237969368670622_radius_1_d0_r,lon_487164688480394_lat_5237969368670622_radius_1,0,r
ATM_square_equirectangular/Buyskade_eo/lon_487164688480394_lat_5237969368670622_radius_1_d0_r/20200818TMX7316010203-001879pano_0003_001090_4.87164628107725_52.3796960119781.jpg,2020,8,18,Buyskade_eo,0,lon_487164688480394_lat_5237969368670622_radius_1_d0_r,lon_487164688480394_lat_5237969368670622_radius_1,0,r
ATM_square_equirectangular/Haveneiland_Oost/lon_5012979980685634_lat_5234669136912336_radius_1_d0_l/20160606TMX7315120208-000068pano_0005_002347_5.01298303046287_52.3466865167644.jpg,2016,6,6,Haveneiland_Oost,0,lon_5012979980685634_lat_5234669136912336_radius_1_d0_l,lon_5012979980685634_lat_5234669136912336_radius_1,0,l
ATM_square_equirectangular/Haveneiland_Oost/lon_5012979980685634_lat_5234669136912336_radius_1_d0_l/20180517TMX7316010203-000741pano_0000_002548_5.01298023707299_52.3466934854559.jpg,2018,5,17,Haveneiland_Oost,0,lon_5012979980685634_lat_5234669136912336_radius_1_d0_l,lon_5012979980685634_lat_5234669136912336_radius_1,0,l
ATM_square_equirectangular/Haveneiland_Oost/lon_5012979980685634_lat_5234669136912336_radius_1_d0_l/20200622TMX7316010203-001754pano_0000_005974_5.01297667452104_52.3466941051498.jpg,2020,6,22,Haveneiland_Oost,0,lon_5012979980685634_lat_5234669136912336_radius_1_d0_l,lon_5012979980685634_lat_5234669136912336_radius_1,0,l
ATM_square_equirectangular/Haveneiland_Oost/lon_5012979980685634_lat_5234669136912336_radius_1_d0_l/20220513TMX7316010203-002580pano_0001_000443_5.01297091967556_52.3466975492438.jpg,2022,5,13,Haveneiland_Oost,0,lon_5012979980685634_lat_5234669136912336_radius_1_d0_l,lon_5012979980685634_lat_5234669136912336_radius_1,0,l
ATM_square_equirectangular/Nieuwendammerdijk_West/lon_4936587367515414_lat_5239143624711116_radius_1_d0_r/20181219TMX7316010203-001025pano_0002_000148_4.93659477246573_52.3914374320186.jpg,2018,12,19,Nieuwendammerdijk_West,0,lon_4936587367515414_lat_5239143624711116_radius_1_d0_r,lon_4936587367515414_lat_5239143624711116_radius_1,0,r
ATM_square_equirectangular/Nieuwendammerdijk_West/lon_4936587367515414_lat_5239143624711116_radius_1_d0_r/20210218TMX7316010203-002015pano_0000_000542_4.93657665391465_52.3914357913822.jpg,2021,2,18,Nieuwendammerdijk_West,0,lon_4936587367515414_lat_5239143624711116_radius_1_d0_r,lon_4936587367515414_lat_5239143624711116_radius_1,0,r
ATM_square_equirectangular/Nieuwendammerdijk_West/lon_4936587367515414_lat_5239143624711116_radius_1_d0_r/20210218TMX7316010203-002015pano_0000_000606_4.93658252902103_52.3914381211608.jpg,2021,2,18,Nieuwendammerdijk_West,0,lon_4936587367515414_lat_5239143624711116_radius_1_d0_r,lon_4936587367515414_lat_5239143624711116_radius_1,0,r
ATM_square_equirectangular/Haveneiland_Noordwest/lon_500077989218417_lat_5235661601570075_radius_1_d0_r/20171130TMX7316010203-000503pano_0000_000282_5.00078354316915_52.3566159010597.jpg,2017,11,30,Haveneiland_Noordwest,0,lon_500077989218417_lat_5235661601570075_radius_1_d0_r,lon_500077989218417_lat_5235661601570075_radius_1,0,r
ATM_square_equirectangular/Haveneiland_Noordwest/lon_500077989218417_lat_5235661601570075_radius_1_d0_r/20181217TMX7316010203-001018pano_0002_000437_5.00078174676021_52.3566140338844.jpg,2018,12,17,Haveneiland_Noordwest,0,lon_500077989218417_lat_5235661601570075_radius_1_d0_r,lon_500077989218417_lat_5235661601570075_radius_1,0,r
ATM_square_equirectangular/Haveneiland_Noordwest/lon_500077989218417_lat_5235661601570075_radius_1_d0_r/20181217TMX7316010203-001018pano_0002_000502_5.00078114810828_52.3566167053302.jpg,2018,12,17,Haveneiland_Noordwest,0,lon_500077989218417_lat_5235661601570075_radius_1_d0_r,lon_500077989218417_lat_5235661601570075_radius_1,0,r
ATM_square_equirectangular/Haveneiland_Noordwest/lon_500077989218417_lat_5235661601570075_radius_1_d0_r/20191210TMX7316010203-001507pano_0004_000509_5.00077313069904_52.3566174225287.jpg,2019,12,10,Haveneiland_Noordwest,0,lon_500077989218417_lat_5235661601570075_radius_1_d0_r,lon_500077989218417_lat_5235661601570075_radius_1,0,r
ATM_square_equirectangular/Haveneiland_Noordwest/lon_500077989218417_lat_5235661601570075_radius_1_d0_r/20221228TMX7316010203-002898pano_0002_000005_5.00077672155979_52.3566134083086.jpg,2022,12,28,Haveneiland_Noordwest,0,lon_500077989218417_lat_5235661601570075_radius_1_d0_r,lon_500077989218417_lat_5235661601570075_radius_1,0,r
ATM_square_equirectangular/Haveneiland_Oost/lon_5008590776757443_lat_52352188501290804_radius_1_d0_f/20180517TMX7316010203-000741pano_0000_001901_5.00859488495883_52.3521910636123.jpg,2018,5,17,Haveneiland_Oost,0,lon_5008590776757443_lat_52352188501290804_radius_1_d0_f,lon_5008590776757443_lat_52352188501290804_radius_1,0,f
ATM_square_equirectangular/Haveneiland_Oost/lon_5008590776757443_lat_52352188501290804_radius_1_d0_f/20200622TMX7316010203-001754pano_0000_000661_5.00858563259283_52.3521872937363.jpg,2020,6,22,Haveneiland_Oost,0,lon_5008590776757443_lat_52352188501290804_radius_1_d0_f,lon_5008590776757443_lat_52352188501290804_radius_1,0,f
ATM_square_equirectangular/Haveneiland_Oost/lon_5008590776757443_lat_52352188501290804_radius_1_d0_f/20210601TMX7316010203-002149pano_0001_006385_5.00859181272067_52.3521871465238.jpg,2021,6,1,Haveneiland_Oost,0,lon_5008590776757443_lat_52352188501290804_radius_1_d0_f,lon_5008590776757443_lat_52352188501290804_radius_1,0,f
ATM_square_equirectangular/Haveneiland_Oost/lon_5008590776757443_lat_52352188501290804_radius_1_d0_f/20220513TMX7316010203-002580pano_0001_002287_5.00859390618872_52.3521855153446.jpg,2022,5,13,Haveneiland_Oost,0,lon_5008590776757443_lat_52352188501290804_radius_1_d0_f,lon_5008590776757443_lat_52352188501290804_radius_1,0,f
ATM_square_equirectangular/Haveneiland_Oost/lon_5008590776757443_lat_52352188501290804_radius_1_d0_r/20180517TMX7316010203-000741pano_0000_001901_5.00859488495883_52.3521910636123.jpg,2018,5,17,Haveneiland_Oost,0,lon_5008590776757443_lat_52352188501290804_radius_1_d0_r,lon_5008590776757443_lat_52352188501290804_radius_1,0,r
ATM_square_equirectangular/Haveneiland_Oost/lon_5008590776757443_lat_52352188501290804_radius_1_d0_r/20200622TMX7316010203-001754pano_0000_000661_5.00858563259283_52.3521872937363.jpg,2020,6,22,Haveneiland_Oost,0,lon_5008590776757443_lat_52352188501290804_radius_1_d0_r,lon_5008590776757443_lat_52352188501290804_radius_1,0,r
ATM_square_equirectangular/Haveneiland_Oost/lon_5008590776757443_lat_52352188501290804_radius_1_d0_r/20210601TMX7316010203-002149pano_0001_006385_5.00859181272067_52.3521871465238.jpg,2021,6,1,Haveneiland_Oost,0,lon_5008590776757443_lat_52352188501290804_radius_1_d0_r,lon_5008590776757443_lat_52352188501290804_radius_1,0,r
ATM_square_equirectangular/Haveneiland_Oost/lon_5008590776757443_lat_52352188501290804_radius_1_d0_r/20220513TMX7316010203-002580pano_0001_002287_5.00859390618872_52.3521855153446.jpg,2022,5,13,Haveneiland_Oost,0,lon_5008590776757443_lat_52352188501290804_radius_1_d0_r,lon_5008590776757443_lat_52352188501290804_radius_1,0,r
ATM_square_equirectangular/Haveneiland_Oost/lon_5009746462565546_lat_52351317349704566_radius_1_d0_f/20171130TMX7316010203-000503pano_0000_000797_5.00974954198003_52.351321469003.jpg,2017,11,30,Haveneiland_Oost,0,lon_5009746462565546_lat_52351317349704566_radius_1_d0_f,lon_5009746462565546_lat_52351317349704566_radius_1,0,f
ATM_square_equirectangular/Haveneiland_Oost/lon_5009746462565546_lat_52351317349704566_radius_1_d0_f/20190517TMX7316010203-001192pano_0001_001893_5.00974644574407_52.3513128016767.jpg,2019,5,17,Haveneiland_Oost,0,lon_5009746462565546_lat_52351317349704566_radius_1_d0_f,lon_5009746462565546_lat_52351317349704566_radius_1,0,f
ATM_square_equirectangular/Haveneiland_Oost/lon_5009746462565546_lat_52351317349704566_radius_1_d0_f/20210915TMX7316010203-002311pano_0004_001650_5.00974339997254_52.351317778434.jpg,2021,9,15,Haveneiland_Oost,0,lon_5009746462565546_lat_52351317349704566_radius_1_d0_f,lon_5009746462565546_lat_52351317349704566_radius_1,0,f
ATM_square_equirectangular/Bijlmerpark_Oost/lon_4965689200056484_lat_523155397932623_radius_1_d0_f/20170616TMX7316010203-000338pano_0000_010436_4.96568934728143_52.3155361219535.jpg,2017,6,16,Bijlmerpark_Oost,0,lon_4965689200056484_lat_523155397932623_radius_1_d0_f,lon_4965689200056484_lat_523155397932623_radius_1,0,f
ATM_square_equirectangular/Bijlmerpark_Oost/lon_4965689200056484_lat_523155397932623_radius_1_d0_f/20200626TMX7316010203-001772pano_0000_002832_4.96568873618848_52.3155385528895.jpg,2020,6,26,Bijlmerpark_Oost,0,lon_4965689200056484_lat_523155397932623_radius_1_d0_f,lon_4965689200056484_lat_523155397932623_radius_1,0,f
ATM_square_equirectangular/Bijlmerpark_Oost/lon_4965689200056484_lat_523155397932623_radius_1_d0_f/20210603TMX7316010203-002155pano_0000_006816_4.96568951669954_52.3155447049439.jpg,2021,6,3,Bijlmerpark_Oost,0,lon_4965689200056484_lat_523155397932623_radius_1_d0_f,lon_4965689200056484_lat_523155397932623_radius_1,0,f
ATM_square_equirectangular/Bijlmerpark_Oost/lon_4965689200056484_lat_523155397932623_radius_1_d0_f/20170616TMX7316010203-000338pano_0000_010436_4.96568934728143_52.3155361219535.jpg,2017,6,16,Bijlmerpark_Oost,0,lon_4965689200056484_lat_523155397932623_radius_1_d0_f,lon_4965689200056484_lat_523155397932623_radius_1,0,f
ATM_square_equirectangular/Bijlmerpark_Oost/lon_4965689200056484_lat_523155397932623_radius_1_d0_f/20200626TMX7316010203-001772pano_0000_002832_4.96568873618848_52.3155385528895.jpg,2020,6,26,Bijlmerpark_Oost,0,lon_4965689200056484_lat_523155397932623_radius_1_d0_f,lon_4965689200056484_lat_523155397932623_radius_1,0,f
ATM_square_equirectangular/Bijlmerpark_Oost/lon_4965689200056484_lat_523155397932623_radius_1_d0_f/20210603TMX7316010203-002155pano_0000_006816_4.96568951669954_52.3155447049439.jpg,2021,6,3,Bijlmerpark_Oost,0,lon_4965689200056484_lat_523155397932623_radius_1_d0_f,lon_4965689200056484_lat_523155397932623_radius_1,0,f
ATM_square_equirectangular/Gelderlandpleinbuurt/lon_4872405557735153_lat_5233648027555987_radius_1_d0_f/20180601TMX7316010203-000770pano_0000_000892_4.87240523701897_52.3364842129769.jpg,2018,6,1,Gelderlandpleinbuurt,0,lon_4872405557735153_lat_5233648027555987_radius_1_d0_f,lon_4872405557735153_lat_5233648027555987_radius_1,0,f
ATM_square_equirectangular/Gelderlandpleinbuurt/lon_4872405557735153_lat_5233648027555987_radius_1_d0_f/20210219TMX7316010203-002019pano_0000_001824_4.87241242054304_52.3364769811583.jpg,2021,2,19,Gelderlandpleinbuurt,0,lon_4872405557735153_lat_5233648027555987_radius_1_d0_f,lon_4872405557735153_lat_5233648027555987_radius_1,0,f
ATM_square_equirectangular/Gelderlandpleinbuurt/lon_4872405557735153_lat_5233648027555987_radius_1_d0_f/20210503TMX7316010203-002126pano_0000_003237_4.87240170921354_52.3364750854727.jpg,2021,5,3,Gelderlandpleinbuurt,0,lon_4872405557735153_lat_5233648027555987_radius_1_d0_f,lon_4872405557735153_lat_5233648027555987_radius_1,0,f
ATM_square_equirectangular/Gelderlandpleinbuurt/lon_4872405557735153_lat_5233648027555987_radius_1_d0_f/20210503TMX7316010203-002126pano_0000_004028_4.87240286416506_52.3364848226316.jpg,2021,5,3,Gelderlandpleinbuurt,0,lon_4872405557735153_lat_5233648027555987_radius_1_d0_f,lon_4872405557735153_lat_5233648027555987_radius_1,0,f
ATM_square_equirectangular/Haveneiland_Noordwest/lon_5001108405948607_lat_5235694269422987_radius_1_d0_l/20180518TMX7316010203-000742pano_0000_000239_5.0011103676478_52.3569470302024.jpg,2018,5,18,Haveneiland_Noordwest,0,lon_5001108405948607_lat_5235694269422987_radius_1_d0_l,lon_5001108405948607_lat_5235694269422987_radius_1,0,l
ATM_square_equirectangular/Haveneiland_Noordwest/lon_5001108405948607_lat_5235694269422987_radius_1_d0_l/20181217TMX7316010203-001018pano_0002_000643_5.00110732180337_52.3569370147328.jpg,2018,12,17,Haveneiland_Noordwest,0,lon_5001108405948607_lat_5235694269422987_radius_1_d0_l,lon_5001108405948607_lat_5235694269422987_radius_1,0,l
ATM_square_equirectangular/Haveneiland_Noordwest/lon_5001108405948607_lat_5235694269422987_radius_1_d0_l/20191210TMX7316010203-001507pano_0004_000178_5.00110752839465_52.3569440377544.jpg,2019,12,10,Haveneiland_Noordwest,0,lon_5001108405948607_lat_5235694269422987_radius_1_d0_l,lon_5001108405948607_lat_5235694269422987_radius_1,0,l
ATM_square_equirectangular/Kadoelen/lon_490062781106809_lat_524168388608829_radius_1_d0_r/20180724TMX7316010203-000857pano_0000_005434_4.90062886826278_52.4168376089729.jpg,2018,7,24,Kadoelen,0,lon_490062781106809_lat_524168388608829_radius_1_d0_r,lon_490062781106809_lat_524168388608829_radius_1,0,r
ATM_square_equirectangular/Kadoelen/lon_490062781106809_lat_524168388608829_radius_1_d0_r/20181219TMX7316010203-001026pano_0002_000018_4.90062448621553_52.4168383215725.jpg,2018,12,19,Kadoelen,0,lon_490062781106809_lat_524168388608829_radius_1_d0_r,lon_490062781106809_lat_524168388608829_radius_1,0,r
ATM_square_equirectangular/Kadoelen/lon_490062781106809_lat_524168388608829_radius_1_d0_r/20210623TMX7316010203-002188pano_0001_000943_4.90063007872596_52.4168406521033.jpg,2021,6,23,Kadoelen,0,lon_490062781106809_lat_524168388608829_radius_1_d0_r,lon_490062781106809_lat_524168388608829_radius_1,0,r
ATM_square_equirectangular/Kadoelen/lon_490062781106809_lat_524168388608829_radius_1_d0_r/20220510TMX7316010203-002570pano_0000_000734_4.90062770280872_52.4168426818439.jpg,2022,5,10,Kadoelen,0,lon_490062781106809_lat_524168388608829_radius_1_d0_r,lon_490062781106809_lat_524168388608829_radius_1,0,r
ATM_square_equirectangular/Olympisch_Stadion_eo/lon_4857072153726517_lat_52343921063823565_radius_1_d0_f/20170419TMX7316010203-000264pano_0000_000808_4.85707810257533_52.3439197104328.jpg,2017,4,19,Olympisch_Stadion_eo,0,lon_4857072153726517_lat_52343921063823565_radius_1_d0_f,lon_4857072153726517_lat_52343921063823565_radius_1,0,f
ATM_square_equirectangular/Olympisch_Stadion_eo/lon_4857072153726517_lat_52343921063823565_radius_1_d0_f/20200706TMX7316010203-001791pano_0000_004598_4.8570667124732_52.3439245812312.jpg,2020,7,6,Olympisch_Stadion_eo,0,lon_4857072153726517_lat_52343921063823565_radius_1_d0_f,lon_4857072153726517_lat_52343921063823565_radius_1,0,f
ATM_square_equirectangular/Olympisch_Stadion_eo/lon_4857072153726517_lat_52343921063823565_radius_1_d0_f/20210712TMX7316010203-002228pano_0002_000699_4.85707164613102_52.3439188998067.jpg,2021,7,12,Olympisch_Stadion_eo,0,lon_4857072153726517_lat_52343921063823565_radius_1_d0_f,lon_4857072153726517_lat_52343921063823565_radius_1,0,f
ATM_square_equirectangular/Olympisch_Stadion_eo/lon_4857082293932696_lat_523430678686708_radius_1_d0_r/20191204TMX7316010203-001489pano_0000_000588_4.85708243765204_52.3430719089776.jpg,2019,12,4,Olympisch_Stadion_eo,0,lon_4857082293932696_lat_523430678686708_radius_1_d0_r,lon_4857082293932696_lat_523430678686708_radius_1,0,r
ATM_square_equirectangular/Olympisch_Stadion_eo/lon_4857082293932696_lat_523430678686708_radius_1_d0_r/20210428TMX7316010203-002120pano_0000_004480_4.85708423874225_52.3430617586986.jpg,2021,4,28,Olympisch_Stadion_eo,0,lon_4857082293932696_lat_523430678686708_radius_1_d0_r,lon_4857082293932696_lat_523430678686708_radius_1,0,r
ATM_square_equirectangular/Olympisch_Stadion_eo/lon_4857082293932696_lat_523430678686708_radius_1_d0_r/20220110TMX7316010203-002406pano_0001_000050_4.8570802054038_52.3430699383362.jpg,2022,1,10,Olympisch_Stadion_eo,0,lon_4857082293932696_lat_523430678686708_radius_1_d0_r,lon_4857082293932696_lat_523430678686708_radius_1,0,r
ATM_square_equirectangular/Buitenveldert_Zuidwest/lon_48636876243655704_lat_52323576594529776_radius_1_d0_f/20160621TMX7315080123-000304pano_0000_000408_4.86368470663164_52.3235838209869.jpg,2016,6,21,Buitenveldert_Zuidwest,0,lon_48636876243655704_lat_52323576594529776_radius_1_d0_f,lon_48636876243655704_lat_52323576594529776_radius_1,0,f
ATM_square_equirectangular/Buitenveldert_Zuidwest/lon_48636876243655704_lat_52323576594529776_radius_1_d0_f/20180530TMX7316010203-000761pano_0000_001014_4.8636933048958_52.323570511858.jpg,2018,5,30,Buitenveldert_Zuidwest,0,lon_48636876243655704_lat_52323576594529776_radius_1_d0_f,lon_48636876243655704_lat_52323576594529776_radius_1,0,f
ATM_square_equirectangular/Buitenveldert_Zuidwest/lon_48636876243655704_lat_52323576594529776_radius_1_d0_f/20190507TMX7316010203-001167pano_0001_005459_4.86368486156927_52.3235754507444.jpg,2019,5,7,Buitenveldert_Zuidwest,0,lon_48636876243655704_lat_52323576594529776_radius_1_d0_f,lon_48636876243655704_lat_52323576594529776_radius_1,0,f
ATM_square_equirectangular/Jeugdland/lon_4931947950583937_lat_5240589736207457_radius_1_d0_r/20180802TMX7316010203-000895pano_0000_000611_4.9319556411815_52.4058942796656.jpg,2018,8,2,Jeugdland,0,lon_4931947950583937_lat_5240589736207457_radius_1_d0_r,lon_4931947950583937_lat_5240589736207457_radius_1,0,r
ATM_square_equirectangular/Jeugdland/lon_4931947950583937_lat_5240589736207457_radius_1_d0_r/20190628TMX7316010203-001260pano_0001_000614_4.93194197442717_52.4058970477754.jpg,2019,6,28,Jeugdland,0,lon_4931947950583937_lat_5240589736207457_radius_1_d0_r,lon_4931947950583937_lat_5240589736207457_radius_1,0,r
ATM_square_equirectangular/Jeugdland/lon_4931947950583937_lat_5240589736207457_radius_1_d0_r/20200529TMX7316010203-001731pano_0000_001807_4.93194623614314_52.4059007587827.jpg,2020,5,29,Jeugdland,0,lon_4931947950583937_lat_5240589736207457_radius_1_d0_r,lon_4931947950583937_lat_5240589736207457_radius_1,0,r
ATM_square_equirectangular/Jeugdland/lon_4931947950583937_lat_5240589736207457_radius_1_d0_r/20220504TMX7316010203-002562pano_0004_003701_4.93193490671241_52.4058945717938.jpg,2022,5,4,Jeugdland,0,lon_4931947950583937_lat_5240589736207457_radius_1_d0_r,lon_4931947950583937_lat_5240589736207457_radius_1,0,r
ATM_square_equirectangular/Werengouw_Midden/lon_4951559895496603_lat_52395927456461195_radius_1_d0_l/20170517TMX7316010203-000299pano_0002_001356_4.95155683939166_52.395921680108.jpg,2017,5,17,Werengouw_Midden,0,lon_4951559895496603_lat_52395927456461195_radius_1_d0_l,lon_4951559895496603_lat_52395927456461195_radius_1,0,l
ATM_square_equirectangular/Werengouw_Midden/lon_4951559895496603_lat_52395927456461195_radius_1_d0_l/20180725TMX7316010203-000871pano_0000_004639_4.95156549941544_52.3959269425633.jpg,2018,7,25,Werengouw_Midden,0,lon_4951559895496603_lat_52395927456461195_radius_1_d0_l,lon_4951559895496603_lat_52395927456461195_radius_1,0,l
ATM_square_equirectangular/Werengouw_Midden/lon_4951559895496603_lat_52395927456461195_radius_1_d0_l/20181219TMX7316010203-001025pano_0009_000014_4.95156190357084_52.3959299148099.jpg,2018,12,19,Werengouw_Midden,0,lon_4951559895496603_lat_52395927456461195_radius_1_d0_l,lon_4951559895496603_lat_52395927456461195_radius_1,0,l
ATM_square_equirectangular/Werengouw_Midden/lon_4951559895496603_lat_52395927456461195_radius_1_d0_l/20200528TMX7316010203-001728pano_0000_001792_4.95155533960847_52.3959312883636.jpg,2020,5,28,Werengouw_Midden,0,lon_4951559895496603_lat_52395927456461195_radius_1_d0_l,lon_4951559895496603_lat_52395927456461195_radius_1,0,l
ATM_square_equirectangular/Werengouw_Midden/lon_4951559895496603_lat_52395927456461195_radius_1_d0_l/20221222TMX7316010203-002882pano_0005_000106_4.95156339256058_52.3959272044562.jpg,2022,12,22,Werengouw_Midden,0,lon_4951559895496603_lat_52395927456461195_radius_1_d0_l,lon_4951559895496603_lat_52395927456461195_radius_1,0,l
ATM_square_equirectangular/Werengouw_Midden/lon_4952076779925993_lat_5239543119946824_radius_1_d0_f/20170517TMX7316010203-000299pano_0002_001301_4.95208013626268_52.3954354455207.jpg,2017,5,17,Werengouw_Midden,0,lon_4952076779925993_lat_5239543119946824_radius_1_d0_f,lon_4952076779925993_lat_5239543119946824_radius_1,0,f
ATM_square_equirectangular/Werengouw_Midden/lon_4952076779925993_lat_5239543119946824_radius_1_d0_f/20181219TMX7316010203-001025pano_0008_000037_4.95208504182845_52.3954279670036.jpg,2018,12,19,Werengouw_Midden,0,lon_4952076779925993_lat_5239543119946824_radius_1_d0_f,lon_4952076779925993_lat_5239543119946824_radius_1,0,f
ATM_square_equirectangular/Werengouw_Midden/lon_4952076779925993_lat_5239543119946824_radius_1_d0_f/20200529TMX7316010203-001730pano_0000_001148_4.95208034316473_52.395431269756.jpg,2020,5,29,Werengouw_Midden,0,lon_4952076779925993_lat_5239543119946824_radius_1_d0_f,lon_4952076779925993_lat_5239543119946824_radius_1,0,f
ATM_square_equirectangular/Werengouw_Midden/lon_4952076779925993_lat_5239543119946824_radius_1_d0_f/20210225TMX7316010203-002029pano_0003_000054_4.95207588408799_52.3954335981017.jpg,2021,2,25,Werengouw_Midden,0,lon_4952076779925993_lat_5239543119946824_radius_1_d0_f,lon_4952076779925993_lat_5239543119946824_radius_1,0,f
ATM_square_equirectangular/Werengouw_Midden/lon_4952076779925993_lat_5239543119946824_radius_1_d0_f/20210615TMX7316010203-002180pano_0000_000066_4.95208519440252_52.3954314727699.jpg,2021,6,15,Werengouw_Midden,0,lon_4952076779925993_lat_5239543119946824_radius_1_d0_f,lon_4952076779925993_lat_5239543119946824_radius_1,0,f
ATM_square_equirectangular/Werengouw_Midden/lon_4952076779925993_lat_5239543119946824_radius_1_d0_f/20210622TMX7316010203-002185pano_0002_001032_4.95206313369625_52.3954284079443.jpg,2021,6,22,Werengouw_Midden,0,lon_4952076779925993_lat_5239543119946824_radius_1_d0_f,lon_4952076779925993_lat_5239543119946824_radius_1,0,f
ATM_square_equirectangular/Van_Tuyllbuurt/lon_4861691819848847_lat_52342855065940135_radius_1_d0_l/20200707TMX7316010203-001796pano_0000_000409_4.86169215356844_52.3428538556501.jpg,2020,7,7,Van_Tuyllbuurt,0,lon_4861691819848847_lat_52342855065940135_radius_1_d0_l,lon_4861691819848847_lat_52342855065940135_radius_1,0,l
ATM_square_equirectangular/Van_Tuyllbuurt/lon_4861691819848847_lat_52342855065940135_radius_1_d0_l/20210428TMX7316010203-002120pano_0000_003737_4.86168091867157_52.3428525094509.jpg,2021,4,28,Van_Tuyllbuurt,0,lon_4861691819848847_lat_52342855065940135_radius_1_d0_l,lon_4861691819848847_lat_52342855065940135_radius_1,0,l
ATM_square_equirectangular/Van_Tuyllbuurt/lon_4861691819848847_lat_52342855065940135_radius_1_d0_l/20220110TMX7316010203-002405pano_0005_000102_4.86170238730653_52.3428588327194.jpg,2022,1,10,Van_Tuyllbuurt,0,lon_4861691819848847_lat_52342855065940135_radius_1_d0_l,lon_4861691819848847_lat_52342855065940135_radius_1,0,l
ATM_square_equirectangular/Osdorp_Zuidoost/lon_4807925297143814_lat_5235137345764934_radius_1_d0_l/20190102TMX7316010203-001033pano_0010_000057_4.80793083359908_52.3513734598366.jpg,2019,1,2,Osdorp_Zuidoost,0,lon_4807925297143814_lat_5235137345764934_radius_1_d0_l,lon_4807925297143814_lat_5235137345764934_radius_1,0,l
ATM_square_equirectangular/Osdorp_Zuidoost/lon_4807925297143814_lat_5235137345764934_radius_1_d0_l/20210222TMX7316010203-002022pano_0000_000029_4.80791948866818_52.3513702266965.jpg,2021,2,22,Osdorp_Zuidoost,0,lon_4807925297143814_lat_5235137345764934_radius_1_d0_l,lon_4807925297143814_lat_5235137345764934_radius_1,0,l
ATM_square_equirectangular/Osdorp_Zuidoost/lon_4807925297143814_lat_5235137345764934_radius_1_d0_l/20210413TMX7316010203-002089pano_0000_001938_4.80792556916418_52.3513766864149.jpg,2021,4,13,Osdorp_Zuidoost,0,lon_4807925297143814_lat_5235137345764934_radius_1_d0_l,lon_4807925297143814_lat_5235137345764934_radius_1,0,l
ATM_square_equirectangular/Osdorp_Zuidoost/lon_4807925297143814_lat_5235137345764934_radius_1_d0_l/20220413TMX7316010203-002514pano_0000_000838_4.80791882015027_52.3513695152668.jpg,2022,4,13,Osdorp_Zuidoost,0,lon_4807925297143814_lat_5235137345764934_radius_1_d0_l,lon_4807925297143814_lat_5235137345764934_radius_1,0,l
ATM_square_equirectangular/Osdorp_Zuidoost/lon_480719650528332_lat_5235163539923113_radius_1_d0_r/20160812TMX7316010203-000058pano_0000_003871_4.80719276396019_52.3516418053303.jpg,2016,8,12,Osdorp_Zuidoost,0,lon_480719650528332_lat_5235163539923113_radius_1_d0_r,lon_480719650528332_lat_5235163539923113_radius_1,0,r
ATM_square_equirectangular/Osdorp_Zuidoost/lon_480719650528332_lat_5235163539923113_radius_1_d0_r/20180629TMX7316010203-000816pano_0000_002029_4.80718390455697_52.3516323189725.jpg,2018,6,29,Osdorp_Zuidoost,0,lon_480719650528332_lat_5235163539923113_radius_1_d0_r,lon_480719650528332_lat_5235163539923113_radius_1,0,r
ATM_square_equirectangular/Osdorp_Zuidoost/lon_480719650528332_lat_5235163539923113_radius_1_d0_r/20190717TMX7316010203-001316pano_0000_004907_4.80719946104557_52.3516346683838.jpg,2019,7,17,Osdorp_Zuidoost,0,lon_480719650528332_lat_5235163539923113_radius_1_d0_r,lon_480719650528332_lat_5235163539923113_radius_1,0,r
ATM_square_equirectangular/Osdorp_Zuidoost/lon_480719650528332_lat_5235163539923113_radius_1_d0_r/20200507TMX7316010203-001695pano_0000_004020_4.807195326567_52.3516390876999.jpg,2020,5,7,Osdorp_Zuidoost,0,lon_480719650528332_lat_5235163539923113_radius_1_d0_r,lon_480719650528332_lat_5235163539923113_radius_1,0,r
ATM_square_equirectangular/Osdorp_Zuidoost/lon_480719650528332_lat_5235163539923113_radius_1_d0_r/20220413TMX7316010203-002514pano_0000_001221_4.80718682636279_52.351636597528.jpg,2022,4,13,Osdorp_Zuidoost,0,lon_480719650528332_lat_5235163539923113_radius_1_d0_r,lon_480719650528332_lat_5235163539923113_radius_1,0,r
ATM_square_equirectangular/Osdorp_Zuidoost/lon_4807184502363495_lat_52351706650481624_radius_1_d0_b/20180108TMX7316010203-000535pano_0000_000911_4.80719223093501_52.35170516182.jpg,2018,1,8,Osdorp_Zuidoost,0,lon_4807184502363495_lat_52351706650481624_radius_1_d0_b,lon_4807184502363495_lat_52351706650481624_radius_1,0,b
ATM_square_equirectangular/Osdorp_Zuidoost/lon_4807184502363495_lat_52351706650481624_radius_1_d0_b/20190717TMX7316010203-001316pano_0000_004415_4.80718262911653_52.3517097785455.jpg,2019,7,17,Osdorp_Zuidoost,0,lon_4807184502363495_lat_52351706650481624_radius_1_d0_b,lon_4807184502363495_lat_52351706650481624_radius_1,0,b
ATM_square_equirectangular/Osdorp_Zuidoost/lon_4807184502363495_lat_52351706650481624_radius_1_d0_b/20210222TMX7316010203-002022pano_0000_000045_4.80719319400896_52.3517009229439.jpg,2021,2,22,Osdorp_Zuidoost,0,lon_4807184502363495_lat_52351706650481624_radius_1_d0_b,lon_4807184502363495_lat_52351706650481624_radius_1,0,b
ATM_square_equirectangular/Osdorp_Zuidoost/lon_48077630569445935_lat_5235210182730501_radius_1_d0_b/20180108TMX7316010203-000535pano_0000_000855_4.80777134877175_52.3521030407982.jpg,2018,1,8,Osdorp_Zuidoost,0,lon_48077630569445935_lat_5235210182730501_radius_1_d0_b,lon_48077630569445935_lat_5235210182730501_radius_1,0,b
ATM_square_equirectangular/Osdorp_Zuidoost/lon_48077630569445935_lat_5235210182730501_radius_1_d0_b/20180108TMX7316010203-000535pano_0000_000927_4.8077648753098_52.3521028132473.jpg,2018,1,8,Osdorp_Zuidoost,0,lon_48077630569445935_lat_5235210182730501_radius_1_d0_b,lon_48077630569445935_lat_5235210182730501_radius_1,0,b
ATM_square_equirectangular/Osdorp_Zuidoost/lon_48077630569445935_lat_5235210182730501_radius_1_d0_b/20190717TMX7316010203-001316pano_0000_004666_4.80776674761767_52.3520983712161.jpg,2019,7,17,Osdorp_Zuidoost,0,lon_48077630569445935_lat_5235210182730501_radius_1_d0_b,lon_48077630569445935_lat_5235210182730501_radius_1,0,b
ATM_square_equirectangular/Osdorp_Zuidoost/lon_48077630569445935_lat_5235210182730501_radius_1_d0_b/20210222TMX7316010203-002022pano_0000_000062_4.8077540863005_52.3520993829304.jpg,2021,2,22,Osdorp_Zuidoost,0,lon_48077630569445935_lat_5235210182730501_radius_1_d0_b,lon_48077630569445935_lat_5235210182730501_radius_1,0,b
ATM_square_equirectangular/Osdorp_Zuidoost/lon_48077630569445935_lat_5235210182730501_radius_1_d0_b/20220413TMX7316010203-002514pano_0000_001431_4.8077629496247_52.3521003946162.jpg,2022,4,13,Osdorp_Zuidoost,0,lon_48077630569445935_lat_5235210182730501_radius_1_d0_b,lon_48077630569445935_lat_5235210182730501_radius_1,0,b
ATM_square_equirectangular/Osdorp_Zuidoost/lon_4808299827820185_lat_5235194869878901_radius_1_d0_l/20180629TMX7316010203-000816pano_0000_001953_4.80829336194891_52.3519430302984.jpg,2018,6,29,Osdorp_Zuidoost,0,lon_4808299827820185_lat_5235194869878901_radius_1_d0_l,lon_4808299827820185_lat_5235194869878901_radius_1,0,l
ATM_square_equirectangular/Osdorp_Zuidoost/lon_4808299827820185_lat_5235194869878901_radius_1_d0_l/20190102TMX7316010203-001033pano_0010_000035_4.80829418953465_52.3519547157616.jpg,2019,1,2,Osdorp_Zuidoost,0,lon_4808299827820185_lat_5235194869878901_radius_1_d0_l,lon_4808299827820185_lat_5235194869878901_radius_1,0,l
ATM_square_equirectangular/Osdorp_Zuidoost/lon_4808299827820185_lat_5235194869878901_radius_1_d0_l/20190717TMX7316010203-001316pano_0000_004377_4.80829489720687_52.3519511961596.jpg,2019,7,17,Osdorp_Zuidoost,0,lon_4808299827820185_lat_5235194869878901_radius_1_d0_l,lon_4808299827820185_lat_5235194869878901_radius_1,0,l
ATM_square_equirectangular/Osdorp_Zuidoost/lon_4808299827820185_lat_5235194869878901_radius_1_d0_l/20210222TMX7316010203-002022pano_0000_000073_4.80830382899271_52.351945816185.jpg,2021,2,22,Osdorp_Zuidoost,0,lon_4808299827820185_lat_5235194869878901_radius_1_d0_l,lon_4808299827820185_lat_5235194869878901_radius_1,0,l
ATM_square_equirectangular/Osdorp_Zuidoost/lon_4808299827820185_lat_5235194869878901_radius_1_d0_l/20210413TMX7316010203-002089pano_0000_001917_4.80829958413554_52.351954446539.jpg,2021,4,13,Osdorp_Zuidoost,0,lon_4808299827820185_lat_5235194869878901_radius_1_d0_l,lon_4808299827820185_lat_5235194869878901_radius_1,0,l
ATM_square_equirectangular/Haveneiland_Oost/lon_50070086039345725_lat_5234726157746363_radius_1_d0_l/20180517TMX7316010203-000741pano_0000_004154_5.00701696947603_52.3472614798355.jpg,2018,5,17,Haveneiland_Oost,0,lon_50070086039345725_lat_5234726157746363_radius_1_d0_l,lon_50070086039345725_lat_5234726157746363_radius_1,0,l
ATM_square_equirectangular/Haveneiland_Oost/lon_50070086039345725_lat_5234726157746363_radius_1_d0_l/20181217TMX7316010203-001018pano_0001_000085_5.00701140688081_52.3472638265147.jpg,2018,12,17,Haveneiland_Oost,0,lon_50070086039345725_lat_5234726157746363_radius_1_d0_l,lon_50070086039345725_lat_5234726157746363_radius_1,0,l
ATM_square_equirectangular/Haveneiland_Oost/lon_50070086039345725_lat_5234726157746363_radius_1_d0_l/20200910TMX7316010203-001921pano_0001_000481_5.00700276593235_52.3472587373578.jpg,2020,9,10,Haveneiland_Oost,0,lon_50070086039345725_lat_5234726157746363_radius_1_d0_l,lon_50070086039345725_lat_5234726157746363_radius_1,0,l
ATM_square_equirectangular/Haveneiland_Oost/lon_50070086039345725_lat_5234726157746363_radius_1_d0_l/20210601TMX7316010203-002151pano_0000_000252_5.0070032734491_52.3472622661465.jpg,2021,6,1,Haveneiland_Oost,0,lon_50070086039345725_lat_5234726157746363_radius_1_d0_l,lon_50070086039345725_lat_5234726157746363_radius_1,0,l
ATM_square_equirectangular/Polderweggebied/lon_4933534362706126_lat_52357665826753134_radius_1_d0_b/20170330TMX7316010203-000232pano_0000_003819_4.93352781651262_52.3576635759693.jpg,2017,3,30,Polderweggebied,0,lon_4933534362706126_lat_52357665826753134_radius_1_d0_b,lon_4933534362706126_lat_52357665826753134_radius_1,0,b
ATM_square_equirectangular/Polderweggebied/lon_4933534362706126_lat_52357665826753134_radius_1_d0_b/20180525TMX7316010203-000751pano_0000_000362_4.93354143610085_52.3576692372048.jpg,2018,5,25,Polderweggebied,0,lon_4933534362706126_lat_52357665826753134_radius_1_d0_b,lon_4933534362706126_lat_52357665826753134_radius_1,0,b
ATM_square_equirectangular/Polderweggebied/lon_4933534362706126_lat_52357665826753134_radius_1_d0_b/20200429TMX7316010203-001679pano_0000_000530_4.93353383550491_52.3576646670853.jpg,2020,4,29,Polderweggebied,0,lon_4933534362706126_lat_52357665826753134_radius_1_d0_b,lon_4933534362706126_lat_52357665826753134_radius_1,0,b
ATM_square_equirectangular/Medisch_Centrum_Slotervaart/lon_48274112067379225_lat_52348048356086196_radius_1_d0_r/20180622TMX7316010203-000803pano_0001_002472_4.82741272265714_52.3480470629651.jpg,2018,6,22,Medisch_Centrum_Slotervaart,0,lon_48274112067379225_lat_52348048356086196_radius_1_d0_r,lon_48274112067379225_lat_52348048356086196_radius_1,0,r
ATM_square_equirectangular/Medisch_Centrum_Slotervaart/lon_48274112067379225_lat_52348048356086196_radius_1_d0_r/20190117TMX7316010203-001060pano_0008_000129_4.82741113437771_52.3480428953494.jpg,2019,1,17,Medisch_Centrum_Slotervaart,0,lon_48274112067379225_lat_52348048356086196_radius_1_d0_r,lon_48274112067379225_lat_52348048356086196_radius_1,0,r
ATM_square_equirectangular/Medisch_Centrum_Slotervaart/lon_48274112067379225_lat_52348048356086196_radius_1_d0_r/20190711TMX7316010203-001305pano_0000_005816_4.8274158040513_52.3480501410336.jpg,2019,7,11,Medisch_Centrum_Slotervaart,0,lon_48274112067379225_lat_52348048356086196_radius_1_d0_r,lon_48274112067379225_lat_52348048356086196_radius_1,0,r
ATM_square_equirectangular/Medisch_Centrum_Slotervaart/lon_48274112067379225_lat_52348048356086196_radius_1_d0_r/20200211TMX7316010203-001635pano_0003_000925_4.82741033136444_52.3480485684553.jpg,2020,2,11,Medisch_Centrum_Slotervaart,0,lon_48274112067379225_lat_52348048356086196_radius_1_d0_r,lon_48274112067379225_lat_52348048356086196_radius_1,0,r
ATM_square_equirectangular/Medisch_Centrum_Slotervaart/lon_48274112067379225_lat_52348048356086196_radius_1_d0_r/20200813TMX7316010203-001873pano_0000_000016_4.82741469931161_52.3480566819781.jpg,2020,8,13,Medisch_Centrum_Slotervaart,0,lon_48274112067379225_lat_52348048356086196_radius_1_d0_r,lon_48274112067379225_lat_52348048356086196_radius_1,0,r
ATM_square_equirectangular/Medisch_Centrum_Slotervaart/lon_48274112067379225_lat_52348048356086196_radius_1_d0_r/20220629TMX7316010203-002649pano_0003_000328_4.82740979919585_52.3480459103706.jpg,2022,6,29,Medisch_Centrum_Slotervaart,0,lon_48274112067379225_lat_52348048356086196_radius_1_d0_r,lon_48274112067379225_lat_52348048356086196_radius_1,0,r
ATM_square_equirectangular/Medisch_Centrum_Slotervaart/lon_4827409782405099_lat_5234812665912173_radius_1_d0_l/20180622TMX7316010203-000803pano_0001_002470_4.82741003782855_52.3481326772896.jpg,2018,6,22,Medisch_Centrum_Slotervaart,0,lon_4827409782405099_lat_5234812665912173_radius_1_d0_l,lon_4827409782405099_lat_5234812665912173_radius_1,0,l
ATM_square_equirectangular/Medisch_Centrum_Slotervaart/lon_4827409782405099_lat_5234812665912173_radius_1_d0_l/20190117TMX7316010203-001060pano_0008_000127_4.82740812408345_52.3481334668725.jpg,2019,1,17,Medisch_Centrum_Slotervaart,0,lon_4827409782405099_lat_5234812665912173_radius_1_d0_l,lon_4827409782405099_lat_5234812665912173_radius_1,0,l
ATM_square_equirectangular/Medisch_Centrum_Slotervaart/lon_4827409782405099_lat_5234812665912173_radius_1_d0_l/20200506TMX7316010203-001690pano_0000_000771_4.82740700014952_52.348121250066.jpg,2020,5,6,Medisch_Centrum_Slotervaart,0,lon_4827409782405099_lat_5234812665912173_radius_1_d0_l,lon_4827409782405099_lat_5234812665912173_radius_1,0,l
ATM_square_equirectangular/Medisch_Centrum_Slotervaart/lon_4827409782405099_lat_5234812665912173_radius_1_d0_l/20200827TMX7316010203-001894pano_0000_000415_4.82740858307491_52.3481278062863.jpg,2020,8,27,Medisch_Centrum_Slotervaart,0,lon_4827409782405099_lat_5234812665912173_radius_1_d0_l,lon_4827409782405099_lat_5234812665912173_radius_1,0,l
ATM_square_equirectangular/Medisch_Centrum_Slotervaart/lon_4827409782405099_lat_5234812665912173_radius_1_d0_l/20220629TMX7316010203-002649pano_0003_000326_4.82740785485322_52.3481354904371.jpg,2022,6,29,Medisch_Centrum_Slotervaart,0,lon_4827409782405099_lat_5234812665912173_radius_1_d0_l,lon_4827409782405099_lat_5234812665912173_radius_1,0,l
ATM_square_equirectangular/Staalmanpleinbuurt/lon_4829411174797565_lat_5234822441372715_radius_1_d0_b/20180108TMX7316010203-000535pano_0000_003734_4.82941807606527_52.348228450685.jpg,2018,1,8,Staalmanpleinbuurt,0,lon_4829411174797565_lat_5234822441372715_radius_1_d0_b,lon_4829411174797565_lat_5234822441372715_radius_1,0,b
ATM_square_equirectangular/Staalmanpleinbuurt/lon_4829411174797565_lat_5234822441372715_radius_1_d0_b/20180622TMX7316010203-000804pano_0000_000291_4.82940514806033_52.3482254221088.jpg,2018,6,22,Staalmanpleinbuurt,0,lon_4829411174797565_lat_5234822441372715_radius_1_d0_b,lon_4829411174797565_lat_5234822441372715_radius_1,0,b
ATM_square_equirectangular/Staalmanpleinbuurt/lon_4829411174797565_lat_5234822441372715_radius_1_d0_b/20220411TMX7316010203-002502pano_0000_000750_4.82941209253496_52.3482323263798.jpg,2022,4,11,Staalmanpleinbuurt,0,lon_4829411174797565_lat_5234822441372715_radius_1_d0_b,lon_4829411174797565_lat_5234822441372715_radius_1,0,b
ATM_square_equirectangular/Staalmanpleinbuurt/lon_4828516802151865_lat_52346901876854496_radius_1_d0_b/20190718TMX7316010203-001318pano_0000_000545_4.82852036751745_52.3469029779834.jpg,2019,7,18,Staalmanpleinbuurt,0,lon_4828516802151865_lat_52346901876854496_radius_1_d0_b,lon_4828516802151865_lat_52346901876854496_radius_1,0,b
ATM_square_equirectangular/Staalmanpleinbuurt/lon_4828516802151865_lat_52346901876854496_radius_1_d0_b/20210226TMX7316010203-002030pano_0003_000668_4.82852003693942_52.3469007170115.jpg,2021,2,26,Staalmanpleinbuurt,0,lon_4828516802151865_lat_52346901876854496_radius_1_d0_b,lon_4828516802151865_lat_52346901876854496_radius_1,0,b
ATM_square_equirectangular/Staalmanpleinbuurt/lon_4828516802151865_lat_52346901876854496_radius_1_d0_b/20210413TMX7316010203-002087pano_0000_003490_4.82851880648168_52.3468971781278.jpg,2021,4,13,Staalmanpleinbuurt,0,lon_4828516802151865_lat_52346901876854496_radius_1_d0_b,lon_4828516802151865_lat_52346901876854496_radius_1,0,b
ATM_square_equirectangular/Staalmanpleinbuurt/lon_4828516802151865_lat_52346901876854496_radius_1_d0_b/20220106TMX7316010203-002392pano_0003_000077_4.82850799766891_52.3469066342953.jpg,2022,1,6,Staalmanpleinbuurt,0,lon_4828516802151865_lat_52346901876854496_radius_1_d0_b,lon_4828516802151865_lat_52346901876854496_radius_1,0,b
ATM_square_equirectangular/Staalmanpleinbuurt/lon_4828516802151865_lat_52346901876854496_radius_1_d0_b/20220322TMX7316010203-002467pano_0000_001399_4.8285240533609_52.3469034111462.jpg,2022,3,22,Staalmanpleinbuurt,0,lon_4828516802151865_lat_52346901876854496_radius_1_d0_b,lon_4828516802151865_lat_52346901876854496_radius_1,0,b
ATM_square_equirectangular/Staalmanpleinbuurt/lon_4829480449758913_lat_523469093241571_radius_1_d0_r/20190718TMX7316010203-001318pano_0000_000532_4.82948073001002_52.3469109844175.jpg,2019,7,18,Staalmanpleinbuurt,0,lon_4829480449758913_lat_523469093241571_radius_1_d0_r,lon_4829480449758913_lat_523469093241571_radius_1,0,r
ATM_square_equirectangular/Staalmanpleinbuurt/lon_4829480449758913_lat_523469093241571_radius_1_d0_r/20210226TMX7316010203-002030pano_0003_000655_4.82948717402722_52.3469075242097.jpg,2021,2,26,Staalmanpleinbuurt,0,lon_4829480449758913_lat_523469093241571_radius_1_d0_r,lon_4829480449758913_lat_523469093241571_radius_1,0,r
ATM_square_equirectangular/Staalmanpleinbuurt/lon_4829480449758913_lat_523469093241571_radius_1_d0_r/20210413TMX7316010203-002087pano_0000_003477_4.82948384708538_52.346906272027.jpg,2021,4,13,Staalmanpleinbuurt,0,lon_4829480449758913_lat_523469093241571_radius_1_d0_r,lon_4829480449758913_lat_523469093241571_radius_1,0,r
ATM_square_equirectangular/Staalmanpleinbuurt/lon_4829480449758913_lat_523469093241571_radius_1_d0_r/20220106TMX7316010203-002392pano_0003_000064_4.82947004791303_52.3469125159742.jpg,2022,1,6,Staalmanpleinbuurt,0,lon_4829480449758913_lat_523469093241571_radius_1_d0_r,lon_4829480449758913_lat_523469093241571_radius_1,0,r
ATM_square_equirectangular/Staalmanpleinbuurt/lon_4829480449758913_lat_523469093241571_radius_1_d0_r/20220322TMX7316010203-002467pano_0000_001386_4.82948540540504_52.3469125170687.jpg,2022,3,22,Staalmanpleinbuurt,0,lon_4829480449758913_lat_523469093241571_radius_1_d0_r,lon_4829480449758913_lat_523469093241571_radius_1,0,r
ATM_square_equirectangular/Staalmanpleinbuurt/lon_4829480449758913_lat_523469093241571_radius_1_d0_r/20220411TMX7316010203-002502pano_0001_000044_4.82947336031426_52.346912498373.jpg,2022,4,11,Staalmanpleinbuurt,0,lon_4829480449758913_lat_523469093241571_radius_1_d0_r,lon_4829480449758913_lat_523469093241571_radius_1,0,r
ATM_square_equirectangular/Staalmanpleinbuurt/lon_4831499480392563_lat_52348239943466005_radius_1_d0_b/20180108TMX7316010203-000535pano_0000_003956_4.83150338663415_52.3482371116528.jpg,2018,1,8,Staalmanpleinbuurt,0,lon_4831499480392563_lat_52348239943466005_radius_1_d0_b,lon_4831499480392563_lat_52348239943466005_radius_1,0,b
ATM_square_equirectangular/Staalmanpleinbuurt/lon_4831499480392563_lat_52348239943466005_radius_1_d0_b/20180622TMX7316010203-000804pano_0000_000507_4.83149648411135_52.348243282966.jpg,2018,6,22,Staalmanpleinbuurt,0,lon_4831499480392563_lat_52348239943466005_radius_1_d0_b,lon_4831499480392563_lat_52348239943466005_radius_1,0,b
ATM_square_equirectangular/Staalmanpleinbuurt/lon_4831499480392563_lat_52348239943466005_radius_1_d0_b/20210709TMX7316010203-002226pano_0000_000035_4.83149857043219_52.3482394357792.jpg,2021,7,9,Staalmanpleinbuurt,0,lon_4831499480392563_lat_52348239943466005_radius_1_d0_b,lon_4831499480392563_lat_52348239943466005_radius_1,0,b
ATM_square_equirectangular/Staalmanpleinbuurt/lon_483158799710086_lat_523469120099002_radius_1_d0_b/20180626TMX7316010203-000808pano_0000_000293_4.83159131019624_52.346913774936.jpg,2018,6,26,Staalmanpleinbuurt,0,lon_483158799710086_lat_523469120099002_radius_1_d0_b,lon_483158799710086_lat_523469120099002_radius_1,0,b
ATM_square_equirectangular/Staalmanpleinbuurt/lon_483158799710086_lat_523469120099002_radius_1_d0_b/20190712TMX7316010203-001308pano_0000_000490_4.8315891490074_52.3469148139235.jpg,2019,7,12,Staalmanpleinbuurt,0,lon_483158799710086_lat_523469120099002_radius_1_d0_b,lon_483158799710086_lat_523469120099002_radius_1,0,b
ATM_square_equirectangular/Staalmanpleinbuurt/lon_483158799710086_lat_523469120099002_radius_1_d0_b/20200506TMX7316010203-001691pano_0001_000781_4.83158353209894_52.3469074408411.jpg,2020,5,6,Staalmanpleinbuurt,0,lon_483158799710086_lat_523469120099002_radius_1_d0_b,lon_483158799710086_lat_523469120099002_radius_1,0,b
ATM_square_equirectangular/Staalmanpleinbuurt/lon_483158799710086_lat_523469120099002_radius_1_d0_b/20220629TMX7316010203-002649pano_0001_000422_4.83159573649115_52.3469090674693.jpg,2022,6,29,Staalmanpleinbuurt,0,lon_483158799710086_lat_523469120099002_radius_1_d0_b,lon_483158799710086_lat_523469120099002_radius_1,0,b
ATM_square_equirectangular/Staalmanpleinbuurt/lon_4830812172926666_lat_5234692865031674_radius_1_d0_f/20180622TMX7316010203-000804pano_0000_000601_4.83081440891471_52.3469318338968.jpg,2018,6,22,Staalmanpleinbuurt,0,lon_4830812172926666_lat_5234692865031674_radius_1_d0_f,lon_4830812172926666_lat_5234692865031674_radius_1,0,f
ATM_square_equirectangular/Staalmanpleinbuurt/lon_4830812172926666_lat_5234692865031674_radius_1_d0_f/20190718TMX7316010203-001318pano_0000_000514_4.83080920241207_52.3469279173088.jpg,2019,7,18,Staalmanpleinbuurt,0,lon_4830812172926666_lat_5234692865031674_radius_1_d0_f,lon_4830812172926666_lat_5234692865031674_radius_1,0,f
ATM_square_equirectangular/Staalmanpleinbuurt/lon_4830812172926666_lat_5234692865031674_radius_1_d0_f/20210226TMX7316010203-002030pano_0003_000637_4.83081842851383_52.3469311697528.jpg,2021,2,26,Staalmanpleinbuurt,0,lon_4830812172926666_lat_5234692865031674_radius_1_d0_f,lon_4830812172926666_lat_5234692865031674_radius_1,0,f
ATM_square_equirectangular/Staalmanpleinbuurt/lon_4830812172926666_lat_5234692865031674_radius_1_d0_f/20210413TMX7316010203-002087pano_0000_003459_4.83081716676417_52.3469220673735.jpg,2021,4,13,Staalmanpleinbuurt,0,lon_4830812172926666_lat_5234692865031674_radius_1_d0_f,lon_4830812172926666_lat_5234692865031674_radius_1,0,f
ATM_square_equirectangular/Staalmanpleinbuurt/lon_4830812172926666_lat_5234692865031674_radius_1_d0_f/20220106TMX7316010203-002392pano_0003_000046_4.83080165802855_52.3469302632518.jpg,2022,1,6,Staalmanpleinbuurt,0,lon_4830812172926666_lat_5234692865031674_radius_1_d0_f,lon_4830812172926666_lat_5234692865031674_radius_1,0,f
ATM_square_equirectangular/Staalmanpleinbuurt/lon_4830812172926666_lat_5234692865031674_radius_1_d0_f/20220322TMX7316010203-002467pano_0000_001368_4.83081668219978_52.3469268366312.jpg,2022,3,22,Staalmanpleinbuurt,0,lon_4830812172926666_lat_5234692865031674_radius_1_d0_f,lon_4830812172926666_lat_5234692865031674_radius_1,0,f
ATM_square_equirectangular/Staalmanpleinbuurt/lon_4830812172926666_lat_5234692865031674_radius_1_d0_f/20220411TMX7316010203-002502pano_0001_000026_4.83081976443492_52.3469275643049.jpg,2022,4,11,Staalmanpleinbuurt,0,lon_4830812172926666_lat_5234692865031674_radius_1_d0_f,lon_4830812172926666_lat_5234692865031674_radius_1,0,f
ATM_square_equirectangular/Staalmanpleinbuurt/lon_4830812172926666_lat_5234692865031674_radius_1_d0_b/20180622TMX7316010203-000804pano_0000_000601_4.83081440891471_52.3469318338968.jpg,2018,6,22,Staalmanpleinbuurt,0,lon_4830812172926666_lat_5234692865031674_radius_1_d0_b,lon_4830812172926666_lat_5234692865031674_radius_1,0,b
ATM_square_equirectangular/Staalmanpleinbuurt/lon_4830812172926666_lat_5234692865031674_radius_1_d0_b/20190718TMX7316010203-001318pano_0000_000514_4.83080920241207_52.3469279173088.jpg,2019,7,18,Staalmanpleinbuurt,0,lon_4830812172926666_lat_5234692865031674_radius_1_d0_b,lon_4830812172926666_lat_5234692865031674_radius_1,0,b
ATM_square_equirectangular/Staalmanpleinbuurt/lon_4830812172926666_lat_5234692865031674_radius_1_d0_b/20210226TMX7316010203-002030pano_0003_000637_4.83081842851383_52.3469311697528.jpg,2021,2,26,Staalmanpleinbuurt,0,lon_4830812172926666_lat_5234692865031674_radius_1_d0_b,lon_4830812172926666_lat_5234692865031674_radius_1,0,b
ATM_square_equirectangular/Staalmanpleinbuurt/lon_4830812172926666_lat_5234692865031674_radius_1_d0_b/20210413TMX7316010203-002087pano_0000_003459_4.83081716676417_52.3469220673735.jpg,2021,4,13,Staalmanpleinbuurt,0,lon_4830812172926666_lat_5234692865031674_radius_1_d0_b,lon_4830812172926666_lat_5234692865031674_radius_1,0,b
ATM_square_equirectangular/Staalmanpleinbuurt/lon_4830812172926666_lat_5234692865031674_radius_1_d0_b/20220106TMX7316010203-002392pano_0003_000046_4.83080165802855_52.3469302632518.jpg,2022,1,6,Staalmanpleinbuurt,0,lon_4830812172926666_lat_5234692865031674_radius_1_d0_b,lon_4830812172926666_lat_5234692865031674_radius_1,0,b
ATM_square_equirectangular/Staalmanpleinbuurt/lon_4830812172926666_lat_5234692865031674_radius_1_d0_b/20220322TMX7316010203-002467pano_0000_001368_4.83081668219978_52.3469268366312.jpg,2022,3,22,Staalmanpleinbuurt,0,lon_4830812172926666_lat_5234692865031674_radius_1_d0_b,lon_4830812172926666_lat_5234692865031674_radius_1,0,b
ATM_square_equirectangular/Staalmanpleinbuurt/lon_4830812172926666_lat_5234692865031674_radius_1_d0_b/20220411TMX7316010203-002502pano_0001_000026_4.83081976443492_52.3469275643049.jpg,2022,4,11,Staalmanpleinbuurt,0,lon_4830812172926666_lat_5234692865031674_radius_1_d0_b,lon_4830812172926666_lat_5234692865031674_radius_1,0,b
ATM_square_equirectangular/Veluwebuurt/lon_4895795470036366_lat_52338313780916074_radius_1_d0_b/20171220TMX7316010203-000521pano_0001_000563_4.89578949473951_52.338311774404.jpg,2017,12,20,Veluwebuurt,0,lon_4895795470036366_lat_52338313780916074_radius_1_d0_b,lon_4895795470036366_lat_52338313780916074_radius_1,0,b
ATM_square_equirectangular/Veluwebuurt/lon_4895795470036366_lat_52338313780916074_radius_1_d0_b/20171220TMX7316010203-000521pano_0001_000593_4.89578519846306_52.3383083486288.jpg,2017,12,20,Veluwebuurt,0,lon_4895795470036366_lat_52338313780916074_radius_1_d0_b,lon_4895795470036366_lat_52338313780916074_radius_1,0,b
ATM_square_equirectangular/Veluwebuurt/lon_4895795470036366_lat_52338313780916074_radius_1_d0_b/20180605TMX7316010203-000774pano_0000_002292_4.89580389171378_52.3383169185837.jpg,2018,6,5,Veluwebuurt,0,lon_4895795470036366_lat_52338313780916074_radius_1_d0_b,lon_4895795470036366_lat_52338313780916074_radius_1,0,b
ATM_square_equirectangular/Veluwebuurt/lon_4895795470036366_lat_52338313780916074_radius_1_d0_b/20190103TMX7316010203-001034pano_0000_002839_4.89580294259254_52.3383161863972.jpg,2019,1,3,Veluwebuurt,0,lon_4895795470036366_lat_52338313780916074_radius_1_d0_b,lon_4895795470036366_lat_52338313780916074_radius_1,0,b
ATM_square_equirectangular/Veluwebuurt/lon_4895795470036366_lat_52338313780916074_radius_1_d0_b/20200901TMX7316010203-001902pano_0000_000807_4.89579398650902_52.3383171022708.jpg,2020,9,1,Veluwebuurt,0,lon_4895795470036366_lat_52338313780916074_radius_1_d0_b,lon_4895795470036366_lat_52338313780916074_radius_1,0,b
ATM_square_equirectangular/Veluwebuurt/lon_4895795470036366_lat_52338313780916074_radius_1_d0_b/20200917TMX7316060226-000507pano_0000_000263_4.89578987202156_52.3383116761572.jpg,2020,9,17,Veluwebuurt,0,lon_4895795470036366_lat_52338313780916074_radius_1_d0_b,lon_4895795470036366_lat_52338313780916074_radius_1,0,b
ATM_square_equirectangular/Veluwebuurt/lon_4895795470036366_lat_52338313780916074_radius_1_d0_b/20220110TMX7316010203-002408pano_0002_000023_4.89580290421509_52.3383144599708.jpg,2022,1,10,Veluwebuurt,0,lon_4895795470036366_lat_52338313780916074_radius_1_d0_b,lon_4895795470036366_lat_52338313780916074_radius_1,0,b
ATM_square_equirectangular/Veluwebuurt/lon_4896671578075353_lat_523382679318303_radius_1_d0_b/20171220TMX7316010203-000521pano_0001_000575_4.89667157161478_52.3382668959865.jpg,2017,12,20,Veluwebuurt,0,lon_4896671578075353_lat_523382679318303_radius_1_d0_b,lon_4896671578075353_lat_523382679318303_radius_1,0,b
ATM_square_equirectangular/Veluwebuurt/lon_4896671578075353_lat_523382679318303_radius_1_d0_b/20171220TMX7316010203-000521pano_0001_000581_4.89665846279341_52.3382685581209.jpg,2017,12,20,Veluwebuurt,0,lon_4896671578075353_lat_523382679318303_radius_1_d0_b,lon_4896671578075353_lat_523382679318303_radius_1,0,b
ATM_square_equirectangular/Veluwebuurt/lon_4896671578075353_lat_523382679318303_radius_1_d0_b/20190509TMX7316010203-001173pano_0000_000242_4.89668292186959_52.3382688761844.jpg,2019,5,9,Veluwebuurt,0,lon_4896671578075353_lat_523382679318303_radius_1_d0_b,lon_4896671578075353_lat_523382679318303_radius_1,0,b
ATM_square_equirectangular/Veluwebuurt/lon_4896671578075353_lat_523382679318303_radius_1_d0_b/20200901TMX7316010203-001902pano_0000_000795_4.89667677901239_52.3382741765857.jpg,2020,9,1,Veluwebuurt,0,lon_4896671578075353_lat_523382679318303_radius_1_d0_b,lon_4896671578075353_lat_523382679318303_radius_1,0,b
ATM_square_equirectangular/Veluwebuurt/lon_4896671578075353_lat_523382679318303_radius_1_d0_b/20200917TMX7316060226-000507pano_0000_000275_4.89666074143913_52.3382696600865.jpg,2020,9,17,Veluwebuurt,0,lon_4896671578075353_lat_523382679318303_radius_1_d0_b,lon_4896671578075353_lat_523382679318303_radius_1,0,b
ATM_square_equirectangular/Oostenburg/lon_4923122547814139_lat_523694886378046_radius_1_d0_l/20190521TMX7316010203-001195pano_0001_000248_4.92311546170886_52.3694900040324.jpg,2019,5,21,Oostenburg,0,lon_4923122547814139_lat_523694886378046_radius_1_d0_l,lon_4923122547814139_lat_523694886378046_radius_1,0,l
ATM_square_equirectangular/Oostenburg/lon_4923122547814139_lat_523694886378046_radius_1_d0_l/20200218TMX7316010203-001655pano_0001_000046_4.92313024690145_52.3694863756267.jpg,2020,2,18,Oostenburg,0,lon_4923122547814139_lat_523694886378046_radius_1_d0_l,lon_4923122547814139_lat_523694886378046_radius_1,0,l
ATM_square_equirectangular/Oostenburg/lon_4923122547814139_lat_523694886378046_radius_1_d0_l/20200422TMX7316010203-001669pano_0000_002733_4.92312193483211_52.3694895337547.jpg,2020,4,22,Oostenburg,0,lon_4923122547814139_lat_523694886378046_radius_1_d0_l,lon_4923122547814139_lat_523694886378046_radius_1,0,l
ATM_square_equirectangular/Haveneiland_Oost/lon_50091952908541835_lat_5234608933894833_radius_1_d0_r/20180517TMX7316010203-000741pano_0000_003950_5.00920122301379_52.3460892997562.jpg,2018,5,17,Haveneiland_Oost,0,lon_50091952908541835_lat_5234608933894833_radius_1_d0_r,lon_50091952908541835_lat_5234608933894833_radius_1,0,r
ATM_square_equirectangular/Haveneiland_Oost/lon_50091952908541835_lat_5234608933894833_radius_1_d0_r/20181217TMX7316010203-001018pano_0001_000248_5.00919025398998_52.3460866841893.jpg,2018,12,17,Haveneiland_Oost,0,lon_50091952908541835_lat_5234608933894833_radius_1_d0_r,lon_50091952908541835_lat_5234608933894833_radius_1,0,r
ATM_square_equirectangular/Haveneiland_Oost/lon_50091952908541835_lat_5234608933894833_radius_1_d0_r/20220117TMX7316010203-002419pano_0013_000087_5.00919439555878_52.3460920328995.jpg,2022,1,17,Haveneiland_Oost,0,lon_50091952908541835_lat_5234608933894833_radius_1_d0_r,lon_50091952908541835_lat_5234608933894833_radius_1,0,r
ATM_square_equirectangular/Haveneiland_Oost/lon_5008451719205345_lat_523462705483619_radius_1_d0_l/20181217TMX7316010203-001018pano_0001_000131_5.00844939105898_52.346273282237.jpg,2018,12,17,Haveneiland_Oost,0,lon_5008451719205345_lat_523462705483619_radius_1_d0_l,lon_5008451719205345_lat_523462705483619_radius_1,0,l
ATM_square_equirectangular/Haveneiland_Oost/lon_5008451719205345_lat_523462705483619_radius_1_d0_l/20181217TMX7316010203-001018pano_0001_000235_5.00845599015123_52.3462661582413.jpg,2018,12,17,Haveneiland_Oost,0,lon_5008451719205345_lat_523462705483619_radius_1_d0_l,lon_5008451719205345_lat_523462705483619_radius_1,0,l
ATM_square_equirectangular/Haveneiland_Oost/lon_5008451719205345_lat_523462705483619_radius_1_d0_l/20210915TMX7316010203-002311pano_0004_000510_5.00844178322832_52.3462729265047.jpg,2021,9,15,Haveneiland_Oost,0,lon_5008451719205345_lat_523462705483619_radius_1_d0_l,lon_5008451719205345_lat_523462705483619_radius_1,0,l
ATM_square_equirectangular/Haveneiland_Oost/lon_5008451719205345_lat_523462705483619_radius_1_d0_l/20220117TMX7316010203-002419pano_0013_000120_5.00845322485582_52.3462680992029.jpg,2022,1,17,Haveneiland_Oost,0,lon_5008451719205345_lat_523462705483619_radius_1_d0_l,lon_5008451719205345_lat_523462705483619_radius_1,0,l
ATM_square_equirectangular/Haveneiland_Oost/lon_5008451719205345_lat_523462705483619_radius_1_d0_l/20221228TMX7316010203-002898pano_0012_000058_5.00845782177486_52.3462632801087.jpg,2022,12,28,Haveneiland_Oost,0,lon_5008451719205345_lat_523462705483619_radius_1_d0_l,lon_5008451719205345_lat_523462705483619_radius_1,0,l
ATM_square_equirectangular/Steigereiland_West/lon_4979217168627743_lat_5236029446984873_radius_1_d0_r/20180518TMX7316010203-000743pano_0000_005932_4.9792089323639_52.3602937056827.jpg,2018,5,18,Steigereiland_West,0,lon_4979217168627743_lat_5236029446984873_radius_1_d0_r,lon_4979217168627743_lat_5236029446984873_radius_1,0,r
ATM_square_equirectangular/Steigereiland_West/lon_4979217168627743_lat_5236029446984873_radius_1_d0_r/20200624TMX7316010203-001764pano_0001_001356_4.97922132930062_52.3602912016431.jpg,2020,6,24,Steigereiland_West,0,lon_4979217168627743_lat_5236029446984873_radius_1_d0_r,lon_4979217168627743_lat_5236029446984873_radius_1,0,r
ATM_square_equirectangular/Steigereiland_West/lon_4979217168627743_lat_5236029446984873_radius_1_d0_r/20210601TMX7316010203-002149pano_0001_000916_4.97922124421871_52.3602985022204.jpg,2021,6,1,Steigereiland_West,0,lon_4979217168627743_lat_5236029446984873_radius_1_d0_r,lon_4979217168627743_lat_5236029446984873_radius_1,0,r
ATM_square_equirectangular/Steigereiland_West/lon_4979217168627743_lat_5236029446984873_radius_1_d0_r/20220517TMX7316010203-002581pano_0000_000786_4.97921178739907_52.3602882431696.jpg,2022,5,17,Steigereiland_West,0,lon_4979217168627743_lat_5236029446984873_radius_1_d0_r,lon_4979217168627743_lat_5236029446984873_radius_1,0,r
ATM_square_equirectangular/Zuidwestkadrant_Indische_buurt/lon_4938237097787549_lat_523587596715028_radius_1_d0_b/20190523TMX7316010203-001205pano_0001_002073_4.93823734812951_52.3587599182191.jpg,2019,5,23,Zuidwestkadrant_Indische_buurt,0,lon_4938237097787549_lat_523587596715028_radius_1_d0_b,lon_4938237097787549_lat_523587596715028_radius_1,0,b
ATM_square_equirectangular/Zuidwestkadrant_Indische_buurt/lon_4938237097787549_lat_523587596715028_radius_1_d0_b/20200507TMX7316010203-001693pano_0000_004341_4.93824009798726_52.35875099661.jpg,2020,5,7,Zuidwestkadrant_Indische_buurt,0,lon_4938237097787549_lat_523587596715028_radius_1_d0_b,lon_4938237097787549_lat_523587596715028_radius_1,0,b
ATM_square_equirectangular/Zuidwestkadrant_Indische_buurt/lon_4938237097787549_lat_523587596715028_radius_1_d0_b/20200908TMX7316010203-001910pano_0000_001136_4.93823522705715_52.3587661180741.jpg,2020,9,8,Zuidwestkadrant_Indische_buurt,0,lon_4938237097787549_lat_523587596715028_radius_1_d0_b,lon_4938237097787549_lat_523587596715028_radius_1,0,b
ATM_square_equirectangular/Zuidwestkadrant_Indische_buurt/lon_4938237097787549_lat_523587596715028_radius_1_d0_b/20210528TMX7316010203-002140pano_0000_002940_4.93824386814461_52.3587592809752.jpg,2021,5,28,Zuidwestkadrant_Indische_buurt,0,lon_4938237097787549_lat_523587596715028_radius_1_d0_b,lon_4938237097787549_lat_523587596715028_radius_1,0,b
ATM_square_equirectangular/Zuidwestkadrant_Indische_buurt/lon_493826551666502_lat_523588093720758_radius_1_d0_f/20170404TMX7316010203-000242pano_0000_004268_4.93827175883249_52.35881359381.jpg,2017,4,4,Zuidwestkadrant_Indische_buurt,0,lon_493826551666502_lat_523588093720758_radius_1_d0_f,lon_493826551666502_lat_523588093720758_radius_1,0,f
ATM_square_equirectangular/Zuidwestkadrant_Indische_buurt/lon_493826551666502_lat_523588093720758_radius_1_d0_f/20180524TMX7316010203-000748pano_0000_002146_4.93826118575253_52.3588056030247.jpg,2018,5,24,Zuidwestkadrant_Indische_buurt,0,lon_493826551666502_lat_523588093720758_radius_1_d0_f,lon_493826551666502_lat_523588093720758_radius_1,0,f
ATM_square_equirectangular/Zuidwestkadrant_Indische_buurt/lon_493826551666502_lat_523588093720758_radius_1_d0_f/20190523TMX7316010203-001205pano_0001_001303_4.93826456085474_52.3588099819491.jpg,2019,5,23,Zuidwestkadrant_Indische_buurt,0,lon_493826551666502_lat_523588093720758_radius_1_d0_f,lon_493826551666502_lat_523588093720758_radius_1,0,f
ATM_square_equirectangular/Zuidwestkadrant_Indische_buurt/lon_493826551666502_lat_523588093720758_radius_1_d0_f/20200908TMX7316010203-001910pano_0000_001137_4.93826456122032_52.3588083095194.jpg,2020,9,8,Zuidwestkadrant_Indische_buurt,0,lon_493826551666502_lat_523588093720758_radius_1_d0_f,lon_493826551666502_lat_523588093720758_radius_1,0,f
ATM_square_equirectangular/Zuidwestkadrant_Indische_buurt/lon_493826551666502_lat_523588093720758_radius_1_d0_f/20220831TMX7316010203-002778pano_0000_000455_4.93827033098533_52.358807089593.jpg,2022,8,31,Zuidwestkadrant_Indische_buurt,0,lon_493826551666502_lat_523588093720758_radius_1_d0_f,lon_493826551666502_lat_523588093720758_radius_1,0,f
ATM_square_equirectangular/Buurt_2/lon_4826502237261032_lat_5237984756067733_radius_1_d0_r/20160818TMX7316010203-000079pano_0009_000044_4.82650712070574_52.3798479640238.jpg,2016,8,18,Buurt_2,0,lon_4826502237261032_lat_5237984756067733_radius_1_d0_r,lon_4826502237261032_lat_5237984756067733_radius_1,0,r
ATM_square_equirectangular/Buurt_2/lon_4826502237261032_lat_5237984756067733_radius_1_d0_r/20180706TMX7316010203-000829pano_0000_002658_4.82649371069221_52.3798519831139.jpg,2018,7,6,Buurt_2,0,lon_4826502237261032_lat_5237984756067733_radius_1_d0_r,lon_4826502237261032_lat_5237984756067733_radius_1,0,r
ATM_square_equirectangular/Buurt_2/lon_4826502237261032_lat_5237984756067733_radius_1_d0_r/20210329TMX7316010203-002069pano_0000_000769_4.82650458888983_52.3798410707397.jpg,2021,3,29,Buurt_2,0,lon_4826502237261032_lat_5237984756067733_radius_1_d0_r,lon_4826502237261032_lat_5237984756067733_radius_1,0,r
ATM_square_equirectangular/Buurt_2/lon_4826502237261032_lat_5237984756067733_radius_1_d0_r/20210331TMX7316010203-002073pano_0000_005745_4.82650352875635_52.3798492248319.jpg,2021,3,31,Buurt_2,0,lon_4826502237261032_lat_5237984756067733_radius_1_d0_r,lon_4826502237261032_lat_5237984756067733_radius_1,0,r
ATM_square_equirectangular/Buurt_2/lon_4826502237261032_lat_5237984756067733_radius_1_d0_r/20220419TMX7316010203-002523pano_0001_000496_4.82651317561064_52.3798527544595.jpg,2022,4,19,Buurt_2,0,lon_4826502237261032_lat_5237984756067733_radius_1_d0_r,lon_4826502237261032_lat_5237984756067733_radius_1,0,r
ATM_square_equirectangular/Haveneiland_Oost/lon_50082438456678995_lat_52346377215299775_radius_1_d0_b/20181217TMX7316010203-001018pano_0001_000231_5.00823945853629_52.3463808752653.jpg,2018,12,17,Haveneiland_Oost,0,lon_50082438456678995_lat_52346377215299775_radius_1_d0_b,lon_50082438456678995_lat_52346377215299775_radius_1,0,b
ATM_square_equirectangular/Haveneiland_Oost/lon_50082438456678995_lat_52346377215299775_radius_1_d0_b/20200203TMX7316010203-001617pano_0006_000013_5.00824738084333_52.3463722725565.jpg,2020,2,3,Haveneiland_Oost,0,lon_50082438456678995_lat_52346377215299775_radius_1_d0_b,lon_50082438456678995_lat_52346377215299775_radius_1,0,b
ATM_square_equirectangular/Haveneiland_Oost/lon_50082438456678995_lat_52346377215299775_radius_1_d0_b/20200622TMX7316010203-001754pano_0000_007088_5.00824469762408_52.3463784980775.jpg,2020,6,22,Haveneiland_Oost,0,lon_50082438456678995_lat_52346377215299775_radius_1_d0_b,lon_50082438456678995_lat_52346377215299775_radius_1,0,b
ATM_square_equirectangular/Haveneiland_Oost/lon_50082438456678995_lat_52346377215299775_radius_1_d0_b/20221228TMX7316010203-002898pano_0012_000062_5.00824212463696_52.3463736898016.jpg,2022,12,28,Haveneiland_Oost,0,lon_50082438456678995_lat_52346377215299775_radius_1_d0_b,lon_50082438456678995_lat_52346377215299775_radius_1,0,b
ATM_square_equirectangular/Swammerdambuurt/lon_4907281162483537_lat_5235853026869902_radius_1_d0_r/20160517TMX7315120208-000050pano_0001_000921_4.90728408004775_52.3585305099715.jpg,2016,5,17,Swammerdambuurt,0,lon_4907281162483537_lat_5235853026869902_radius_1_d0_r,lon_4907281162483537_lat_5235853026869902_radius_1,0,r
ATM_square_equirectangular/Swammerdambuurt/lon_4907281162483537_lat_5235853026869902_radius_1_d0_r/20180515TMX7316010203-000720pano_0002_000700_4.90727922754155_52.358534593428.jpg,2018,5,15,Swammerdambuurt,0,lon_4907281162483537_lat_5235853026869902_radius_1_d0_r,lon_4907281162483537_lat_5235853026869902_radius_1,0,r
ATM_square_equirectangular/Swammerdambuurt/lon_4907281162483537_lat_5235853026869902_radius_1_d0_r/20200429TMX7316010203-001681pano_0000_000222_4.90727844433214_52.3585306614646.jpg,2020,4,29,Swammerdambuurt,0,lon_4907281162483537_lat_5235853026869902_radius_1_d0_r,lon_4907281162483537_lat_5235853026869902_radius_1,0,r
ATM_square_equirectangular/Swammerdambuurt/lon_4907281162483537_lat_5235853026869902_radius_1_d0_r/20210512TMX7316010203-002137pano_0000_001879_4.90728372640004_52.3585305944665.jpg,2021,5,12,Swammerdambuurt,0,lon_4907281162483537_lat_5235853026869902_radius_1_d0_r,lon_4907281162483537_lat_5235853026869902_radius_1,0,r
ATM_square_equirectangular/Swammerdambuurt/lon_4907281162483537_lat_5235853026869902_radius_1_d0_r/20220112TMX7316010203-002417pano_0018_000064_4.90727349018039_52.3585332186249.jpg,2022,1,12,Swammerdambuurt,0,lon_4907281162483537_lat_5235853026869902_radius_1_d0_r,lon_4907281162483537_lat_5235853026869902_radius_1,0,r
ATM_square_equirectangular/Swammerdambuurt/lon_4907281162483537_lat_5235853026869902_radius_1_d0_r/20220426TMX7316010203-002544pano_0000_000100_4.90728337624823_52.3585312069598.jpg,2022,4,26,Swammerdambuurt,0,lon_4907281162483537_lat_5235853026869902_radius_1_d0_r,lon_4907281162483537_lat_5235853026869902_radius_1,0,r
ATM_square_equirectangular/Swammerdambuurt/lon_4907281162483537_lat_5235853026869902_radius_1_d0_r/20230102TMX7316010203-002910pano_0005_000131_4.90727177376727_52.3585242087447.jpg,2023,1,2,Swammerdambuurt,0,lon_4907281162483537_lat_5235853026869902_radius_1_d0_r,lon_4907281162483537_lat_5235853026869902_radius_1,0,r
ATM_square_equirectangular/Buurt_6/lon_479995668719187_lat_5237672266866578_radius_1_d0_r/20160824TMX7316010203-000083pano_0014_001001_4.79995808746341_52.3767187307623.jpg,2016,8,24,Buurt_6,0,lon_479995668719187_lat_5237672266866578_radius_1_d0_r,lon_479995668719187_lat_5237672266866578_radius_1,0,r
ATM_square_equirectangular/Buurt_6/lon_479995668719187_lat_5237672266866578_radius_1_d0_r/20180705TMX7316010203-000826pano_0000_001201_4.79995837654893_52.3767243004376.jpg,2018,7,5,Buurt_6,0,lon_479995668719187_lat_5237672266866578_radius_1_d0_r,lon_479995668719187_lat_5237672266866578_radius_1,0,r
ATM_square_equirectangular/Buurt_6/lon_479995668719187_lat_5237672266866578_radius_1_d0_r/20191112TMX7316060226-000483pano_0001_001159_4.79995638566114_52.3767246178602.jpg,2019,11,12,Buurt_6,0,lon_479995668719187_lat_5237672266866578_radius_1_d0_r,lon_479995668719187_lat_5237672266866578_radius_1,0,r
ATM_square_equirectangular/Buurt_6/lon_479995668719187_lat_5237672266866578_radius_1_d0_r/20200819TMX7316010203-001882pano_0000_002866_4.79995353406078_52.3767281324751.jpg,2020,8,19,Buurt_6,0,lon_479995668719187_lat_5237672266866578_radius_1_d0_r,lon_479995668719187_lat_5237672266866578_radius_1,0,r
ATM_square_equirectangular/Buurt_6/lon_479995668719187_lat_5237672266866578_radius_1_d0_r/20210331TMX7316010203-002075pano_0000_001757_4.79995705222509_52.3767175617937.jpg,2021,3,31,Buurt_6,0,lon_479995668719187_lat_5237672266866578_radius_1_d0_r,lon_479995668719187_lat_5237672266866578_radius_1,0,r
ATM_square_equirectangular/Buurt_6/lon_479995668719187_lat_5237672266866578_radius_1_d0_r/20220419TMX7316010203-002524pano_0005_000765_4.79995424165647_52.3767152138891.jpg,2022,4,19,Buurt_6,0,lon_479995668719187_lat_5237672266866578_radius_1_d0_r,lon_479995668719187_lat_5237672266866578_radius_1,0,r
ATM_square_equirectangular/Lucas-Andreasziekenhuis_eo/lon_4838239408635196_lat_52372061305828254_radius_1_d0_l/20180706TMX7316010203-000828pano_0000_000204_4.83823794017146_52.3720605570142.jpg,2018,7,6,Lucas-Andreasziekenhuis_eo,0,lon_4838239408635196_lat_52372061305828254_radius_1_d0_l,lon_4838239408635196_lat_52372061305828254_radius_1,0,l
ATM_square_equirectangular/Lucas-Andreasziekenhuis_eo/lon_4838239408635196_lat_52372061305828254_radius_1_d0_l/20181220TMX7316010203-001028pano_0005_000923_4.83823662385626_52.3720559288639.jpg,2018,12,20,Lucas-Andreasziekenhuis_eo,0,lon_4838239408635196_lat_52372061305828254_radius_1_d0_l,lon_4838239408635196_lat_52372061305828254_radius_1,0,l
ATM_square_equirectangular/Lucas-Andreasziekenhuis_eo/lon_4838239408635196_lat_52372061305828254_radius_1_d0_l/20190712TMX7316010203-001310pano_0000_002118_4.83824410944108_52.3720660128676.jpg,2019,7,12,Lucas-Andreasziekenhuis_eo,0,lon_4838239408635196_lat_52372061305828254_radius_1_d0_l,lon_4838239408635196_lat_52372061305828254_radius_1,0,l
ATM_square_equirectangular/Lucas-Andreasziekenhuis_eo/lon_4838239408635196_lat_52372061305828254_radius_1_d0_l/20220408TMX7316010203-002500pano_0001_002623_4.83824086625287_52.3720654010398.jpg,2022,4,8,Lucas-Andreasziekenhuis_eo,0,lon_4838239408635196_lat_52372061305828254_radius_1_d0_l,lon_4838239408635196_lat_52372061305828254_radius_1,0,l
ATM_square_equirectangular/Haveneiland_Oost/lon_5007354105228252_lat_5234613346998365_radius_1_d0_f/20180517TMX7316010203-000741pano_0000_003916_5.0073500759031_52.3461368545656.jpg,2018,5,17,Haveneiland_Oost,0,lon_5007354105228252_lat_5234613346998365_radius_1_d0_f,lon_5007354105228252_lat_5234613346998365_radius_1,0,f
ATM_square_equirectangular/Haveneiland_Oost/lon_5007354105228252_lat_5234613346998365_radius_1_d0_f/20181217TMX7316010203-001018pano_0001_000175_5.00735653650208_52.346133142039.jpg,2018,12,17,Haveneiland_Oost,0,lon_5007354105228252_lat_5234613346998365_radius_1_d0_f,lon_5007354105228252_lat_5234613346998365_radius_1,0,f
ATM_square_equirectangular/Haveneiland_Oost/lon_5007354105228252_lat_5234613346998365_radius_1_d0_f/20220117TMX7316010203-002419pano_0013_000018_5.00734806270712_52.3461380903365.jpg,2022,1,17,Haveneiland_Oost,0,lon_5007354105228252_lat_5234613346998365_radius_1_d0_f,lon_5007354105228252_lat_5234613346998365_radius_1,0,f
ATM_square_equirectangular/Frederik_Hendrikbuurt_Noord/lon_4876867717703887_lat_52377179376929064_radius_1_d0_l/20170426TMX7316010203-000280pano_0000_000077_4.87685670375668_52.3771805590708.jpg,2017,4,26,Frederik_Hendrikbuurt_Noord,0,lon_4876867717703887_lat_52377179376929064_radius_1_d0_l,lon_4876867717703887_lat_52377179376929064_radius_1,0,l
ATM_square_equirectangular/Frederik_Hendrikbuurt_Noord/lon_4876867717703887_lat_52377179376929064_radius_1_d0_l/20190415TMX7316010203-001127pano_0000_000327_4.87686742833427_52.3771772670734.jpg,2019,4,15,Frederik_Hendrikbuurt_Noord,0,lon_4876867717703887_lat_52377179376929064_radius_1_d0_l,lon_4876867717703887_lat_52377179376929064_radius_1,0,l
ATM_square_equirectangular/Frederik_Hendrikbuurt_Noord/lon_4876867717703887_lat_52377179376929064_radius_1_d0_l/20200817TMX7316010203-001878pano_0005_000094_4.87687902102071_52.377180304643.jpg,2020,8,17,Frederik_Hendrikbuurt_Noord,0,lon_4876867717703887_lat_52377179376929064_radius_1_d0_l,lon_4876867717703887_lat_52377179376929064_radius_1,0,l
ATM_square_equirectangular/Buurt_4_Oost/lon_4820106441204946_lat_52379548787267034_radius_1_d0_b/20170522TMX7316010203-000305pano_0000_001734_4.82010034291676_52.37954642639.jpg,2017,5,22,Buurt_4_Oost,0,lon_4820106441204946_lat_52379548787267034_radius_1_d0_b,lon_4820106441204946_lat_52379548787267034_radius_1,0,b
ATM_square_equirectangular/Buurt_4_Oost/lon_4820106441204946_lat_52379548787267034_radius_1_d0_b/20180108TMX7316010203-000535pano_0000_008147_4.82011285340607_52.3795496523892.jpg,2018,1,8,Buurt_4_Oost,0,lon_4820106441204946_lat_52379548787267034_radius_1_d0_b,lon_4820106441204946_lat_52379548787267034_radius_1,0,b
ATM_square_equirectangular/Buurt_4_Oost/lon_4820106441204946_lat_52379548787267034_radius_1_d0_b/20200820TMX7316010203-001884pano_0000_000948_4.82010612729201_52.3795502830219.jpg,2020,8,20,Buurt_4_Oost,0,lon_4820106441204946_lat_52379548787267034_radius_1_d0_b,lon_4820106441204946_lat_52379548787267034_radius_1,0,b
ATM_square_equirectangular/Buurt_4_Oost/lon_4820106441204946_lat_52379548787267034_radius_1_d0_b/20221005TMX7316010203-002817pano_0003_000073_4.82009964662831_52.3795500034015.jpg,2022,10,5,Buurt_4_Oost,0,lon_4820106441204946_lat_52379548787267034_radius_1_d0_b,lon_4820106441204946_lat_52379548787267034_radius_1,0,b
ATM_square_equirectangular/Buurt_4_Oost/lon_4820106441204946_lat_52379548787267034_radius_1_d0_l/20170522TMX7316010203-000305pano_0000_001734_4.82010034291676_52.37954642639.jpg,2017,5,22,Buurt_4_Oost,0,lon_4820106441204946_lat_52379548787267034_radius_1_d0_l,lon_4820106441204946_lat_52379548787267034_radius_1,0,l
ATM_square_equirectangular/Buurt_4_Oost/lon_4820106441204946_lat_52379548787267034_radius_1_d0_l/20180108TMX7316010203-000535pano_0000_008147_4.82011285340607_52.3795496523892.jpg,2018,1,8,Buurt_4_Oost,0,lon_4820106441204946_lat_52379548787267034_radius_1_d0_l,lon_4820106441204946_lat_52379548787267034_radius_1,0,l
ATM_square_equirectangular/Buurt_4_Oost/lon_4820106441204946_lat_52379548787267034_radius_1_d0_l/20200820TMX7316010203-001884pano_0000_000948_4.82010612729201_52.3795502830219.jpg,2020,8,20,Buurt_4_Oost,0,lon_4820106441204946_lat_52379548787267034_radius_1_d0_l,lon_4820106441204946_lat_52379548787267034_radius_1,0,l
ATM_square_equirectangular/Buurt_4_Oost/lon_4820106441204946_lat_52379548787267034_radius_1_d0_l/20221005TMX7316010203-002817pano_0003_000073_4.82009964662831_52.3795500034015.jpg,2022,10,5,Buurt_4_Oost,0,lon_4820106441204946_lat_52379548787267034_radius_1_d0_l,lon_4820106441204946_lat_52379548787267034_radius_1,0,l
ATM_square_equirectangular/Buiksloterdijk_West/lon_4920194967196315_lat_5239992374542937_radius_1_d0_f/20160613TMX7315120208-000075pano_0000_000528_4.92020053972282_52.3999213451825.jpg,2016,6,13,Buiksloterdijk_West,0,lon_4920194967196315_lat_5239992374542937_radius_1_d0_f,lon_4920194967196315_lat_5239992374542937_radius_1,0,f
ATM_square_equirectangular/Buiksloterdijk_West/lon_4920194967196315_lat_5239992374542937_radius_1_d0_f/20170523TMX7316010203-000307pano_0000_001175_4.92020236902289_52.3999163273764.jpg,2017,5,23,Buiksloterdijk_West,0,lon_4920194967196315_lat_5239992374542937_radius_1_d0_f,lon_4920194967196315_lat_5239992374542937_radius_1,0,f
ATM_square_equirectangular/Buiksloterdijk_West/lon_4920194967196315_lat_5239992374542937_radius_1_d0_f/20180727TMX7316010203-000877pano_0000_003056_4.92018558339062_52.3999230333015.jpg,2018,7,27,Buiksloterdijk_West,0,lon_4920194967196315_lat_5239992374542937_radius_1_d0_f,lon_4920194967196315_lat_5239992374542937_radius_1,0,f
ATM_square_equirectangular/Buiksloterdijk_West/lon_4920194967196315_lat_5239992374542937_radius_1_d0_f/20191115TMX7316060226-000493pano_0000_001386_4.92019211611853_52.3999314857299.jpg,2019,11,15,Buiksloterdijk_West,0,lon_4920194967196315_lat_5239992374542937_radius_1_d0_f,lon_4920194967196315_lat_5239992374542937_radius_1,0,f
ATM_square_equirectangular/Buiksloterdijk_West/lon_4920194967196315_lat_5239992374542937_radius_1_d0_f/20200610TMX7316010203-001742pano_0000_002325_4.9202037978307_52.3999208132909.jpg,2020,6,10,Buiksloterdijk_West,0,lon_4920194967196315_lat_5239992374542937_radius_1_d0_f,lon_4920194967196315_lat_5239992374542937_radius_1,0,f
ATM_square_equirectangular/Buiksloterdijk_West/lon_4920194967196315_lat_5239992374542937_radius_1_d0_f/20210225TMX7316010203-002029pano_0005_000108_4.92018863574184_52.3999285096508.jpg,2021,2,25,Buiksloterdijk_West,0,lon_4920194967196315_lat_5239992374542937_radius_1_d0_f,lon_4920194967196315_lat_5239992374542937_radius_1,0,f
ATM_square_equirectangular/Buiksloterdijk_West/lon_4920194967196315_lat_5239992374542937_radius_1_d0_f/20211224TMX7316010203-002345pano_0005_000010_4.92019172854681_52.3999247034736.jpg,2021,12,24,Buiksloterdijk_West,0,lon_4920194967196315_lat_5239992374542937_radius_1_d0_f,lon_4920194967196315_lat_5239992374542937_radius_1,0,f
ATM_square_equirectangular/Buiksloterdijk_West/lon_4920194967196315_lat_5239992374542937_radius_1_d0_f/20221003TMX7316010203-002812pano_0003_000003_4.92020329722323_52.3999199739272.jpg,2022,10,3,Buiksloterdijk_West,0,lon_4920194967196315_lat_5239992374542937_radius_1_d0_f,lon_4920194967196315_lat_5239992374542937_radius_1,0,f
ATM_square_equirectangular/Buiksloterdijk_West/lon_4920194967196315_lat_5239992374542937_radius_1_d0_r/20160613TMX7315120208-000075pano_0000_000528_4.92020053972282_52.3999213451825.jpg,2016,6,13,Buiksloterdijk_West,0,lon_4920194967196315_lat_5239992374542937_radius_1_d0_r,lon_4920194967196315_lat_5239992374542937_radius_1,0,r
ATM_square_equirectangular/Buiksloterdijk_West/lon_4920194967196315_lat_5239992374542937_radius_1_d0_r/20170523TMX7316010203-000307pano_0000_001175_4.92020236902289_52.3999163273764.jpg,2017,5,23,Buiksloterdijk_West,0,lon_4920194967196315_lat_5239992374542937_radius_1_d0_r,lon_4920194967196315_lat_5239992374542937_radius_1,0,r
ATM_square_equirectangular/Buiksloterdijk_West/lon_4920194967196315_lat_5239992374542937_radius_1_d0_r/20180727TMX7316010203-000877pano_0000_003056_4.92018558339062_52.3999230333015.jpg,2018,7,27,Buiksloterdijk_West,0,lon_4920194967196315_lat_5239992374542937_radius_1_d0_r,lon_4920194967196315_lat_5239992374542937_radius_1,0,r
ATM_square_equirectangular/Buiksloterdijk_West/lon_4920194967196315_lat_5239992374542937_radius_1_d0_r/20191115TMX7316060226-000493pano_0000_001386_4.92019211611853_52.3999314857299.jpg,2019,11,15,Buiksloterdijk_West,0,lon_4920194967196315_lat_5239992374542937_radius_1_d0_r,lon_4920194967196315_lat_5239992374542937_radius_1,0,r
ATM_square_equirectangular/Buiksloterdijk_West/lon_4920194967196315_lat_5239992374542937_radius_1_d0_r/20200610TMX7316010203-001742pano_0000_002325_4.9202037978307_52.3999208132909.jpg,2020,6,10,Buiksloterdijk_West,0,lon_4920194967196315_lat_5239992374542937_radius_1_d0_r,lon_4920194967196315_lat_5239992374542937_radius_1,0,r
ATM_square_equirectangular/Buiksloterdijk_West/lon_4920194967196315_lat_5239992374542937_radius_1_d0_r/20210225TMX7316010203-002029pano_0005_000108_4.92018863574184_52.3999285096508.jpg,2021,2,25,Buiksloterdijk_West,0,lon_4920194967196315_lat_5239992374542937_radius_1_d0_r,lon_4920194967196315_lat_5239992374542937_radius_1,0,r
ATM_square_equirectangular/Buiksloterdijk_West/lon_4920194967196315_lat_5239992374542937_radius_1_d0_r/20211224TMX7316010203-002345pano_0005_000010_4.92019172854681_52.3999247034736.jpg,2021,12,24,Buiksloterdijk_West,0,lon_4920194967196315_lat_5239992374542937_radius_1_d0_r,lon_4920194967196315_lat_5239992374542937_radius_1,0,r
ATM_square_equirectangular/Buiksloterdijk_West/lon_4920194967196315_lat_5239992374542937_radius_1_d0_r/20221003TMX7316010203-002812pano_0003_000003_4.92020329722323_52.3999199739272.jpg,2022,10,3,Buiksloterdijk_West,0,lon_4920194967196315_lat_5239992374542937_radius_1_d0_r,lon_4920194967196315_lat_5239992374542937_radius_1,0,r
ATM_square_equirectangular/Paramariboplein_eo/lon_4855238877801813_lat_523628601904039_radius_1_d0_l/20160622TMX7315080123-000309pano_0000_001360_4.85523320846346_52.3628614274755.jpg,2016,6,22,Paramariboplein_eo,0,lon_4855238877801813_lat_523628601904039_radius_1_d0_l,lon_4855238877801813_lat_523628601904039_radius_1,0,l
ATM_square_equirectangular/Paramariboplein_eo/lon_4855238877801813_lat_523628601904039_radius_1_d0_l/20170420TMX7316010203-000265pano_0000_000368_4.85524487342155_52.3628577843556.jpg,2017,4,20,Paramariboplein_eo,0,lon_4855238877801813_lat_523628601904039_radius_1_d0_l,lon_4855238877801813_lat_523628601904039_radius_1,0,l
ATM_square_equirectangular/Paramariboplein_eo/lon_4855238877801813_lat_523628601904039_radius_1_d0_l/20190426TMX7316010203-001141pano_0000_000812_4.85524601278776_52.3628572505587.jpg,2019,4,26,Paramariboplein_eo,0,lon_4855238877801813_lat_523628601904039_radius_1_d0_l,lon_4855238877801813_lat_523628601904039_radius_1,0,l
ATM_square_equirectangular/Paramariboplein_eo/lon_4855238877801813_lat_523628601904039_radius_1_d0_l/20191209TMX7316010203-001502pano_0001_003470_4.85523632283236_52.3628626547347.jpg,2019,12,9,Paramariboplein_eo,0,lon_4855238877801813_lat_523628601904039_radius_1_d0_l,lon_4855238877801813_lat_523628601904039_radius_1,0,l
ATM_square_equirectangular/Paramariboplein_eo/lon_4855238877801813_lat_523628601904039_radius_1_d0_l/20210325TMX7316010203-002061pano_0000_000267_4.85523397150394_52.362861834895.jpg,2021,3,25,Paramariboplein_eo,0,lon_4855238877801813_lat_523628601904039_radius_1_d0_l,lon_4855238877801813_lat_523628601904039_radius_1,0,l
ATM_square_equirectangular/Paramariboplein_eo/lon_4855238877801813_lat_523628601904039_radius_1_d0_b/20160622TMX7315080123-000309pano_0000_001360_4.85523320846346_52.3628614274755.jpg,2016,6,22,Paramariboplein_eo,0,lon_4855238877801813_lat_523628601904039_radius_1_d0_b,lon_4855238877801813_lat_523628601904039_radius_1,0,b
ATM_square_equirectangular/Paramariboplein_eo/lon_4855238877801813_lat_523628601904039_radius_1_d0_b/20170420TMX7316010203-000265pano_0000_000368_4.85524487342155_52.3628577843556.jpg,2017,4,20,Paramariboplein_eo,0,lon_4855238877801813_lat_523628601904039_radius_1_d0_b,lon_4855238877801813_lat_523628601904039_radius_1,0,b
ATM_square_equirectangular/Paramariboplein_eo/lon_4855238877801813_lat_523628601904039_radius_1_d0_b/20190426TMX7316010203-001141pano_0000_000812_4.85524601278776_52.3628572505587.jpg,2019,4,26,Paramariboplein_eo,0,lon_4855238877801813_lat_523628601904039_radius_1_d0_b,lon_4855238877801813_lat_523628601904039_radius_1,0,b
ATM_square_equirectangular/Paramariboplein_eo/lon_4855238877801813_lat_523628601904039_radius_1_d0_b/20191209TMX7316010203-001502pano_0001_003470_4.85523632283236_52.3628626547347.jpg,2019,12,9,Paramariboplein_eo,0,lon_4855238877801813_lat_523628601904039_radius_1_d0_b,lon_4855238877801813_lat_523628601904039_radius_1,0,b
ATM_square_equirectangular/Paramariboplein_eo/lon_4855238877801813_lat_523628601904039_radius_1_d0_b/20210325TMX7316010203-002061pano_0000_000267_4.85523397150394_52.362861834895.jpg,2021,3,25,Paramariboplein_eo,0,lon_4855238877801813_lat_523628601904039_radius_1_d0_b,lon_4855238877801813_lat_523628601904039_radius_1,0,b
ATM_square_equirectangular/Middelveldsche_Akerpolder/lon_477881736427457_lat_5235262296395664_radius_1_d0_l/20180627TMX7316010203-000812pano_0000_001059_4.77882570261029_52.3526232072509.jpg,2018,6,27,Middelveldsche_Akerpolder,0,lon_477881736427457_lat_5235262296395664_radius_1_d0_l,lon_477881736427457_lat_5235262296395664_radius_1,0,l
ATM_square_equirectangular/Middelveldsche_Akerpolder/lon_477881736427457_lat_5235262296395664_radius_1_d0_l/20190717TMX7316010203-001317pano_0000_005455_4.77881499819532_52.3526213933974.jpg,2019,7,17,Middelveldsche_Akerpolder,0,lon_477881736427457_lat_5235262296395664_radius_1_d0_l,lon_477881736427457_lat_5235262296395664_radius_1,0,l
ATM_square_equirectangular/Middelveldsche_Akerpolder/lon_477881736427457_lat_5235262296395664_radius_1_d0_l/20210222TMX7316010203-002023pano_0000_002426_4.77880816472689_52.352625969888.jpg,2021,2,22,Middelveldsche_Akerpolder,0,lon_477881736427457_lat_5235262296395664_radius_1_d0_l,lon_477881736427457_lat_5235262296395664_radius_1,0,l
ATM_square_equirectangular/Middelveldsche_Akerpolder/lon_477881736427457_lat_5235262296395664_radius_1_d0_l/20210222TMX7316010203-002023pano_0000_002456_4.77882444329963_52.3526287107742.jpg,2021,2,22,Middelveldsche_Akerpolder,0,lon_477881736427457_lat_5235262296395664_radius_1_d0_l,lon_477881736427457_lat_5235262296395664_radius_1,0,l
ATM_square_equirectangular/Middelveldsche_Akerpolder/lon_477881736427457_lat_5235262296395664_radius_1_d0_l/20210419TMX7316010203-002103pano_0000_004943_4.77881351254072_52.3526155384727.jpg,2021,4,19,Middelveldsche_Akerpolder,0,lon_477881736427457_lat_5235262296395664_radius_1_d0_l,lon_477881736427457_lat_5235262296395664_radius_1,0,l
ATM_square_equirectangular/Oostenburg/lon_4929949023978082_lat_52370930929340105_radius_1_d0_l/20160524TMX7315120208-000056pano_0000_000259_4.92994723602724_52.3709361559438.jpg,2016,5,24,Oostenburg,0,lon_4929949023978082_lat_52370930929340105_radius_1_d0_l,lon_4929949023978082_lat_52370930929340105_radius_1,0,l
ATM_square_equirectangular/Oostenburg/lon_4929949023978082_lat_52370930929340105_radius_1_d0_l/20170405TMX7316010203-000247pano_0000_000693_4.92995116586854_52.3709328936554.jpg,2017,4,5,Oostenburg,0,lon_4929949023978082_lat_52370930929340105_radius_1_d0_l,lon_4929949023978082_lat_52370930929340105_radius_1,0,l
ATM_square_equirectangular/Oostenburg/lon_4929949023978082_lat_52370930929340105_radius_1_d0_l/20180517TMX7316010203-000739pano_0000_002663_4.9299471853238_52.370926227033.jpg,2018,5,17,Oostenburg,0,lon_4929949023978082_lat_52370930929340105_radius_1_d0_l,lon_4929949023978082_lat_52370930929340105_radius_1,0,l
ATM_square_equirectangular/Oostenburg/lon_4929949023978082_lat_52370930929340105_radius_1_d0_l/20191129TMX7316010203-001475pano_0001_000690_4.9299442278196_52.3709253458616.jpg,2019,11,29,Oostenburg,0,lon_4929949023978082_lat_52370930929340105_radius_1_d0_l,lon_4929949023978082_lat_52370930929340105_radius_1,0,l
ATM_square_equirectangular/Oostenburg/lon_4929949023978082_lat_52370930929340105_radius_1_d0_l/20200422TMX7316010203-001669pano_0000_003551_4.92995530485123_52.3709340242067.jpg,2020,4,22,Oostenburg,0,lon_4929949023978082_lat_52370930929340105_radius_1_d0_l,lon_4929949023978082_lat_52370930929340105_radius_1,0,l
ATM_square_equirectangular/Oostenburg/lon_4929949023978082_lat_52370930929340105_radius_1_d0_b/20160524TMX7315120208-000056pano_0000_000259_4.92994723602724_52.3709361559438.jpg,2016,5,24,Oostenburg,0,lon_4929949023978082_lat_52370930929340105_radius_1_d0_b,lon_4929949023978082_lat_52370930929340105_radius_1,0,b
ATM_square_equirectangular/Oostenburg/lon_4929949023978082_lat_52370930929340105_radius_1_d0_b/20170405TMX7316010203-000247pano_0000_000693_4.92995116586854_52.3709328936554.jpg,2017,4,5,Oostenburg,0,lon_4929949023978082_lat_52370930929340105_radius_1_d0_b,lon_4929949023978082_lat_52370930929340105_radius_1,0,b
ATM_square_equirectangular/Oostenburg/lon_4929949023978082_lat_52370930929340105_radius_1_d0_b/20180517TMX7316010203-000739pano_0000_002663_4.9299471853238_52.370926227033.jpg,2018,5,17,Oostenburg,0,lon_4929949023978082_lat_52370930929340105_radius_1_d0_b,lon_4929949023978082_lat_52370930929340105_radius_1,0,b
ATM_square_equirectangular/Oostenburg/lon_4929949023978082_lat_52370930929340105_radius_1_d0_b/20191129TMX7316010203-001475pano_0001_000690_4.9299442278196_52.3709253458616.jpg,2019,11,29,Oostenburg,0,lon_4929949023978082_lat_52370930929340105_radius_1_d0_b,lon_4929949023978082_lat_52370930929340105_radius_1,0,b
ATM_square_equirectangular/Oostenburg/lon_4929949023978082_lat_52370930929340105_radius_1_d0_b/20200422TMX7316010203-001669pano_0000_003551_4.92995530485123_52.3709340242067.jpg,2020,4,22,Oostenburg,0,lon_4929949023978082_lat_52370930929340105_radius_1_d0_b,lon_4929949023978082_lat_52370930929340105_radius_1,0,b
ATM_square_equirectangular/Rapenburg/lon_4910691698204971_lat_5237076259016001_radius_1_d0_f/20160607TMX7315120208-000070pano_0006_000054_4.91070202952586_52.3707576055021.jpg,2016,6,7,Rapenburg,0,lon_4910691698204971_lat_5237076259016001_radius_1_d0_f,lon_4910691698204971_lat_5237076259016001_radius_1,0,f
ATM_square_equirectangular/Rapenburg/lon_4910691698204971_lat_5237076259016001_radius_1_d0_f/20161124TMX7316010203-000190pano_0000_000787_4.91069322205601_52.3707583998162.jpg,2016,11,24,Rapenburg,0,lon_4910691698204971_lat_5237076259016001_radius_1_d0_f,lon_4910691698204971_lat_5237076259016001_radius_1,0,f
ATM_square_equirectangular/Rapenburg/lon_4910691698204971_lat_5237076259016001_radius_1_d0_f/20170323TMX7316010203-000220pano_0001_000965_4.91069211276591_52.3707630583261.jpg,2017,3,23,Rapenburg,0,lon_4910691698204971_lat_5237076259016001_radius_1_d0_f,lon_4910691698204971_lat_5237076259016001_radius_1,0,f
ATM_square_equirectangular/Rapenburg/lon_4910691698204971_lat_5237076259016001_radius_1_d0_f/20180508TMX7316010203-000711pano_0000_002352_4.91069743012974_52.3707606900243.jpg,2018,5,8,Rapenburg,0,lon_4910691698204971_lat_5237076259016001_radius_1_d0_f,lon_4910691698204971_lat_5237076259016001_radius_1,0,f
ATM_square_equirectangular/Rapenburg/lon_4910691698204971_lat_5237076259016001_radius_1_d0_f/20190114TMX7316010203-001051pano_0001_001657_4.91069551158107_52.3707623310426.jpg,2019,1,14,Rapenburg,0,lon_4910691698204971_lat_5237076259016001_radius_1_d0_f,lon_4910691698204971_lat_5237076259016001_radius_1,0,f
ATM_square_equirectangular/Rapenburg/lon_4910691698204971_lat_5237076259016001_radius_1_d0_f/20190514TMX7316010203-001181pano_0000_001255_4.91068850812904_52.3707636399709.jpg,2019,5,14,Rapenburg,0,lon_4910691698204971_lat_5237076259016001_radius_1_d0_f,lon_4910691698204971_lat_5237076259016001_radius_1,0,f
ATM_square_equirectangular/Rapenburg/lon_4910691698204971_lat_5237076259016001_radius_1_d0_f/20200422TMX7316010203-001665pano_0000_001722_4.9106890804481_52.3707692196433.jpg,2020,4,22,Rapenburg,0,lon_4910691698204971_lat_5237076259016001_radius_1_d0_f,lon_4910691698204971_lat_5237076259016001_radius_1,0,f
ATM_square_equirectangular/Rapenburg/lon_4910691698204971_lat_5237076259016001_radius_1_d0_f/20211231TMX7316010203-002370pano_0000_000345_4.91069090602588_52.3707653139382.jpg,2021,12,31,Rapenburg,0,lon_4910691698204971_lat_5237076259016001_radius_1_d0_f,lon_4910691698204971_lat_5237076259016001_radius_1,0,f
ATM_square_equirectangular/Rapenburg/lon_4910691698204971_lat_5237076259016001_radius_1_d0_f/20220623TMX7316010203-002624pano_0000_000011_4.91069916455219_52.3707583309769.jpg,2022,6,23,Rapenburg,0,lon_4910691698204971_lat_5237076259016001_radius_1_d0_f,lon_4910691698204971_lat_5237076259016001_radius_1,0,f
ATM_square_equirectangular/De_Aker_Oost/lon_4791295864113576_lat_5234230879458237_radius_1_d0_f/20160812TMX7316010203-000058pano_0000_005279_4.7912928620083_52.3423079555565.jpg,2016,8,12,De_Aker_Oost,0,lon_4791295864113576_lat_5234230879458237_radius_1_d0_f,lon_4791295864113576_lat_5234230879458237_radius_1,0,f
ATM_square_equirectangular/De_Aker_Oost/lon_4791295864113576_lat_5234230879458237_radius_1_d0_f/20180626TMX7316010203-000809pano_0001_000431_4.79129445510151_52.3423081730997.jpg,2018,6,26,De_Aker_Oost,0,lon_4791295864113576_lat_5234230879458237_radius_1_d0_f,lon_4791295864113576_lat_5234230879458237_radius_1,0,f
ATM_square_equirectangular/De_Aker_Oost/lon_4791295864113576_lat_5234230879458237_radius_1_d0_f/20180626TMX7316010203-000809pano_0001_000440_4.79130027523092_52.3423102550909.jpg,2018,6,26,De_Aker_Oost,0,lon_4791295864113576_lat_5234230879458237_radius_1_d0_f,lon_4791295864113576_lat_5234230879458237_radius_1,0,f
ATM_square_equirectangular/De_Aker_Oost/lon_4791295864113576_lat_5234230879458237_radius_1_d0_f/20220414TMX7316010203-002515pano_0002_000280_4.79128891930055_52.3423132837674.jpg,2022,4,14,De_Aker_Oost,0,lon_4791295864113576_lat_5234230879458237_radius_1_d0_f,lon_4791295864113576_lat_5234230879458237_radius_1,0,f
ATM_square_equirectangular/De_Aker_Oost/lon_4791295864113576_lat_5234230879458237_radius_1_d0_f/20221209TMX7316010203-002840pano_0004_000233_4.79129625347385_52.3423040473311.jpg,2022,12,9,De_Aker_Oost,0,lon_4791295864113576_lat_5234230879458237_radius_1_d0_f,lon_4791295864113576_lat_5234230879458237_radius_1,0,f
ATM_square_equirectangular/Minervabuurt_MIdden/lon_4869527136232477_lat_5234721816595506_radius_1_d0_f/20160727TMX7316060226-000006pano_0001_002167_4.86951543867697_52.3472189492742.jpg,2016,7,27,Minervabuurt_MIdden,0,lon_4869527136232477_lat_5234721816595506_radius_1_d0_f,lon_4869527136232477_lat_5234721816595506_radius_1,0,f
ATM_square_equirectangular/Minervabuurt_MIdden/lon_4869527136232477_lat_5234721816595506_radius_1_d0_f/20170419TMX7316010203-000263pano_0001_002223_4.86951923469159_52.3472189481657.jpg,2017,4,19,Minervabuurt_MIdden,0,lon_4869527136232477_lat_5234721816595506_radius_1_d0_f,lon_4869527136232477_lat_5234721816595506_radius_1,0,f
ATM_square_equirectangular/Minervabuurt_MIdden/lon_4869527136232477_lat_5234721816595506_radius_1_d0_f/20180606TMX7316010203-000779pano_0000_000929_4.86953862336043_52.3472146366011.jpg,2018,6,6,Minervabuurt_MIdden,0,lon_4869527136232477_lat_5234721816595506_radius_1_d0_f,lon_4869527136232477_lat_5234721816595506_radius_1,0,f
ATM_square_equirectangular/Minervabuurt_MIdden/lon_4869527136232477_lat_5234721816595506_radius_1_d0_f/20190104TMX7316010203-001036pano_0003_000337_4.86953240752255_52.3472194129994.jpg,2019,1,4,Minervabuurt_MIdden,0,lon_4869527136232477_lat_5234721816595506_radius_1_d0_f,lon_4869527136232477_lat_5234721816595506_radius_1,0,f
ATM_square_equirectangular/Minervabuurt_MIdden/lon_4869527136232477_lat_5234721816595506_radius_1_d0_f/20190506TMX7316010203-001162pano_0000_000433_4.86952026496934_52.347217428435.jpg,2019,5,6,Minervabuurt_MIdden,0,lon_4869527136232477_lat_5234721816595506_radius_1_d0_f,lon_4869527136232477_lat_5234721816595506_radius_1,0,f
ATM_square_equirectangular/Minervabuurt_MIdden/lon_4869527136232477_lat_5234721816595506_radius_1_d0_f/20210426TMX7316010203-002118pano_0000_003124_4.86953684817398_52.347219620255.jpg,2021,4,26,Minervabuurt_MIdden,0,lon_4869527136232477_lat_5234721816595506_radius_1_d0_f,lon_4869527136232477_lat_5234721816595506_radius_1,0,f
ATM_square_equirectangular/Minervabuurt_MIdden/lon_4869527136232477_lat_5234721816595506_radius_1_d0_b/20160727TMX7316060226-000006pano_0001_002167_4.86951543867697_52.3472189492742.jpg,2016,7,27,Minervabuurt_MIdden,0,lon_4869527136232477_lat_5234721816595506_radius_1_d0_b,lon_4869527136232477_lat_5234721816595506_radius_1,0,b
ATM_square_equirectangular/Minervabuurt_MIdden/lon_4869527136232477_lat_5234721816595506_radius_1_d0_b/20170419TMX7316010203-000263pano_0001_002223_4.86951923469159_52.3472189481657.jpg,2017,4,19,Minervabuurt_MIdden,0,lon_4869527136232477_lat_5234721816595506_radius_1_d0_b,lon_4869527136232477_lat_5234721816595506_radius_1,0,b
ATM_square_equirectangular/Minervabuurt_MIdden/lon_4869527136232477_lat_5234721816595506_radius_1_d0_b/20180606TMX7316010203-000779pano_0000_000929_4.86953862336043_52.3472146366011.jpg,2018,6,6,Minervabuurt_MIdden,0,lon_4869527136232477_lat_5234721816595506_radius_1_d0_b,lon_4869527136232477_lat_5234721816595506_radius_1,0,b
ATM_square_equirectangular/Minervabuurt_MIdden/lon_4869527136232477_lat_5234721816595506_radius_1_d0_b/20190104TMX7316010203-001036pano_0003_000337_4.86953240752255_52.3472194129994.jpg,2019,1,4,Minervabuurt_MIdden,0,lon_4869527136232477_lat_5234721816595506_radius_1_d0_b,lon_4869527136232477_lat_5234721816595506_radius_1,0,b
ATM_square_equirectangular/Minervabuurt_MIdden/lon_4869527136232477_lat_5234721816595506_radius_1_d0_b/20190506TMX7316010203-001162pano_0000_000433_4.86952026496934_52.347217428435.jpg,2019,5,6,Minervabuurt_MIdden,0,lon_4869527136232477_lat_5234721816595506_radius_1_d0_b,lon_4869527136232477_lat_5234721816595506_radius_1,0,b
ATM_square_equirectangular/Minervabuurt_MIdden/lon_4869527136232477_lat_5234721816595506_radius_1_d0_b/20210426TMX7316010203-002118pano_0000_003124_4.86953684817398_52.347219620255.jpg,2021,4,26,Minervabuurt_MIdden,0,lon_4869527136232477_lat_5234721816595506_radius_1_d0_b,lon_4869527136232477_lat_5234721816595506_radius_1,0,b
ATM_square_equirectangular/Leidsegracht_Noord/lon_48853096301223875_lat_52367182033365424_radius_1_d0_l/20190111TMX7316010203-001048pano_0000_002979_4.88530843584944_52.3671813193652.jpg,2019,1,11,Leidsegracht_Noord,0,lon_48853096301223875_lat_52367182033365424_radius_1_d0_l,lon_48853096301223875_lat_52367182033365424_radius_1,0,l
ATM_square_equirectangular/Leidsegracht_Noord/lon_48853096301223875_lat_52367182033365424_radius_1_d0_l/20190514TMX7316010203-001183pano_0000_000785_4.88530482564521_52.3671811614111.jpg,2019,5,14,Leidsegracht_Noord,0,lon_48853096301223875_lat_52367182033365424_radius_1_d0_l,lon_48853096301223875_lat_52367182033365424_radius_1,0,l
ATM_square_equirectangular/Leidsegracht_Noord/lon_48853096301223875_lat_52367182033365424_radius_1_d0_l/20210909TMX7316010203-002306pano_0001_002854_4.88531979292742_52.3671811156922.jpg,2021,9,9,Leidsegracht_Noord,0,lon_48853096301223875_lat_52367182033365424_radius_1_d0_l,lon_48853096301223875_lat_52367182033365424_radius_1,0,l
ATM_square_equirectangular/Leidsegracht_Noord/lon_48853096301223875_lat_52367182033365424_radius_1_d0_l/20210909TMX7316010203-002306pano_0001_003027_4.88530546606748_52.3671845369932.jpg,2021,9,9,Leidsegracht_Noord,0,lon_48853096301223875_lat_52367182033365424_radius_1_d0_l,lon_48853096301223875_lat_52367182033365424_radius_1,0,l
ATM_square_equirectangular/Leidsegracht_Noord/lon_48853096301223875_lat_52367182033365424_radius_1_d0_l/20220422TMX7316010203-002537pano_0001_001832_4.88530801838193_52.367180651859.jpg,2022,4,22,Leidsegracht_Noord,0,lon_48853096301223875_lat_52367182033365424_radius_1_d0_l,lon_48853096301223875_lat_52367182033365424_radius_1,0,l
ATM_square_equirectangular/Leidsegracht_Noord/lon_48853096301223875_lat_52367182033365424_radius_1_d0_l/20221231TMX7316010203-002922pano_0001_000097_4.88530171313141_52.3671771225192.jpg,2022,12,31,Leidsegracht_Noord,0,lon_48853096301223875_lat_52367182033365424_radius_1_d0_l,lon_48853096301223875_lat_52367182033365424_radius_1,0,l
ATM_square_equirectangular/Leidsegracht_Noord/lon_48853096301223875_lat_52367182033365424_radius_1_d0_l/20230306TMX7316010203-002990pano_0004_000043_4.88530549896072_52.3671769799573.jpg,2023,3,6,Leidsegracht_Noord,0,lon_48853096301223875_lat_52367182033365424_radius_1_d0_l,lon_48853096301223875_lat_52367182033365424_radius_1,0,l
ATM_square_equirectangular/Willibrordusbuurt/lon_4903487759197284_lat_52353778896831955_radius_1_d0_b/20190508TMX7316010203-001168pano_0000_003216_4.9034776268224_52.3537752434623.jpg,2019,5,8,Willibrordusbuurt,0,lon_4903487759197284_lat_52353778896831955_radius_1_d0_b,lon_4903487759197284_lat_52353778896831955_radius_1,0,b
ATM_square_equirectangular/Willibrordusbuurt/lon_4903487759197284_lat_52353778896831955_radius_1_d0_b/20191306TMX7316010203-001533pano_0001_001162_4.90349470775719_52.3537810794951.jpg,2019,13,6,Willibrordusbuurt,0,lon_4903487759197284_lat_52353778896831955_radius_1_d0_b,lon_4903487759197284_lat_52353778896831955_radius_1,0,b
ATM_square_equirectangular/Willibrordusbuurt/lon_4903487759197284_lat_52353778896831955_radius_1_d0_b/20210421TMX7316010203-002112pano_0001_001755_4.90349849810608_52.3537752693141.jpg,2021,4,21,Willibrordusbuurt,0,lon_4903487759197284_lat_52353778896831955_radius_1_d0_b,lon_4903487759197284_lat_52353778896831955_radius_1,0,b
ATM_square_equirectangular/Willibrordusbuurt/lon_4903487759197284_lat_52353778896831955_radius_1_d0_b/20220111TMX7316010203-002410pano_0003_000121_4.90348504927769_52.3537808305422.jpg,2022,1,11,Willibrordusbuurt,0,lon_4903487759197284_lat_52353778896831955_radius_1_d0_b,lon_4903487759197284_lat_52353778896831955_radius_1,0,b
ATM_square_equirectangular/Kantershof/lon_4988430534076023_lat_5231817473389054_radius_1_d0_r/20170614TMX7316010203-000336pano_0000_007447_4.98843012217133_52.318169998252.jpg,2017,6,14,Kantershof,0,lon_4988430534076023_lat_5231817473389054_radius_1_d0_r,lon_4988430534076023_lat_5231817473389054_radius_1,0,r
ATM_square_equirectangular/Kantershof/lon_4988430534076023_lat_5231817473389054_radius_1_d0_r/20190614TMX7316010203-001221pano_0001_001815_4.98842915154058_52.3181790746181.jpg,2019,6,14,Kantershof,0,lon_4988430534076023_lat_5231817473389054_radius_1_d0_r,lon_4988430534076023_lat_5231817473389054_radius_1,0,r
ATM_square_equirectangular/Kantershof/lon_4988430534076023_lat_5231817473389054_radius_1_d0_r/20210604TMX7316010203-002156pano_0000_009885_4.98843232851616_52.3181751288015.jpg,2021,6,4,Kantershof,0,lon_4988430534076023_lat_5231817473389054_radius_1_d0_r,lon_4988430534076023_lat_5231817473389054_radius_1,0,r
ATM_square_equirectangular/Minervabuurt_Zuid/lon_487666107364704_lat_52345031218219795_radius_1_d0_r/20191209TMX7316010203-001499pano_0000_001085_4.87666035253395_52.3450295416471.jpg,2019,12,9,Minervabuurt_Zuid,0,lon_487666107364704_lat_52345031218219795_radius_1_d0_r,lon_487666107364704_lat_52345031218219795_radius_1,0,r
ATM_square_equirectangular/Minervabuurt_Zuid/lon_487666107364704_lat_52345031218219795_radius_1_d0_r/20200513TMX7316010203-001706pano_0000_000996_4.87665907884996_52.3450324560306.jpg,2020,5,13,Minervabuurt_Zuid,0,lon_487666107364704_lat_52345031218219795_radius_1_d0_r,lon_487666107364704_lat_52345031218219795_radius_1,0,r
ATM_square_equirectangular/Minervabuurt_Zuid/lon_487666107364704_lat_52345031218219795_radius_1_d0_r/20200827TMX7316010203-001894pano_0000_005111_4.87666378955721_52.3450316569817.jpg,2020,8,27,Minervabuurt_Zuid,0,lon_487666107364704_lat_52345031218219795_radius_1_d0_r,lon_487666107364704_lat_52345031218219795_radius_1,0,r
ATM_square_equirectangular/Minervabuurt_Zuid/lon_487666107364704_lat_52345031218219795_radius_1_d0_l/20191209TMX7316010203-001499pano_0000_001085_4.87666035253395_52.3450295416471.jpg,2019,12,9,Minervabuurt_Zuid,0,lon_487666107364704_lat_52345031218219795_radius_1_d0_l,lon_487666107364704_lat_52345031218219795_radius_1,0,l
ATM_square_equirectangular/Minervabuurt_Zuid/lon_487666107364704_lat_52345031218219795_radius_1_d0_l/20200513TMX7316010203-001706pano_0000_000996_4.87665907884996_52.3450324560306.jpg,2020,5,13,Minervabuurt_Zuid,0,lon_487666107364704_lat_52345031218219795_radius_1_d0_l,lon_487666107364704_lat_52345031218219795_radius_1,0,l
ATM_square_equirectangular/Minervabuurt_Zuid/lon_487666107364704_lat_52345031218219795_radius_1_d0_l/20200827TMX7316010203-001894pano_0000_005111_4.87666378955721_52.3450316569817.jpg,2020,8,27,Minervabuurt_Zuid,0,lon_487666107364704_lat_52345031218219795_radius_1_d0_l,lon_487666107364704_lat_52345031218219795_radius_1,0,l
ATM_square_equirectangular/Steigereiland_Noord/lon_49884498427704616_lat_523639820220638_radius_1_d0_r/20160606TMX7315120208-000067pano_0023_000155_4.98845117160441_52.3639800709057.jpg,2016,6,6,Steigereiland_Noord,0,lon_49884498427704616_lat_523639820220638_radius_1_d0_r,lon_49884498427704616_lat_523639820220638_radius_1,0,r
ATM_square_equirectangular/Steigereiland_Noord/lon_49884498427704616_lat_523639820220638_radius_1_d0_r/20170403TMX7316010203-000240pano_0001_001175_4.98843890060317_52.3639795736199.jpg,2017,4,3,Steigereiland_Noord,0,lon_49884498427704616_lat_523639820220638_radius_1_d0_r,lon_49884498427704616_lat_523639820220638_radius_1,0,r
ATM_square_equirectangular/Steigereiland_Noord/lon_49884498427704616_lat_523639820220638_radius_1_d0_r/20181217TMX7316010203-001018pano_0003_000337_4.98844768381164_52.3639787485578.jpg,2018,12,17,Steigereiland_Noord,0,lon_49884498427704616_lat_523639820220638_radius_1_d0_r,lon_49884498427704616_lat_523639820220638_radius_1,0,r
ATM_square_equirectangular/Steigereiland_Noord/lon_49884498427704616_lat_523639820220638_radius_1_d0_r/20191210TMX7316010203-001507pano_0000_000086_4.98844477068336_52.3639868119189.jpg,2019,12,10,Steigereiland_Noord,0,lon_49884498427704616_lat_523639820220638_radius_1_d0_r,lon_49884498427704616_lat_523639820220638_radius_1,0,r
ATM_square_equirectangular/Steigereiland_Noord/lon_49884498427704616_lat_523639820220638_radius_1_d0_r/20200624TMX7316010203-001764pano_0001_000435_4.9884614897402_52.3639871379932.jpg,2020,6,24,Steigereiland_Noord,0,lon_49884498427704616_lat_523639820220638_radius_1_d0_r,lon_49884498427704616_lat_523639820220638_radius_1,0,r
ATM_square_equirectangular/Steigereiland_Noord/lon_49884498427704616_lat_523639820220638_radius_1_d0_r/20220517TMX7316010203-002581pano_0002_000124_4.98844662098467_52.3639837859686.jpg,2022,5,17,Steigereiland_Noord,0,lon_49884498427704616_lat_523639820220638_radius_1_d0_r,lon_49884498427704616_lat_523639820220638_radius_1,0,r
ATM_square_equirectangular/Steigereiland_Noord/lon_49884498427704616_lat_523639820220638_radius_1_d0_l/20160606TMX7315120208-000067pano_0023_000155_4.98845117160441_52.3639800709057.jpg,2016,6,6,Steigereiland_Noord,0,lon_49884498427704616_lat_523639820220638_radius_1_d0_l,lon_49884498427704616_lat_523639820220638_radius_1,0,l
ATM_square_equirectangular/Steigereiland_Noord/lon_49884498427704616_lat_523639820220638_radius_1_d0_l/20170403TMX7316010203-000240pano_0001_001175_4.98843890060317_52.3639795736199.jpg,2017,4,3,Steigereiland_Noord,0,lon_49884498427704616_lat_523639820220638_radius_1_d0_l,lon_49884498427704616_lat_523639820220638_radius_1,0,l
ATM_square_equirectangular/Steigereiland_Noord/lon_49884498427704616_lat_523639820220638_radius_1_d0_l/20181217TMX7316010203-001018pano_0003_000337_4.98844768381164_52.3639787485578.jpg,2018,12,17,Steigereiland_Noord,0,lon_49884498427704616_lat_523639820220638_radius_1_d0_l,lon_49884498427704616_lat_523639820220638_radius_1,0,l
ATM_square_equirectangular/Steigereiland_Noord/lon_49884498427704616_lat_523639820220638_radius_1_d0_l/20191210TMX7316010203-001507pano_0000_000086_4.98844477068336_52.3639868119189.jpg,2019,12,10,Steigereiland_Noord,0,lon_49884498427704616_lat_523639820220638_radius_1_d0_l,lon_49884498427704616_lat_523639820220638_radius_1,0,l
ATM_square_equirectangular/Steigereiland_Noord/lon_49884498427704616_lat_523639820220638_radius_1_d0_l/20200624TMX7316010203-001764pano_0001_000435_4.9884614897402_52.3639871379932.jpg,2020,6,24,Steigereiland_Noord,0,lon_49884498427704616_lat_523639820220638_radius_1_d0_l,lon_49884498427704616_lat_523639820220638_radius_1,0,l
ATM_square_equirectangular/Steigereiland_Noord/lon_49884498427704616_lat_523639820220638_radius_1_d0_l/20220517TMX7316010203-002581pano_0002_000124_4.98844662098467_52.3639837859686.jpg,2022,5,17,Steigereiland_Noord,0,lon_49884498427704616_lat_523639820220638_radius_1_d0_l,lon_49884498427704616_lat_523639820220638_radius_1,0,l
ATM_square_equirectangular/Steigereiland_Noord/lon_49884498427704616_lat_523639820220638_radius_1_d0_b/20160606TMX7315120208-000067pano_0023_000155_4.98845117160441_52.3639800709057.jpg,2016,6,6,Steigereiland_Noord,0,lon_49884498427704616_lat_523639820220638_radius_1_d0_b,lon_49884498427704616_lat_523639820220638_radius_1,0,b
ATM_square_equirectangular/Steigereiland_Noord/lon_49884498427704616_lat_523639820220638_radius_1_d0_b/20170403TMX7316010203-000240pano_0001_001175_4.98843890060317_52.3639795736199.jpg,2017,4,3,Steigereiland_Noord,0,lon_49884498427704616_lat_523639820220638_radius_1_d0_b,lon_49884498427704616_lat_523639820220638_radius_1,0,b
ATM_square_equirectangular/Steigereiland_Noord/lon_49884498427704616_lat_523639820220638_radius_1_d0_b/20181217TMX7316010203-001018pano_0003_000337_4.98844768381164_52.3639787485578.jpg,2018,12,17,Steigereiland_Noord,0,lon_49884498427704616_lat_523639820220638_radius_1_d0_b,lon_49884498427704616_lat_523639820220638_radius_1,0,b
ATM_square_equirectangular/Steigereiland_Noord/lon_49884498427704616_lat_523639820220638_radius_1_d0_b/20191210TMX7316010203-001507pano_0000_000086_4.98844477068336_52.3639868119189.jpg,2019,12,10,Steigereiland_Noord,0,lon_49884498427704616_lat_523639820220638_radius_1_d0_b,lon_49884498427704616_lat_523639820220638_radius_1,0,b
ATM_square_equirectangular/Steigereiland_Noord/lon_49884498427704616_lat_523639820220638_radius_1_d0_b/20200624TMX7316010203-001764pano_0001_000435_4.9884614897402_52.3639871379932.jpg,2020,6,24,Steigereiland_Noord,0,lon_49884498427704616_lat_523639820220638_radius_1_d0_b,lon_49884498427704616_lat_523639820220638_radius_1,0,b
ATM_square_equirectangular/Steigereiland_Noord/lon_49884498427704616_lat_523639820220638_radius_1_d0_b/20220517TMX7316010203-002581pano_0002_000124_4.98844662098467_52.3639837859686.jpg,2022,5,17,Steigereiland_Noord,0,lon_49884498427704616_lat_523639820220638_radius_1_d0_b,lon_49884498427704616_lat_523639820220638_radius_1,0,b
ATM_square_equirectangular/VU-kwartier/lon_4865243909059516_lat_5233502079083559_radius_1_d0_b/20170411TMX7316010203-000257pano_0000_001661_4.86524498006769_52.3350203812379.jpg,2017,4,11,VU-kwartier,0,lon_4865243909059516_lat_5233502079083559_radius_1_d0_b,lon_4865243909059516_lat_5233502079083559_radius_1,0,b
ATM_square_equirectangular/VU-kwartier/lon_4865243909059516_lat_5233502079083559_radius_1_d0_b/20190103TMX7316010203-001034pano_0006_000397_4.86523731598091_52.3350229185317.jpg,2019,1,3,VU-kwartier,0,lon_4865243909059516_lat_5233502079083559_radius_1_d0_b,lon_4865243909059516_lat_5233502079083559_radius_1,0,b
ATM_square_equirectangular/VU-kwartier/lon_4865243909059516_lat_5233502079083559_radius_1_d0_b/20200911TMX7316010203-001923pano_0000_000105_4.86524943112995_52.3350190727372.jpg,2020,9,11,VU-kwartier,0,lon_4865243909059516_lat_5233502079083559_radius_1_d0_b,lon_4865243909059516_lat_5233502079083559_radius_1,0,b
ATM_square_equirectangular/Zeeheldenbuurt/lon_48913951665393265_lat_523897703033988_radius_1_d0_f/20180502TMX7316010203-000702pano_0000_001949_4.89139009075476_52.3897769110302.jpg,2018,5,2,Zeeheldenbuurt,0,lon_48913951665393265_lat_523897703033988_radius_1_d0_f,lon_48913951665393265_lat_523897703033988_radius_1,0,f
ATM_square_equirectangular/Zeeheldenbuurt/lon_48913951665393265_lat_523897703033988_radius_1_d0_f/20180502TMX7316010203-000702pano_0000_002076_4.89139239344206_52.3897762825936.jpg,2018,5,2,Zeeheldenbuurt,0,lon_48913951665393265_lat_523897703033988_radius_1_d0_f,lon_48913951665393265_lat_523897703033988_radius_1,0,f
ATM_square_equirectangular/Zeeheldenbuurt/lon_48913951665393265_lat_523897703033988_radius_1_d0_f/20190514TMX7316010203-001182pano_0000_002319_4.89139695095447_52.3897684976352.jpg,2019,5,14,Zeeheldenbuurt,0,lon_48913951665393265_lat_523897703033988_radius_1_d0_f,lon_48913951665393265_lat_523897703033988_radius_1,0,f
ATM_square_equirectangular/Zeeheldenbuurt/lon_48913951665393265_lat_523897703033988_radius_1_d0_f/20200514TMX7316010203-001710pano_0000_002520_4.89139333868002_52.3897772724469.jpg,2020,5,14,Zeeheldenbuurt,0,lon_48913951665393265_lat_523897703033988_radius_1_d0_f,lon_48913951665393265_lat_523897703033988_radius_1,0,f
ATM_square_equirectangular/Zeeheldenbuurt/lon_48913951665393265_lat_523897703033988_radius_1_d0_f/20210224TMX7316010203-002026pano_0000_003324_4.89139642758552_52.3897671486131.jpg,2021,2,24,Zeeheldenbuurt,0,lon_48913951665393265_lat_523897703033988_radius_1_d0_f,lon_48913951665393265_lat_523897703033988_radius_1,0,f
ATM_square_equirectangular/Zeeheldenbuurt/lon_48913951665393265_lat_523897703033988_radius_1_d0_f/20210319TMX7316010203-002050pano_0001_001948_4.89139639270124_52.3897666071092.jpg,2021,3,19,Zeeheldenbuurt,0,lon_48913951665393265_lat_523897703033988_radius_1_d0_f,lon_48913951665393265_lat_523897703033988_radius_1,0,f
ATM_square_equirectangular/Delflandpleinbuurt_Oost/lon_4842948503978418_lat_52346853469320045_radius_1_d0_b/20180612TMX7316010203-000785pano_0001_003123_4.84293948658477_52.3468515415195.jpg,2018,6,12,Delflandpleinbuurt_Oost,0,lon_4842948503978418_lat_52346853469320045_radius_1_d0_b,lon_4842948503978418_lat_52346853469320045_radius_1,0,b
ATM_square_equirectangular/Delflandpleinbuurt_Oost/lon_4842948503978418_lat_52346853469320045_radius_1_d0_b/20181115TMX7316010203-000985pano_0001_003123_4.84293948658477_52.3468515415195.jpg,2018,11,15,Delflandpleinbuurt_Oost,0,lon_4842948503978418_lat_52346853469320045_radius_1_d0_b,lon_4842948503978418_lat_52346853469320045_radius_1,0,b
ATM_square_equirectangular/Delflandpleinbuurt_Oost/lon_4842948503978418_lat_52346853469320045_radius_1_d0_b/20190107TMX7316010203-001039pano_0001_000036_4.84296074636711_52.3468560989147.jpg,2019,1,7,Delflandpleinbuurt_Oost,0,lon_4842948503978418_lat_52346853469320045_radius_1_d0_b,lon_4842948503978418_lat_52346853469320045_radius_1,0,b
ATM_square_equirectangular/Delflandpleinbuurt_Oost/lon_4842948503978418_lat_52346853469320045_radius_1_d0_b/20190426TMX7316010203-001143pano_0001_002379_4.84295018353961_52.3468527085084.jpg,2019,4,26,Delflandpleinbuurt_Oost,0,lon_4842948503978418_lat_52346853469320045_radius_1_d0_b,lon_4842948503978418_lat_52346853469320045_radius_1,0,b
ATM_square_equirectangular/Delflandpleinbuurt_Oost/lon_4842948503978418_lat_52346853469320045_radius_1_d0_b/20210219TMX7316010203-002020pano_0000_002075_4.84295261681583_52.3468554561381.jpg,2021,2,19,Delflandpleinbuurt_Oost,0,lon_4842948503978418_lat_52346853469320045_radius_1_d0_b,lon_4842948503978418_lat_52346853469320045_radius_1,0,b
ATM_square_equirectangular/Steigereiland_West/lon_497944822466388_lat_5235929692296893_radius_1_d0_l/20191128TMX7316010203-001471pano_0002_000167_4.97945461688633_52.3593014470219.jpg,2019,11,28,Steigereiland_West,0,lon_497944822466388_lat_5235929692296893_radius_1_d0_l,lon_497944822466388_lat_5235929692296893_radius_1,0,l
ATM_square_equirectangular/Steigereiland_West/lon_497944822466388_lat_5235929692296893_radius_1_d0_l/20210601TMX7316010203-002149pano_0001_001262_4.97944059686047_52.3592936541796.jpg,2021,6,1,Steigereiland_West,0,lon_497944822466388_lat_5235929692296893_radius_1_d0_l,lon_497944822466388_lat_5235929692296893_radius_1,0,l
ATM_square_equirectangular/Steigereiland_West/lon_497944822466388_lat_5235929692296893_radius_1_d0_l/20220117TMX7316010203-002419pano_0003_000007_4.97944946024484_52.3592956677053.jpg,2022,1,17,Steigereiland_West,0,lon_497944822466388_lat_5235929692296893_radius_1_d0_l,lon_497944822466388_lat_5235929692296893_radius_1,0,l
ATM_square_equirectangular/Steigereiland_West/lon_497944822466388_lat_5235929692296893_radius_1_d0_l/20220517TMX7316010203-002581pano_0000_000994_4.97944337271652_52.3592932496979.jpg,2022,5,17,Steigereiland_West,0,lon_497944822466388_lat_5235929692296893_radius_1_d0_l,lon_497944822466388_lat_5235929692296893_radius_1,0,l
ATM_square_equirectangular/Overhoeks/lon_4901602684339797_lat_5238555364058927_radius_1_d0_l/20190709TMX7316010203-001299pano_0000_002633_4.90160656138256_52.3855511119303.jpg,2019,7,9,Overhoeks,0,lon_4901602684339797_lat_5238555364058927_radius_1_d0_l,lon_4901602684339797_lat_5238555364058927_radius_1,0,l
ATM_square_equirectangular/Overhoeks/lon_4901602684339797_lat_5238555364058927_radius_1_d0_l/20200603TMX7316010203-001735pano_0000_004540_4.901599901998_52.3855554541634.jpg,2020,6,3,Overhoeks,0,lon_4901602684339797_lat_5238555364058927_radius_1_d0_l,lon_4901602684339797_lat_5238555364058927_radius_1,0,l
ATM_square_equirectangular/Overhoeks/lon_4901602684339797_lat_5238555364058927_radius_1_d0_l/20210616TMX7316010203-002181pano_0000_005390_4.90160158963883_52.3855543556741.jpg,2021,6,16,Overhoeks,0,lon_4901602684339797_lat_5238555364058927_radius_1_d0_l,lon_4901602684339797_lat_5238555364058927_radius_1,0,l
ATM_square_equirectangular/Overhoeks/lon_4901602684339797_lat_5238555364058927_radius_1_d0_l/20221227TMX7316010203-002896pano_0003_000205_4.90160761187746_52.385553844336.jpg,2022,12,27,Overhoeks,0,lon_4901602684339797_lat_5238555364058927_radius_1_d0_l,lon_4901602684339797_lat_5238555364058927_radius_1,0,l
ATM_square_equirectangular/Postjeskade_eo/lon_48502736818298935_lat_5235879603654466_radius_1_d0_l/20160622TMX7315080123-000309pano_0000_000396_4.85026074655258_52.3587925200408.jpg,2016,6,22,Postjeskade_eo,0,lon_48502736818298935_lat_5235879603654466_radius_1_d0_l,lon_48502736818298935_lat_5235879603654466_radius_1,0,l
ATM_square_equirectangular/Postjeskade_eo/lon_48502736818298935_lat_5235879603654466_radius_1_d0_l/20170419TMX7316010203-000264pano_0001_003556_4.85026420217553_52.3587977025743.jpg,2017,4,19,Postjeskade_eo,0,lon_48502736818298935_lat_5235879603654466_radius_1_d0_l,lon_48502736818298935_lat_5235879603654466_radius_1,0,l
ATM_square_equirectangular/Postjeskade_eo/lon_48502736818298935_lat_5235879603654466_radius_1_d0_l/20180619TMX7316010203-000795pano_0000_001783_4.850269306163_52.3588006177504.jpg,2018,6,19,Postjeskade_eo,0,lon_48502736818298935_lat_5235879603654466_radius_1_d0_l,lon_48502736818298935_lat_5235879603654466_radius_1,0,l
ATM_square_equirectangular/Postjeskade_eo/lon_48502736818298935_lat_5235879603654466_radius_1_d0_l/20210222TMX7316010203-002025pano_0000_000061_4.85027637916519_52.3587890639056.jpg,2021,2,22,Postjeskade_eo,0,lon_48502736818298935_lat_5235879603654466_radius_1_d0_l,lon_48502736818298935_lat_5235879603654466_radius_1,0,l
ATM_square_equirectangular/Postjeskade_eo/lon_48502736818298935_lat_5235879603654466_radius_1_d0_l/20210326TMX7316010203-002063pano_0000_000401_4.85028107629442_52.3587954427447.jpg,2021,3,26,Postjeskade_eo,0,lon_48502736818298935_lat_5235879603654466_radius_1_d0_l,lon_48502736818298935_lat_5235879603654466_radius_1,0,l
ATM_square_equirectangular/Postjeskade_eo/lon_48502736818298935_lat_5235879603654466_radius_1_d0_l/20221214TMX7316010203-002851pano_0003_000034_4.85027287797067_52.358791603055.jpg,2022,12,14,Postjeskade_eo,0,lon_48502736818298935_lat_5235879603654466_radius_1_d0_l,lon_48502736818298935_lat_5235879603654466_radius_1,0,l
ATM_square_equirectangular/Zuidoostkwadrant_Indische_buurt/lon_494383489175593_lat_5235975757811457_radius_1_d0_f/20160601TMX7315120208-000064pano_0002_000349_4.9438363661473_52.3597534266776.jpg,2016,6,1,Zuidoostkwadrant_Indische_buurt,0,lon_494383489175593_lat_5235975757811457_radius_1_d0_f,lon_494383489175593_lat_5235975757811457_radius_1,0,f
ATM_square_equirectangular/Zuidoostkwadrant_Indische_buurt/lon_494383489175593_lat_5235975757811457_radius_1_d0_f/20170404TMX7316010203-000242pano_0000_003784_4.94383598205446_52.3597615949426.jpg,2017,4,4,Zuidoostkwadrant_Indische_buurt,0,lon_494383489175593_lat_5235975757811457_radius_1_d0_f,lon_494383489175593_lat_5235975757811457_radius_1,0,f
ATM_square_equirectangular/Zuidoostkwadrant_Indische_buurt/lon_494383489175593_lat_5235975757811457_radius_1_d0_f/20190603TMX7316010203-001209pano_0000_002518_4.94383232706603_52.3597577127235.jpg,2019,6,3,Zuidoostkwadrant_Indische_buurt,0,lon_494383489175593_lat_5235975757811457_radius_1_d0_f,lon_494383489175593_lat_5235975757811457_radius_1,0,f
ATM_square_equirectangular/Zuidoostkwadrant_Indische_buurt/lon_494383489175593_lat_5235975757811457_radius_1_d0_f/20220831TMX7316010203-002778pano_0001_000062_4.94384011999461_52.3597551090899.jpg,2022,8,31,Zuidoostkwadrant_Indische_buurt,0,lon_494383489175593_lat_5235975757811457_radius_1_d0_f,lon_494383489175593_lat_5235975757811457_radius_1,0,f
ATM_square_equirectangular/Jeugdland/lon_4930244517840971_lat_5240370654963692_radius_1_d0_l/20160719TMX7315120208-000150pano_0002_000456_4.93024859083019_52.4037105113344.jpg,2016,7,19,Jeugdland,0,lon_4930244517840971_lat_5240370654963692_radius_1_d0_l,lon_4930244517840971_lat_5240370654963692_radius_1,0,l
ATM_square_equirectangular/Jeugdland/lon_4930244517840971_lat_5240370654963692_radius_1_d0_l/20170526TMX7316010203-000311pano_0000_000869_4.93023941086404_52.4037063964048.jpg,2017,5,26,Jeugdland,0,lon_4930244517840971_lat_5240370654963692_radius_1_d0_l,lon_4930244517840971_lat_5240370654963692_radius_1,0,l
ATM_square_equirectangular/Jeugdland/lon_4930244517840971_lat_5240370654963692_radius_1_d0_l/20210217TMX7316010203-002007pano_0000_001574_4.93023312349757_52.4037098144809.jpg,2021,2,17,Jeugdland,0,lon_4930244517840971_lat_5240370654963692_radius_1_d0_l,lon_4930244517840971_lat_5240370654963692_radius_1,0,l
ATM_square_equirectangular/Jeugdland/lon_4930244517840971_lat_5240370654963692_radius_1_d0_l/20210217TMX7316010203-002007pano_0000_002442_4.93023634965257_52.4037058820369.jpg,2021,2,17,Jeugdland,0,lon_4930244517840971_lat_5240370654963692_radius_1_d0_l,lon_4930244517840971_lat_5240370654963692_radius_1,0,l
ATM_square_equirectangular/Jeugdland/lon_4930244517840971_lat_5240370654963692_radius_1_d0_l/20210623TMX7316010203-002187pano_0000_000874_4.93025064723837_52.4037060208605.jpg,2021,6,23,Jeugdland,0,lon_4930244517840971_lat_5240370654963692_radius_1_d0_l,lon_4930244517840971_lat_5240370654963692_radius_1,0,l
ATM_square_equirectangular/Jeugdland/lon_4930244517840971_lat_5240370654963692_radius_1_d0_l/20211223TMX7316010203-002333pano_0000_000318_4.93025262428691_52.4037011160563.jpg,2021,12,23,Jeugdland,0,lon_4930244517840971_lat_5240370654963692_radius_1_d0_l,lon_4930244517840971_lat_5240370654963692_radius_1,0,l
ATM_square_equirectangular/Osdorpplein_eo/lon_4807232304571307_lat_5236052641822575_radius_1_d0_l/20160808TMX7316010203-000050pano_0000_000579_4.8072415763137_52.3605207128629.jpg,2016,8,8,Osdorpplein_eo,0,lon_4807232304571307_lat_5236052641822575_radius_1_d0_l,lon_4807232304571307_lat_5236052641822575_radius_1,0,l
ATM_square_equirectangular/Osdorpplein_eo/lon_4807232304571307_lat_5236052641822575_radius_1_d0_l/20190102TMX7316010203-001033pano_0003_000010_4.80723345351524_52.3605277252899.jpg,2019,1,2,Osdorpplein_eo,0,lon_4807232304571307_lat_5236052641822575_radius_1_d0_l,lon_4807232304571307_lat_5236052641822575_radius_1,0,l
ATM_square_equirectangular/Osdorpplein_eo/lon_4807232304571307_lat_5236052641822575_radius_1_d0_l/20190717TMX7316010203-001316pano_0000_007405_4.80722749880632_52.3605314902312.jpg,2019,7,17,Osdorpplein_eo,0,lon_4807232304571307_lat_5236052641822575_radius_1_d0_l,lon_4807232304571307_lat_5236052641822575_radius_1,0,l
ATM_square_equirectangular/Osdorpplein_eo/lon_4807232304571307_lat_5236052641822575_radius_1_d0_l/20200824TMX7316010203-001890pano_0000_004143_4.80723793359585_52.3605188735225.jpg,2020,8,24,Osdorpplein_eo,0,lon_4807232304571307_lat_5236052641822575_radius_1_d0_l,lon_4807232304571307_lat_5236052641822575_radius_1,0,l
ATM_square_equirectangular/Osdorpplein_eo/lon_4807232304571307_lat_5236052641822575_radius_1_d0_l/20210414TMX7316010203-002090pano_0000_000289_4.80723600665456_52.3605244208404.jpg,2021,4,14,Osdorpplein_eo,0,lon_4807232304571307_lat_5236052641822575_radius_1_d0_l,lon_4807232304571307_lat_5236052641822575_radius_1,0,l
ATM_square_equirectangular/Osdorpplein_eo/lon_4807232304571307_lat_5236052641822575_radius_1_d0_l/20210709TMX7316010203-002227pano_0000_000086_4.80722666791614_52.3605261235676.jpg,2021,7,9,Osdorpplein_eo,0,lon_4807232304571307_lat_5236052641822575_radius_1_d0_l,lon_4807232304571307_lat_5236052641822575_radius_1,0,l
ATM_square_equirectangular/Osdorpplein_eo/lon_4807232304571307_lat_5236052641822575_radius_1_d0_l/20220411TMX7316010203-002505pano_0003_001218_4.80723345676928_52.3605245278935.jpg,2022,4,11,Osdorpplein_eo,0,lon_4807232304571307_lat_5236052641822575_radius_1_d0_l,lon_4807232304571307_lat_5236052641822575_radius_1,0,l
ATM_square_equirectangular/Nieuwe_Kerk_eo/lon_4894528161119828_lat_52374217738769396_radius_1_d0_f/20190115TMX7316010203-001054pano_0000_000335_4.89453049530138_52.374220503873.jpg,2019,1,15,Nieuwe_Kerk_eo,0,lon_4894528161119828_lat_52374217738769396_radius_1_d0_f,lon_4894528161119828_lat_52374217738769396_radius_1,0,f
ATM_square_equirectangular/Nieuwe_Kerk_eo/lon_4894528161119828_lat_52374217738769396_radius_1_d0_f/20190115TMX7316010203-001054pano_0000_000558_4.89454179612595_52.3742194985757.jpg,2019,1,15,Nieuwe_Kerk_eo,0,lon_4894528161119828_lat_52374217738769396_radius_1_d0_f,lon_4894528161119828_lat_52374217738769396_radius_1,0,f
ATM_square_equirectangular/Nieuwe_Kerk_eo/lon_4894528161119828_lat_52374217738769396_radius_1_d0_f/20190513TMX7316010203-001177pano_0000_000333_4.89451941201026_52.3742135008614.jpg,2019,5,13,Nieuwe_Kerk_eo,0,lon_4894528161119828_lat_52374217738769396_radius_1_d0_f,lon_4894528161119828_lat_52374217738769396_radius_1,0,f
ATM_square_equirectangular/Nieuwe_Kerk_eo/lon_4894528161119828_lat_52374217738769396_radius_1_d0_f/20200214TMX7316010203-001643pano_0002_000320_4.89452094104172_52.3742174517675.jpg,2020,2,14,Nieuwe_Kerk_eo,0,lon_4894528161119828_lat_52374217738769396_radius_1_d0_f,lon_4894528161119828_lat_52374217738769396_radius_1,0,f
ATM_square_equirectangular/Nieuwe_Kerk_eo/lon_4894528161119828_lat_52374217738769396_radius_1_d0_b/20190115TMX7316010203-001054pano_0000_000335_4.89453049530138_52.374220503873.jpg,2019,1,15,Nieuwe_Kerk_eo,0,lon_4894528161119828_lat_52374217738769396_radius_1_d0_b,lon_4894528161119828_lat_52374217738769396_radius_1,0,b
ATM_square_equirectangular/Nieuwe_Kerk_eo/lon_4894528161119828_lat_52374217738769396_radius_1_d0_b/20190115TMX7316010203-001054pano_0000_000558_4.89454179612595_52.3742194985757.jpg,2019,1,15,Nieuwe_Kerk_eo,0,lon_4894528161119828_lat_52374217738769396_radius_1_d0_b,lon_4894528161119828_lat_52374217738769396_radius_1,0,b
ATM_square_equirectangular/Nieuwe_Kerk_eo/lon_4894528161119828_lat_52374217738769396_radius_1_d0_b/20190513TMX7316010203-001177pano_0000_000333_4.89451941201026_52.3742135008614.jpg,2019,5,13,Nieuwe_Kerk_eo,0,lon_4894528161119828_lat_52374217738769396_radius_1_d0_b,lon_4894528161119828_lat_52374217738769396_radius_1,0,b
ATM_square_equirectangular/Nieuwe_Kerk_eo/lon_4894528161119828_lat_52374217738769396_radius_1_d0_b/20200214TMX7316010203-001643pano_0002_000320_4.89452094104172_52.3742174517675.jpg,2020,2,14,Nieuwe_Kerk_eo,0,lon_4894528161119828_lat_52374217738769396_radius_1_d0_b,lon_4894528161119828_lat_52374217738769396_radius_1,0,b
ATM_square_equirectangular/Bedrijventerrein_Landlust/lon_48606712772655_lat_5238228065097908_radius_1_d0_b/20210322TMX7316010203-002054pano_0000_000694_4.86067466756543_52.3822780704299.jpg,2021,3,22,Bedrijventerrein_Landlust,0,lon_48606712772655_lat_5238228065097908_radius_1_d0_b,lon_48606712772655_lat_5238228065097908_radius_1,0,b
ATM_square_equirectangular/Bedrijventerrein_Landlust/lon_48606712772655_lat_5238228065097908_radius_1_d0_b/20220104TMX7316010203-002386pano_0001_000098_4.86066763281848_52.3822839765629.jpg,2022,1,4,Bedrijventerrein_Landlust,0,lon_48606712772655_lat_5238228065097908_radius_1_d0_b,lon_48606712772655_lat_5238228065097908_radius_1,0,b
ATM_square_equirectangular/Bedrijventerrein_Landlust/lon_48606712772655_lat_5238228065097908_radius_1_d0_b/20220104TMX7316010203-002386pano_0001_000116_4.86067153141259_52.3822799059444.jpg,2022,1,4,Bedrijventerrein_Landlust,0,lon_48606712772655_lat_5238228065097908_radius_1_d0_b,lon_48606712772655_lat_5238228065097908_radius_1,0,b
ATM_square_equirectangular/Bedrijventerrein_Landlust/lon_48606712772655_lat_5238228065097908_radius_1_d0_b/20221214TMX7316010203-002854pano_0000_000053_4.86067339591056_52.3822820413522.jpg,2022,12,14,Bedrijventerrein_Landlust,0,lon_48606712772655_lat_5238228065097908_radius_1_d0_b,lon_48606712772655_lat_5238228065097908_radius_1,0,b
ATM_square_equirectangular/Don_Bosco/lon_4923264857881735_lat_5235238674076351_radius_1_d0_f/20170330TMX7316010203-000232pano_0000_004396_4.92326937673921_52.3523827692636.jpg,2017,3,30,Don_Bosco,0,lon_4923264857881735_lat_5235238674076351_radius_1_d0_f,lon_4923264857881735_lat_5235238674076351_radius_1,0,f
ATM_square_equirectangular/Don_Bosco/lon_4923264857881735_lat_5235238674076351_radius_1_d0_f/20180524TMX7316010203-000750pano_0000_001447_4.92325628340698_52.3523916402763.jpg,2018,5,24,Don_Bosco,0,lon_4923264857881735_lat_5235238674076351_radius_1_d0_f,lon_4923264857881735_lat_5235238674076351_radius_1,0,f
ATM_square_equirectangular/Don_Bosco/lon_4923264857881735_lat_5235238674076351_radius_1_d0_f/20190516TMX7316010203-001190pano_0000_001813_4.92327083662422_52.3523788908832.jpg,2019,5,16,Don_Bosco,0,lon_4923264857881735_lat_5235238674076351_radius_1_d0_f,lon_4923264857881735_lat_5235238674076351_radius_1,0,f
ATM_square_equirectangular/Don_Bosco/lon_4923264857881735_lat_5235238674076351_radius_1_d0_f/20200129TMX7316010203-001602pano_0001_000052_4.92326108664026_52.3523881943491.jpg,2020,1,29,Don_Bosco,0,lon_4923264857881735_lat_5235238674076351_radius_1_d0_f,lon_4923264857881735_lat_5235238674076351_radius_1,0,f
ATM_square_equirectangular/Don_Bosco/lon_4923264857881735_lat_5235238674076351_radius_1_d0_f/20210531TMX7316010203-002144pano_0000_004147_4.92325879389284_52.352391654687.jpg,2021,5,31,Don_Bosco,0,lon_4923264857881735_lat_5235238674076351_radius_1_d0_f,lon_4923264857881735_lat_5235238674076351_radius_1,0,f
ATM_square_equirectangular/Don_Bosco/lon_4923264857881735_lat_5235238674076351_radius_1_d0_f/20220613TMX7316010203-002591pano_0000_003253_4.92327018327136_52.3523849932707.jpg,2022,6,13,Don_Bosco,0,lon_4923264857881735_lat_5235238674076351_radius_1_d0_f,lon_4923264857881735_lat_5235238674076351_radius_1,0,f
ATM_square_equirectangular/Don_Bosco/lon_4923264857881735_lat_5235238674076351_radius_1_d0_l/20170330TMX7316010203-000232pano_0000_004396_4.92326937673921_52.3523827692636.jpg,2017,3,30,Don_Bosco,0,lon_4923264857881735_lat_5235238674076351_radius_1_d0_l,lon_4923264857881735_lat_5235238674076351_radius_1,0,l
ATM_square_equirectangular/Don_Bosco/lon_4923264857881735_lat_5235238674076351_radius_1_d0_l/20180524TMX7316010203-000750pano_0000_001447_4.92325628340698_52.3523916402763.jpg,2018,5,24,Don_Bosco,0,lon_4923264857881735_lat_5235238674076351_radius_1_d0_l,lon_4923264857881735_lat_5235238674076351_radius_1,0,l
ATM_square_equirectangular/Don_Bosco/lon_4923264857881735_lat_5235238674076351_radius_1_d0_l/20190516TMX7316010203-001190pano_0000_001813_4.92327083662422_52.3523788908832.jpg,2019,5,16,Don_Bosco,0,lon_4923264857881735_lat_5235238674076351_radius_1_d0_l,lon_4923264857881735_lat_5235238674076351_radius_1,0,l
ATM_square_equirectangular/Don_Bosco/lon_4923264857881735_lat_5235238674076351_radius_1_d0_l/20200129TMX7316010203-001602pano_0001_000052_4.92326108664026_52.3523881943491.jpg,2020,1,29,Don_Bosco,0,lon_4923264857881735_lat_5235238674076351_radius_1_d0_l,lon_4923264857881735_lat_5235238674076351_radius_1,0,l
ATM_square_equirectangular/Don_Bosco/lon_4923264857881735_lat_5235238674076351_radius_1_d0_l/20210531TMX7316010203-002144pano_0000_004147_4.92325879389284_52.352391654687.jpg,2021,5,31,Don_Bosco,0,lon_4923264857881735_lat_5235238674076351_radius_1_d0_l,lon_4923264857881735_lat_5235238674076351_radius_1,0,l
ATM_square_equirectangular/Don_Bosco/lon_4923264857881735_lat_5235238674076351_radius_1_d0_l/20220613TMX7316010203-002591pano_0000_003253_4.92327018327136_52.3523849932707.jpg,2022,6,13,Don_Bosco,0,lon_4923264857881735_lat_5235238674076351_radius_1_d0_l,lon_4923264857881735_lat_5235238674076351_radius_1,0,l
ATM_square_equirectangular/Prinses_Irenebuurt/lon_487503446020706_lat_5234388887493029_radius_1_d0_b/20170411TMX7316010203-000257pano_0000_000076_4.87503400368134_52.3438947634868.jpg,2017,4,11,Prinses_Irenebuurt,0,lon_487503446020706_lat_5234388887493029_radius_1_d0_b,lon_487503446020706_lat_5234388887493029_radius_1,0,b
ATM_square_equirectangular/Prinses_Irenebuurt/lon_487503446020706_lat_5234388887493029_radius_1_d0_b/20190506TMX7316010203-001163pano_0000_001937_4.87504129702201_52.3438869971049.jpg,2019,5,6,Prinses_Irenebuurt,0,lon_487503446020706_lat_5234388887493029_radius_1_d0_b,lon_487503446020706_lat_5234388887493029_radius_1,0,b
ATM_square_equirectangular/Prinses_Irenebuurt/lon_487503446020706_lat_5234388887493029_radius_1_d0_b/20200706TMX7316010203-001789pano_0002_001609_4.87502807991783_52.3438848641992.jpg,2020,7,6,Prinses_Irenebuurt,0,lon_487503446020706_lat_5234388887493029_radius_1_d0_b,lon_487503446020706_lat_5234388887493029_radius_1,0,b
ATM_square_equirectangular/Prinses_Irenebuurt/lon_487503446020706_lat_5234388887493029_radius_1_d0_b/20220324TMX7316010203-002476pano_0001_001593_4.87503783963004_52.3438925321395.jpg,2022,3,24,Prinses_Irenebuurt,0,lon_487503446020706_lat_5234388887493029_radius_1_d0_b,lon_487503446020706_lat_5234388887493029_radius_1,0,b
ATM_square_equirectangular/Olympisch_Stadion_eo/lon_4855845513879583_lat_52346907396042525_radius_1_d0_r/20160729TMX7316060226-000009pano_0002_000353_4.8558461874999_52.3469081652738.jpg,2016,7,29,Olympisch_Stadion_eo,0,lon_4855845513879583_lat_52346907396042525_radius_1_d0_r,lon_4855845513879583_lat_52346907396042525_radius_1,0,r
ATM_square_equirectangular/Olympisch_Stadion_eo/lon_4855845513879583_lat_52346907396042525_radius_1_d0_r/20170413TMX7316010203-000259pano_0008_000491_4.85583841018028_52.3469009562446.jpg,2017,4,13,Olympisch_Stadion_eo,0,lon_4855845513879583_lat_52346907396042525_radius_1_d0_r,lon_4855845513879583_lat_52346907396042525_radius_1,0,r
ATM_square_equirectangular/Olympisch_Stadion_eo/lon_4855845513879583_lat_52346907396042525_radius_1_d0_r/20180606TMX7316010203-000777pano_0000_004217_4.85584345754432_52.346904984227.jpg,2018,6,6,Olympisch_Stadion_eo,0,lon_4855845513879583_lat_52346907396042525_radius_1_d0_r,lon_4855845513879583_lat_52346907396042525_radius_1,0,r
ATM_square_equirectangular/Olympisch_Stadion_eo/lon_4855845513879583_lat_52346907396042525_radius_1_d0_r/20220321TMX7316010203-002460pano_0002_000400_4.8558380348382_52.3469107902385.jpg,2022,3,21,Olympisch_Stadion_eo,0,lon_4855845513879583_lat_52346907396042525_radius_1_d0_r,lon_4855845513879583_lat_52346907396042525_radius_1,0,r
ATM_square_equirectangular/Amstelveldbuurt/lon_48997187050758075_lat_5236532442246405_radius_1_d0_r/20181121TMX7316010203-000998pano_0004_000835_4.89971743358283_52.365321663697.jpg,2018,11,21,Amstelveldbuurt,0,lon_48997187050758075_lat_5236532442246405_radius_1_d0_r,lon_48997187050758075_lat_5236532442246405_radius_1,0,r
ATM_square_equirectangular/Amstelveldbuurt/lon_48997187050758075_lat_5236532442246405_radius_1_d0_r/20200421TMX7316010203-001664pano_0000_001994_4.89971626275312_52.3653302992308.jpg,2020,4,21,Amstelveldbuurt,0,lon_48997187050758075_lat_5236532442246405_radius_1_d0_r,lon_48997187050758075_lat_5236532442246405_radius_1,0,r
ATM_square_equirectangular/Amstelveldbuurt/lon_48997187050758075_lat_5236532442246405_radius_1_d0_r/20210315TMX7316010203-002040pano_0001_002610_4.89971460673808_52.3653245999508.jpg,2021,3,15,Amstelveldbuurt,0,lon_48997187050758075_lat_5236532442246405_radius_1_d0_r,lon_48997187050758075_lat_5236532442246405_radius_1,0,r
ATM_square_equirectangular/Amstelveldbuurt/lon_48997187050758075_lat_5236532442246405_radius_1_d0_r/20210909TMX7316010203-002306pano_0002_002254_4.8997265172292_52.3653211269776.jpg,2021,9,9,Amstelveldbuurt,0,lon_48997187050758075_lat_5236532442246405_radius_1_d0_r,lon_48997187050758075_lat_5236532442246405_radius_1,0,r
ATM_square_equirectangular/Amstelveldbuurt/lon_48997187050758075_lat_5236532442246405_radius_1_d0_r/20230213TMX7316010203-002964pano_0006_000028_4.89972194871111_52.365328929193.jpg,2023,2,13,Amstelveldbuurt,0,lon_48997187050758075_lat_5236532442246405_radius_1_d0_r,lon_48997187050758075_lat_5236532442246405_radius_1,0,r
ATM_square_equirectangular/IJsselbuurt_Oost/lon_4909206006455256_lat_5234842048318211_radius_1_d0_l/20160726TMX7316060226-000004pano_0006_000649_4.90920406079404_52.3484234724657.jpg,2016,7,26,IJsselbuurt_Oost,0,lon_4909206006455256_lat_5234842048318211_radius_1_d0_l,lon_4909206006455256_lat_5234842048318211_radius_1,0,l
ATM_square_equirectangular/IJsselbuurt_Oost/lon_4909206006455256_lat_5234842048318211_radius_1_d0_l/20170407TMX7316010203-000251pano_0000_003127_4.90919958386643_52.348425557126.jpg,2017,4,7,IJsselbuurt_Oost,0,lon_4909206006455256_lat_5234842048318211_radius_1_d0_l,lon_4909206006455256_lat_5234842048318211_radius_1,0,l
ATM_square_equirectangular/IJsselbuurt_Oost/lon_4909206006455256_lat_5234842048318211_radius_1_d0_l/20190104TMX7316010203-001036pano_0000_001094_4.90920867965436_52.3484128637799.jpg,2019,1,4,IJsselbuurt_Oost,0,lon_4909206006455256_lat_5234842048318211_radius_1_d0_l,lon_4909206006455256_lat_5234842048318211_radius_1,0,l
ATM_square_equirectangular/IJsselbuurt_Oost/lon_4909206006455256_lat_5234842048318211_radius_1_d0_l/20190508TMX7316010203-001168pano_0000_002556_4.90920638183827_52.3484154243739.jpg,2019,5,8,IJsselbuurt_Oost,0,lon_4909206006455256_lat_5234842048318211_radius_1_d0_l,lon_4909206006455256_lat_5234842048318211_radius_1,0,l
ATM_square_equirectangular/IJsselbuurt_Oost/lon_4909206006455256_lat_5234842048318211_radius_1_d0_l/20200707TMX7316010203-001792pano_0000_004884_4.90921132612318_52.348425098165.jpg,2020,7,7,IJsselbuurt_Oost,0,lon_4909206006455256_lat_5234842048318211_radius_1_d0_l,lon_4909206006455256_lat_5234842048318211_radius_1,0,l
ATM_square_equirectangular/Walvisbuurt/lon_4890792986631535_lat_52422339663796635_radius_1_d0_r/20160622TMX7315120208-000090pano_0001_000688_4.89078923206907_52.4223375403994.jpg,2016,6,22,Walvisbuurt,0,lon_4890792986631535_lat_52422339663796635_radius_1_d0_r,lon_4890792986631535_lat_52422339663796635_radius_1,0,r
ATM_square_equirectangular/Walvisbuurt/lon_4890792986631535_lat_52422339663796635_radius_1_d0_r/20160818TMX7316060226-000031pano_0003_001846_4.89079761766982_52.4223444387568.jpg,2016,8,18,Walvisbuurt,0,lon_4890792986631535_lat_52422339663796635_radius_1_d0_r,lon_4890792986631535_lat_52422339663796635_radius_1,0,r
ATM_square_equirectangular/Walvisbuurt/lon_4890792986631535_lat_52422339663796635_radius_1_d0_r/20190628TMX7316010203-001260pano_0000_003648_4.89078764015406_52.4223451849992.jpg,2019,6,28,Walvisbuurt,0,lon_4890792986631535_lat_52422339663796635_radius_1_d0_r,lon_4890792986631535_lat_52422339663796635_radius_1,0,r
ATM_square_equirectangular/Walvisbuurt/lon_4890792986631535_lat_52422339663796635_radius_1_d0_r/20200616TMX7316010203-001746pano_0001_001239_4.89079745663319_52.4223314910311.jpg,2020,6,16,Walvisbuurt,0,lon_4890792986631535_lat_52422339663796635_radius_1_d0_r,lon_4890792986631535_lat_52422339663796635_radius_1,0,r
ATM_square_equirectangular/Walvisbuurt/lon_4890792986631535_lat_52422339663796635_radius_1_d0_r/20220511TMX7316010203-002574pano_0000_001576_4.89079309985082_52.4223430722797.jpg,2022,5,11,Walvisbuurt,0,lon_4890792986631535_lat_52422339663796635_radius_1_d0_r,lon_4890792986631535_lat_52422339663796635_radius_1,0,r
ATM_square_equirectangular/Walvisbuurt/lon_4890792986631535_lat_52422339663796635_radius_1_d0_r/20220519TMX7316010203-002588pano_0003_000427_4.8907916991687_52.4223376467046.jpg,2022,5,19,Walvisbuurt,0,lon_4890792986631535_lat_52422339663796635_radius_1_d0_r,lon_4890792986631535_lat_52422339663796635_radius_1,0,r
ATM_square_equirectangular/Holysloot/lon_5028525206065857_lat_52413649813115875_radius_1_d0_f/20191211TMX7316010203-001509pano_0000_000181_5.0285253190986_52.4136490508104.jpg,2019,12,11,Holysloot,0,lon_5028525206065857_lat_52413649813115875_radius_1_d0_f,lon_5028525206065857_lat_52413649813115875_radius_1,0,f
ATM_square_equirectangular/Holysloot/lon_5028525206065857_lat_52413649813115875_radius_1_d0_f/20210628TMX7316010203-002197pano_0001_001267_5.02852644418385_52.4136483628901.jpg,2021,6,28,Holysloot,0,lon_5028525206065857_lat_52413649813115875_radius_1_d0_f,lon_5028525206065857_lat_52413649813115875_radius_1,0,f
ATM_square_equirectangular/Holysloot/lon_5028525206065857_lat_52413649813115875_radius_1_d0_f/20211227TMX7316010203-002351pano_0001_000041_5.02852385491512_52.4136520256471.jpg,2021,12,27,Holysloot,0,lon_5028525206065857_lat_52413649813115875_radius_1_d0_f,lon_5028525206065857_lat_52413649813115875_radius_1,0,f
ATM_square_equirectangular/Zeeburgereiland_Zuidoost/lon_496672177038744_lat_52369468476026576_radius_1_d0_f/20160606TMX7315120208-000069pano_0000_000089_4.96672362322432_52.3694645608557.jpg,2016,6,6,Zeeburgereiland_Zuidoost,0,lon_496672177038744_lat_52369468476026576_radius_1_d0_f,lon_496672177038744_lat_52369468476026576_radius_1,0,f
ATM_square_equirectangular/Zeeburgereiland_Zuidoost/lon_496672177038744_lat_52369468476026576_radius_1_d0_f/20170405TMX7316010203-000244pano_0000_002004_4.96672695733208_52.3694682195233.jpg,2017,4,5,Zeeburgereiland_Zuidoost,0,lon_496672177038744_lat_52369468476026576_radius_1_d0_f,lon_496672177038744_lat_52369468476026576_radius_1,0,f
ATM_square_equirectangular/Zeeburgereiland_Zuidoost/lon_496672177038744_lat_52369468476026576_radius_1_d0_f/20180523TMX7316010203-000746pano_0000_000642_4.96672440882692_52.3694743404106.jpg,2018,5,23,Zeeburgereiland_Zuidoost,0,lon_496672177038744_lat_52369468476026576_radius_1_d0_f,lon_496672177038744_lat_52369468476026576_radius_1,0,f
ATM_square_equirectangular/Zeeburgereiland_Zuidoost/lon_496672177038744_lat_52369468476026576_radius_1_d0_f/20200129TMX7316010203-001605pano_0001_000138_4.96671209216644_52.3694667833167.jpg,2020,1,29,Zeeburgereiland_Zuidoost,0,lon_496672177038744_lat_52369468476026576_radius_1_d0_f,lon_496672177038744_lat_52369468476026576_radius_1,0,f
ATM_square_equirectangular/Vogelbuurt_Noord/lon_4926297632319983_lat_5238839164799632_radius_1_d0_r/20180730TMX7316010203-000885pano_0001_003321_4.92629933082898_52.3883984355981.jpg,2018,7,30,Vogelbuurt_Noord,0,lon_4926297632319983_lat_5238839164799632_radius_1_d0_r,lon_4926297632319983_lat_5238839164799632_radius_1,0,r
ATM_square_equirectangular/Vogelbuurt_Noord/lon_4926297632319983_lat_5238839164799632_radius_1_d0_r/20200529TMX7316010203-001729pano_0000_003563_4.92630091221536_52.3883895060837.jpg,2020,5,29,Vogelbuurt_Noord,0,lon_4926297632319983_lat_5238839164799632_radius_1_d0_r,lon_4926297632319983_lat_5238839164799632_radius_1,0,r
ATM_square_equirectangular/Vogelbuurt_Noord/lon_4926297632319983_lat_5238839164799632_radius_1_d0_r/20210615TMX7316010203-002179pano_0002_000525_4.92629265391561_52.3883870023072.jpg,2021,6,15,Vogelbuurt_Noord,0,lon_4926297632319983_lat_5238839164799632_radius_1_d0_r,lon_4926297632319983_lat_5238839164799632_radius_1,0,r
ATM_square_equirectangular/Weesperzijde_Midden-Zuid/lon_4910813310728307_lat_5235426379736426_radius_1_d0_l/20170331TMX7316010203-000239pano_0002_000625_4.91081585691322_52.354261644526.jpg,2017,3,31,Weesperzijde_Midden-Zuid,0,lon_4910813310728307_lat_5235426379736426_radius_1_d0_l,lon_4910813310728307_lat_5235426379736426_radius_1,0,l
ATM_square_equirectangular/Weesperzijde_Midden-Zuid/lon_4910813310728307_lat_5235426379736426_radius_1_d0_l/20181212TMX7316010203-001009pano_0006_000559_4.91081220149283_52.3542698595534.jpg,2018,12,12,Weesperzijde_Midden-Zuid,0,lon_4910813310728307_lat_5235426379736426_radius_1_d0_l,lon_4910813310728307_lat_5235426379736426_radius_1,0,l
ATM_square_equirectangular/Weesperzijde_Midden-Zuid/lon_4910813310728307_lat_5235426379736426_radius_1_d0_l/20190515TMX7316010203-001184pano_0000_002412_4.91081187377887_52.3542598880134.jpg,2019,5,15,Weesperzijde_Midden-Zuid,0,lon_4910813310728307_lat_5235426379736426_radius_1_d0_l,lon_4910813310728307_lat_5235426379736426_radius_1,0,l
ATM_square_equirectangular/Concertgebouwbuurt/lon_4875432007599953_lat_52355938381782394_radius_1_d0_l/20170412TMX7316010203-000258pano_0002_003635_4.87543176638551_52.3559349550237.jpg,2017,4,12,Concertgebouwbuurt,0,lon_4875432007599953_lat_52355938381782394_radius_1_d0_l,lon_4875432007599953_lat_52355938381782394_radius_1,0,l
ATM_square_equirectangular/Concertgebouwbuurt/lon_4875432007599953_lat_52355938381782394_radius_1_d0_l/20190503TMX7316010203-001159pano_0001_002652_4.87542517708679_52.3559453774311.jpg,2019,5,3,Concertgebouwbuurt,0,lon_4875432007599953_lat_52355938381782394_radius_1_d0_l,lon_4875432007599953_lat_52355938381782394_radius_1,0,l
ATM_square_equirectangular/Concertgebouwbuurt/lon_4875432007599953_lat_52355938381782394_radius_1_d0_l/20200129TMX7316010203-001601pano_0005_000201_4.87543573251293_52.3559402237663.jpg,2020,1,29,Concertgebouwbuurt,0,lon_4875432007599953_lat_52355938381782394_radius_1_d0_l,lon_4875432007599953_lat_52355938381782394_radius_1,0,l
ATM_square_equirectangular/Concertgebouwbuurt/lon_4875432007599953_lat_52355938381782394_radius_1_d0_l/20200827TMX7316010203-001892pano_0000_000066_4.87543535441458_52.3559329709085.jpg,2020,8,27,Concertgebouwbuurt,0,lon_4875432007599953_lat_52355938381782394_radius_1_d0_l,lon_4875432007599953_lat_52355938381782394_radius_1,0,l
ATM_square_equirectangular/Weteringbuurt/lon_4893968174106471_lat_5236058344663778_radius_1_d0_r/20160815TMX7316060226-000020pano_0000_000823_4.89396880102556_52.3605825482511.jpg,2016,8,15,Weteringbuurt,0,lon_4893968174106471_lat_5236058344663778_radius_1_d0_r,lon_4893968174106471_lat_5236058344663778_radius_1,0,r
ATM_square_equirectangular/Weteringbuurt/lon_4893968174106471_lat_5236058344663778_radius_1_d0_r/20200127TMX7316010203-001594pano_0004_001160_4.89395533268488_52.360586865798.jpg,2020,1,27,Weteringbuurt,0,lon_4893968174106471_lat_5236058344663778_radius_1_d0_r,lon_4893968174106471_lat_5236058344663778_radius_1,0,r
ATM_square_equirectangular/Weteringbuurt/lon_4893968174106471_lat_5236058344663778_radius_1_d0_r/20200429TMX7316010203-001681pano_0000_006315_4.893982443534_52.3605825949098.jpg,2020,4,29,Weteringbuurt,0,lon_4893968174106471_lat_5236058344663778_radius_1_d0_r,lon_4893968174106471_lat_5236058344663778_radius_1,0,r
ATM_square_equirectangular/Weteringbuurt/lon_4893968174106471_lat_5236058344663778_radius_1_d0_r/20210315TMX7316010203-002040pano_0001_001386_4.89395765213326_52.360584355749.jpg,2021,3,15,Weteringbuurt,0,lon_4893968174106471_lat_5236058344663778_radius_1_d0_r,lon_4893968174106471_lat_5236058344663778_radius_1,0,r
ATM_square_equirectangular/Weteringbuurt/lon_4893968174106471_lat_5236058344663778_radius_1_d0_r/20211229TMX7316010203-002364pano_0001_000326_4.89397664115465_52.360580868481.jpg,2021,12,29,Weteringbuurt,0,lon_4893968174106471_lat_5236058344663778_radius_1_d0_r,lon_4893968174106471_lat_5236058344663778_radius_1,0,r
ATM_square_equirectangular/Weteringbuurt/lon_4893968174106471_lat_5236058344663778_radius_1_d0_r/20220426TMX7316010203-002545pano_0000_000999_4.89396479681943_52.3605846764104.jpg,2022,4,26,Weteringbuurt,0,lon_4893968174106471_lat_5236058344663778_radius_1_d0_r,lon_4893968174106471_lat_5236058344663778_radius_1,0,r
ATM_square_equirectangular/Langestraat_eo/lon_4888599468541283_lat_523786149672074_radius_1_d0_f/20190110TMX7316010203-001047pano_0000_000748_4.88860225779069_52.3786146985323.jpg,2019,1,10,Langestraat_eo,0,lon_4888599468541283_lat_523786149672074_radius_1_d0_f,lon_4888599468541283_lat_523786149672074_radius_1,0,f
ATM_square_equirectangular/Langestraat_eo/lon_4888599468541283_lat_523786149672074_radius_1_d0_f/20191308TMX7316010203-001543pano_0000_001436_4.88859298299249_52.3786156802703.jpg,2019,13,8,Langestraat_eo,0,lon_4888599468541283_lat_523786149672074_radius_1_d0_f,lon_4888599468541283_lat_523786149672074_radius_1,0,f
ATM_square_equirectangular/Langestraat_eo/lon_4888599468541283_lat_523786149672074_radius_1_d0_f/20191310TMX7316010203-001549pano_0000_000491_4.88860316484067_52.3786145228196.jpg,2019,13,10,Langestraat_eo,0,lon_4888599468541283_lat_523786149672074_radius_1_d0_f,lon_4888599468541283_lat_523786149672074_radius_1,0,f
ATM_square_equirectangular/Langestraat_eo/lon_4888599468541283_lat_523786149672074_radius_1_d0_f/20230130TMX7316010203-002951pano_0012_000052_4.88859615260149_52.3786181189026.jpg,2023,1,30,Langestraat_eo,0,lon_4888599468541283_lat_523786149672074_radius_1_d0_f,lon_4888599468541283_lat_523786149672074_radius_1,0,f
ATM_square_equirectangular/Felix_Meritisbuurt/lon_4885704244685829_lat_5237232421054419_radius_1_d0_f/20190115TMX7316010203-001054pano_0000_001591_4.885705015952_52.3723233093904.jpg,2019,1,15,Felix_Meritisbuurt,0,lon_4885704244685829_lat_5237232421054419_radius_1_d0_f,lon_4885704244685829_lat_5237232421054419_radius_1,0,f
ATM_square_equirectangular/Felix_Meritisbuurt/lon_4885704244685829_lat_5237232421054419_radius_1_d0_f/20200424TMX7316010203-001672pano_0000_000639_4.8856992207516_52.3723175218696.jpg,2020,4,24,Felix_Meritisbuurt,0,lon_4885704244685829_lat_5237232421054419_radius_1_d0_f,lon_4885704244685829_lat_5237232421054419_radius_1,0,f
ATM_square_equirectangular/Felix_Meritisbuurt/lon_4885704244685829_lat_5237232421054419_radius_1_d0_f/20210909TMX7316010203-002306pano_0001_001968_4.8857007466856_52.3723248359815.jpg,2021,9,9,Felix_Meritisbuurt,0,lon_4885704244685829_lat_5237232421054419_radius_1_d0_f,lon_4885704244685829_lat_5237232421054419_radius_1,0,f
ATM_square_equirectangular/Felix_Meritisbuurt/lon_4885704244685829_lat_5237232421054419_radius_1_d0_f/20211229TMX7316010203-002362pano_0001_000043_4.88571199535412_52.3723311749353.jpg,2021,12,29,Felix_Meritisbuurt,0,lon_4885704244685829_lat_5237232421054419_radius_1_d0_f,lon_4885704244685829_lat_5237232421054419_radius_1,0,f
ATM_square_equirectangular/Felix_Meritisbuurt/lon_4885704244685829_lat_5237232421054419_radius_1_d0_f/20221215TMX7316010203-002865pano_0022_000009_4.88571516469462_52.37231859884.jpg,2022,12,15,Felix_Meritisbuurt,0,lon_4885704244685829_lat_5237232421054419_radius_1_d0_f,lon_4885704244685829_lat_5237232421054419_radius_1,0,f
ATM_square_equirectangular/Felix_Meritisbuurt/lon_4885704244685829_lat_5237232421054419_radius_1_d0_r/20190115TMX7316010203-001054pano_0000_001591_4.885705015952_52.3723233093904.jpg,2019,1,15,Felix_Meritisbuurt,0,lon_4885704244685829_lat_5237232421054419_radius_1_d0_r,lon_4885704244685829_lat_5237232421054419_radius_1,0,r
ATM_square_equirectangular/Felix_Meritisbuurt/lon_4885704244685829_lat_5237232421054419_radius_1_d0_r/20200424TMX7316010203-001672pano_0000_000639_4.8856992207516_52.3723175218696.jpg,2020,4,24,Felix_Meritisbuurt,0,lon_4885704244685829_lat_5237232421054419_radius_1_d0_r,lon_4885704244685829_lat_5237232421054419_radius_1,0,r
ATM_square_equirectangular/Felix_Meritisbuurt/lon_4885704244685829_lat_5237232421054419_radius_1_d0_r/20210909TMX7316010203-002306pano_0001_001968_4.8857007466856_52.3723248359815.jpg,2021,9,9,Felix_Meritisbuurt,0,lon_4885704244685829_lat_5237232421054419_radius_1_d0_r,lon_4885704244685829_lat_5237232421054419_radius_1,0,r
ATM_square_equirectangular/Felix_Meritisbuurt/lon_4885704244685829_lat_5237232421054419_radius_1_d0_r/20211229TMX7316010203-002362pano_0001_000043_4.88571199535412_52.3723311749353.jpg,2021,12,29,Felix_Meritisbuurt,0,lon_4885704244685829_lat_5237232421054419_radius_1_d0_r,lon_4885704244685829_lat_5237232421054419_radius_1,0,r
ATM_square_equirectangular/Felix_Meritisbuurt/lon_4885704244685829_lat_5237232421054419_radius_1_d0_r/20221215TMX7316010203-002865pano_0022_000009_4.88571516469462_52.37231859884.jpg,2022,12,15,Felix_Meritisbuurt,0,lon_4885704244685829_lat_5237232421054419_radius_1_d0_r,lon_4885704244685829_lat_5237232421054419_radius_1,0,r
ATM_square_equirectangular/Willibrordusbuurt/lon_490283231157346_lat_5235462728585664_radius_1_d0_f/20170407TMX7316010203-000251pano_0000_004036_4.90282110978394_52.3546251574822.jpg,2017,4,7,Willibrordusbuurt,0,lon_490283231157346_lat_5235462728585664_radius_1_d0_f,lon_490283231157346_lat_5235462728585664_radius_1,0,f
ATM_square_equirectangular/Willibrordusbuurt/lon_490283231157346_lat_5235462728585664_radius_1_d0_f/20190109TMX7316010203-001045pano_0000_000180_4.90283497844221_52.3546295325526.jpg,2019,1,9,Willibrordusbuurt,0,lon_490283231157346_lat_5235462728585664_radius_1_d0_f,lon_490283231157346_lat_5235462728585664_radius_1,0,f
ATM_square_equirectangular/Willibrordusbuurt/lon_490283231157346_lat_5235462728585664_radius_1_d0_f/20190109TMX7316010203-001045pano_0000_001002_4.90282868403408_52.3546272614307.jpg,2019,1,9,Willibrordusbuurt,0,lon_490283231157346_lat_5235462728585664_radius_1_d0_f,lon_490283231157346_lat_5235462728585664_radius_1,0,f
ATM_square_equirectangular/Willibrordusbuurt/lon_490283231157346_lat_5235462728585664_radius_1_d0_f/20190508TMX7316010203-001168pano_0000_003434_4.90283781811863_52.3546345644174.jpg,2019,5,8,Willibrordusbuurt,0,lon_490283231157346_lat_5235462728585664_radius_1_d0_f,lon_490283231157346_lat_5235462728585664_radius_1,0,f
ATM_square_equirectangular/Willibrordusbuurt/lon_490283231157346_lat_5235462728585664_radius_1_d0_f/20210421TMX7316010203-002112pano_0001_001465_4.90284253071877_52.3546217992525.jpg,2021,4,21,Willibrordusbuurt,0,lon_490283231157346_lat_5235462728585664_radius_1_d0_f,lon_490283231157346_lat_5235462728585664_radius_1,0,f
ATM_square_equirectangular/Willibrordusbuurt/lon_490283231157346_lat_5235462728585664_radius_1_d0_f/20220323TMX7316010203-002469pano_0000_002291_4.90282816430972_52.354633099267.jpg,2022,3,23,Willibrordusbuurt,0,lon_490283231157346_lat_5235462728585664_radius_1_d0_f,lon_490283231157346_lat_5235462728585664_radius_1,0,f
ATM_square_equirectangular/Willibrordusbuurt/lon_490283231157346_lat_5235462728585664_radius_1_d0_f/20230103TMX7316010203-002912pano_0005_000216_4.90284109972464_52.3546314347456.jpg,2023,1,3,Willibrordusbuurt,0,lon_490283231157346_lat_5235462728585664_radius_1_d0_f,lon_490283231157346_lat_5235462728585664_radius_1,0,f
ATM_square_equirectangular/Willibrordusbuurt/lon_490283231157346_lat_5235462728585664_radius_1_d0_r/20170407TMX7316010203-000251pano_0000_004036_4.90282110978394_52.3546251574822.jpg,2017,4,7,Willibrordusbuurt,0,lon_490283231157346_lat_5235462728585664_radius_1_d0_r,lon_490283231157346_lat_5235462728585664_radius_1,0,r
ATM_square_equirectangular/Willibrordusbuurt/lon_490283231157346_lat_5235462728585664_radius_1_d0_r/20190109TMX7316010203-001045pano_0000_000180_4.90283497844221_52.3546295325526.jpg,2019,1,9,Willibrordusbuurt,0,lon_490283231157346_lat_5235462728585664_radius_1_d0_r,lon_490283231157346_lat_5235462728585664_radius_1,0,r
ATM_square_equirectangular/Willibrordusbuurt/lon_490283231157346_lat_5235462728585664_radius_1_d0_r/20190109TMX7316010203-001045pano_0000_001002_4.90282868403408_52.3546272614307.jpg,2019,1,9,Willibrordusbuurt,0,lon_490283231157346_lat_5235462728585664_radius_1_d0_r,lon_490283231157346_lat_5235462728585664_radius_1,0,r
ATM_square_equirectangular/Willibrordusbuurt/lon_490283231157346_lat_5235462728585664_radius_1_d0_r/20190508TMX7316010203-001168pano_0000_003434_4.90283781811863_52.3546345644174.jpg,2019,5,8,Willibrordusbuurt,0,lon_490283231157346_lat_5235462728585664_radius_1_d0_r,lon_490283231157346_lat_5235462728585664_radius_1,0,r
ATM_square_equirectangular/Willibrordusbuurt/lon_490283231157346_lat_5235462728585664_radius_1_d0_r/20210421TMX7316010203-002112pano_0001_001465_4.90284253071877_52.3546217992525.jpg,2021,4,21,Willibrordusbuurt,0,lon_490283231157346_lat_5235462728585664_radius_1_d0_r,lon_490283231157346_lat_5235462728585664_radius_1,0,r
ATM_square_equirectangular/Willibrordusbuurt/lon_490283231157346_lat_5235462728585664_radius_1_d0_r/20220323TMX7316010203-002469pano_0000_002291_4.90282816430972_52.354633099267.jpg,2022,3,23,Willibrordusbuurt,0,lon_490283231157346_lat_5235462728585664_radius_1_d0_r,lon_490283231157346_lat_5235462728585664_radius_1,0,r
ATM_square_equirectangular/Willibrordusbuurt/lon_490283231157346_lat_5235462728585664_radius_1_d0_r/20230103TMX7316010203-002912pano_0005_000216_4.90284109972464_52.3546314347456.jpg,2023,1,3,Willibrordusbuurt,0,lon_490283231157346_lat_5235462728585664_radius_1_d0_r,lon_490283231157346_lat_5235462728585664_radius_1,0,r
ATM_square_equirectangular/Leidsebuurt_Noordoost/lon_48858866926229965_lat_5236309126874248_radius_1_d0_r/20190110TMX7316010203-001047pano_0000_001376_4.88587908793958_52.3630973298189.jpg,2019,1,10,Leidsebuurt_Noordoost,0,lon_48858866926229965_lat_5236309126874248_radius_1_d0_r,lon_48858866926229965_lat_5236309126874248_radius_1,0,r
ATM_square_equirectangular/Leidsebuurt_Noordoost/lon_48858866926229965_lat_5236309126874248_radius_1_d0_r/20190513TMX7316010203-001178pano_0001_003380_4.88589109656044_52.3630867222648.jpg,2019,5,13,Leidsebuurt_Noordoost,0,lon_48858866926229965_lat_5236309126874248_radius_1_d0_r,lon_48858866926229965_lat_5236309126874248_radius_1,0,r
ATM_square_equirectangular/Leidsebuurt_Noordoost/lon_48858866926229965_lat_5236309126874248_radius_1_d0_r/20191308TMX7316010203-001542pano_0004_000179_4.88589197542075_52.3630898609572.jpg,2019,13,8,Leidsebuurt_Noordoost,0,lon_48858866926229965_lat_5236309126874248_radius_1_d0_r,lon_48858866926229965_lat_5236309126874248_radius_1,0,r
ATM_square_equirectangular/Leidsebuurt_Noordoost/lon_48858866926229965_lat_5236309126874248_radius_1_d0_r/20210909TMX7316010203-002306pano_0001_000360_4.88589232691782_52.3630949197389.jpg,2021,9,9,Leidsebuurt_Noordoost,0,lon_48858866926229965_lat_5236309126874248_radius_1_d0_r,lon_48858866926229965_lat_5236309126874248_radius_1,0,r
ATM_square_equirectangular/Middenmeer_Zuid/lon_4939829239919998_lat_5234883439038962_radius_1_d0_f/20160418TMX7315120208-000029pano_0000_003494_4.93983386769088_52.3488343799688.jpg,2016,4,18,Middenmeer_Zuid,0,lon_4939829239919998_lat_5234883439038962_radius_1_d0_f,lon_4939829239919998_lat_5234883439038962_radius_1,0,f
ATM_square_equirectangular/Middenmeer_Zuid/lon_4939829239919998_lat_5234883439038962_radius_1_d0_f/20180525TMX7316010203-000752pano_0000_004411_4.93983540288877_52.348832475084.jpg,2018,5,25,Middenmeer_Zuid,0,lon_4939829239919998_lat_5234883439038962_radius_1_d0_f,lon_4939829239919998_lat_5234883439038962_radius_1,0,f
ATM_square_equirectangular/Middenmeer_Zuid/lon_4939829239919998_lat_5234883439038962_radius_1_d0_f/20190522TMX7316010203-001203pano_0000_002759_4.93982278399284_52.3488366595237.jpg,2019,5,22,Middenmeer_Zuid,0,lon_4939829239919998_lat_5234883439038962_radius_1_d0_f,lon_4939829239919998_lat_5234883439038962_radius_1,0,f
ATM_square_equirectangular/Middenmeer_Zuid/lon_4939829239919998_lat_5234883439038962_radius_1_d0_f/20200430TMX7316010203-001685pano_0000_003781_4.9398403909867_52.3488292868336.jpg,2020,4,30,Middenmeer_Zuid,0,lon_4939829239919998_lat_5234883439038962_radius_1_d0_f,lon_4939829239919998_lat_5234883439038962_radius_1,0,f
ATM_square_equirectangular/Middenmeer_Zuid/lon_4939829239919998_lat_5234883439038962_radius_1_d0_f/20220518TMX7316010203-002586pano_0002_001833_4.93983701453016_52.3488308684582.jpg,2022,5,18,Middenmeer_Zuid,0,lon_4939829239919998_lat_5234883439038962_radius_1_d0_f,lon_4939829239919998_lat_5234883439038962_radius_1,0,f
ATM_square_equirectangular/Middenmeer_Zuid/lon_4939829239919998_lat_5234883439038962_radius_1_d0_r/20160418TMX7315120208-000029pano_0000_003494_4.93983386769088_52.3488343799688.jpg,2016,4,18,Middenmeer_Zuid,0,lon_4939829239919998_lat_5234883439038962_radius_1_d0_r,lon_4939829239919998_lat_5234883439038962_radius_1,0,r
ATM_square_equirectangular/Middenmeer_Zuid/lon_4939829239919998_lat_5234883439038962_radius_1_d0_r/20180525TMX7316010203-000752pano_0000_004411_4.93983540288877_52.348832475084.jpg,2018,5,25,Middenmeer_Zuid,0,lon_4939829239919998_lat_5234883439038962_radius_1_d0_r,lon_4939829239919998_lat_5234883439038962_radius_1,0,r
ATM_square_equirectangular/Middenmeer_Zuid/lon_4939829239919998_lat_5234883439038962_radius_1_d0_r/20190522TMX7316010203-001203pano_0000_002759_4.93982278399284_52.3488366595237.jpg,2019,5,22,Middenmeer_Zuid,0,lon_4939829239919998_lat_5234883439038962_radius_1_d0_r,lon_4939829239919998_lat_5234883439038962_radius_1,0,r
ATM_square_equirectangular/Middenmeer_Zuid/lon_4939829239919998_lat_5234883439038962_radius_1_d0_r/20200430TMX7316010203-001685pano_0000_003781_4.9398403909867_52.3488292868336.jpg,2020,4,30,Middenmeer_Zuid,0,lon_4939829239919998_lat_5234883439038962_radius_1_d0_r,lon_4939829239919998_lat_5234883439038962_radius_1,0,r
ATM_square_equirectangular/Middenmeer_Zuid/lon_4939829239919998_lat_5234883439038962_radius_1_d0_r/20220518TMX7316010203-002586pano_0002_001833_4.93983701453016_52.3488308684582.jpg,2022,5,18,Middenmeer_Zuid,0,lon_4939829239919998_lat_5234883439038962_radius_1_d0_r,lon_4939829239919998_lat_5234883439038962_radius_1,0,r
ATM_square_equirectangular/Overtoomse_veld_Zuid/lon_4836070473313398_lat_5236318813608997_radius_1_d0_r/20170510TMX7316010203-000293pano_0000_002757_4.83606935439755_52.3631883780634.jpg,2017,5,10,Overtoomse_veld_Zuid,0,lon_4836070473313398_lat_5236318813608997_radius_1_d0_r,lon_4836070473313398_lat_5236318813608997_radius_1,0,r
ATM_square_equirectangular/Overtoomse_veld_Zuid/lon_4836070473313398_lat_5236318813608997_radius_1_d0_r/20180704TMX7316010203-000825pano_0000_002482_4.83608241891356_52.3631909525835.jpg,2018,7,4,Overtoomse_veld_Zuid,0,lon_4836070473313398_lat_5236318813608997_radius_1_d0_r,lon_4836070473313398_lat_5236318813608997_radius_1,0,r
ATM_square_equirectangular/Overtoomse_veld_Zuid/lon_4836070473313398_lat_5236318813608997_radius_1_d0_r/20190102TMX7316010203-001031pano_0004_000535_4.83608100809524_52.3631871818173.jpg,2019,1,2,Overtoomse_veld_Zuid,0,lon_4836070473313398_lat_5236318813608997_radius_1_d0_r,lon_4836070473313398_lat_5236318813608997_radius_1,0,r
ATM_square_equirectangular/Overtoomse_veld_Zuid/lon_4836070473313398_lat_5236318813608997_radius_1_d0_r/20190102TMX7316010203-001031pano_0004_000569_4.83606194975604_52.363187917851.jpg,2019,1,2,Overtoomse_veld_Zuid,0,lon_4836070473313398_lat_5236318813608997_radius_1_d0_r,lon_4836070473313398_lat_5236318813608997_radius_1,0,r
ATM_square_equirectangular/Overtoomse_veld_Zuid/lon_4836070473313398_lat_5236318813608997_radius_1_d0_r/20190712TMX7316010203-001310pano_0000_004053_4.83606587451024_52.3631950129464.jpg,2019,7,12,Overtoomse_veld_Zuid,0,lon_4836070473313398_lat_5236318813608997_radius_1_d0_r,lon_4836070473313398_lat_5236318813608997_radius_1,0,r
ATM_square_equirectangular/Kadoelen/lon_4907882300673037_lat_5241124728225085_radius_1_d0_l/20180724TMX7316010203-000857pano_0000_005205_4.90787753542891_52.4112451283024.jpg,2018,7,24,Kadoelen,0,lon_4907882300673037_lat_5241124728225085_radius_1_d0_l,lon_4907882300673037_lat_5241124728225085_radius_1,0,l
ATM_square_equirectangular/Kadoelen/lon_4907882300673037_lat_5241124728225085_radius_1_d0_l/20181219TMX7316010203-001026pano_0005_000022_4.90789172039414_52.411252879738.jpg,2018,12,19,Kadoelen,0,lon_4907882300673037_lat_5241124728225085_radius_1_d0_l,lon_4907882300673037_lat_5241124728225085_radius_1,0,l
ATM_square_equirectangular/Kadoelen/lon_4907882300673037_lat_5241124728225085_radius_1_d0_l/20200130TMX7316010203-001608pano_0002_000074_4.90788978331166_52.4112521996376.jpg,2020,1,30,Kadoelen,0,lon_4907882300673037_lat_5241124728225085_radius_1_d0_l,lon_4907882300673037_lat_5241124728225085_radius_1,0,l
ATM_square_equirectangular/Kadoelen/lon_4907882300673037_lat_5241124728225085_radius_1_d0_l/20210212TMX7316010203-002004pano_0000_000552_4.90788163964654_52.4112532603726.jpg,2021,2,12,Kadoelen,0,lon_4907882300673037_lat_5241124728225085_radius_1_d0_l,lon_4907882300673037_lat_5241124728225085_radius_1,0,l
ATM_square_equirectangular/Kadoelen/lon_4907882300673037_lat_5241124728225085_radius_1_d0_l/20211224TMX7316010203-002347pano_0006_000495_4.90788528709925_52.4112493627583.jpg,2021,12,24,Kadoelen,0,lon_4907882300673037_lat_5241124728225085_radius_1_d0_l,lon_4907882300673037_lat_5241124728225085_radius_1,0,l
ATM_square_equirectangular/Kadoelen/lon_4907882300673037_lat_5241124728225085_radius_1_d0_l/20220511TMX7316010203-002574pano_0001_000032_4.90787837349124_52.4112466200028.jpg,2022,5,11,Kadoelen,0,lon_4907882300673037_lat_5241124728225085_radius_1_d0_l,lon_4907882300673037_lat_5241124728225085_radius_1,0,l
ATM_square_equirectangular/Hemonybuurt/lon_490307913244073_lat_52357659578505036_radius_1_d0_b/20160802TMX7316060226-000011pano_0000_008273_4.90308871328741_52.357655892168.jpg,2016,8,2,Hemonybuurt,0,lon_490307913244073_lat_52357659578505036_radius_1_d0_b,lon_490307913244073_lat_52357659578505036_radius_1,0,b
ATM_square_equirectangular/Hemonybuurt/lon_490307913244073_lat_52357659578505036_radius_1_d0_b/20180611TMX7316010203-000783pano_0000_001467_4.9030730353085_52.3576592040973.jpg,2018,6,11,Hemonybuurt,0,lon_490307913244073_lat_52357659578505036_radius_1_d0_b,lon_490307913244073_lat_52357659578505036_radius_1,0,b
ATM_square_equirectangular/Hemonybuurt/lon_490307913244073_lat_52357659578505036_radius_1_d0_b/20190118TMX7316010203-001063pano_0000_000770_4.9030784543492_52.3576653915918.jpg,2019,1,18,Hemonybuurt,0,lon_490307913244073_lat_52357659578505036_radius_1_d0_b,lon_490307913244073_lat_52357659578505036_radius_1,0,b
ATM_square_equirectangular/Hemonybuurt/lon_490307913244073_lat_52357659578505036_radius_1_d0_b/20190502TMX7316010203-001153pano_0000_004023_4.9030697367049_52.3576594044475.jpg,2019,5,2,Hemonybuurt,0,lon_490307913244073_lat_52357659578505036_radius_1_d0_b,lon_490307913244073_lat_52357659578505036_radius_1,0,b
ATM_square_equirectangular/Hemonybuurt/lon_490307913244073_lat_52357659578505036_radius_1_d0_b/20210421TMX7316010203-002112pano_0001_002425_4.90308771235896_52.3576631993891.jpg,2021,4,21,Hemonybuurt,0,lon_490307913244073_lat_52357659578505036_radius_1_d0_b,lon_490307913244073_lat_52357659578505036_radius_1,0,b
ATM_square_equirectangular/Hemonybuurt/lon_490307913244073_lat_52357659578505036_radius_1_d0_b/20220111TMX7316010203-002410pano_0007_000037_4.90307714263541_52.3576543793365.jpg,2022,1,11,Hemonybuurt,0,lon_490307913244073_lat_52357659578505036_radius_1_d0_b,lon_490307913244073_lat_52357659578505036_radius_1,0,b
ATM_square_equirectangular/Hemonybuurt/lon_490307913244073_lat_52357659578505036_radius_1_d0_b/20220323TMX7316010203-002469pano_0000_001577_4.90307335663131_52.3576599207889.jpg,2022,3,23,Hemonybuurt,0,lon_490307913244073_lat_52357659578505036_radius_1_d0_b,lon_490307913244073_lat_52357659578505036_radius_1,0,b
ATM_square_equirectangular/Meer_en_Oever/lon_4805776739251253_lat_52364488436763_radius_1_d0_f/20160808TMX7316010203-000050pano_0000_001131_4.80577765990041_52.3644822276917.jpg,2016,8,8,Meer_en_Oever,0,lon_4805776739251253_lat_52364488436763_radius_1_d0_f,lon_4805776739251253_lat_52364488436763_radius_1,0,f
ATM_square_equirectangular/Meer_en_Oever/lon_4805776739251253_lat_52364488436763_radius_1_d0_f/20190717TMX7316010203-001316pano_0000_008148_4.80577791359494_52.3644893595956.jpg,2019,7,17,Meer_en_Oever,0,lon_4805776739251253_lat_52364488436763_radius_1_d0_f,lon_4805776739251253_lat_52364488436763_radius_1,0,f
ATM_square_equirectangular/Meer_en_Oever/lon_4805776739251253_lat_52364488436763_radius_1_d0_f/20200824TMX7316010203-001890pano_0000_004686_4.80576793007621_52.3644847245592.jpg,2020,8,24,Meer_en_Oever,0,lon_4805776739251253_lat_52364488436763_radius_1_d0_f,lon_4805776739251253_lat_52364488436763_radius_1,0,f
ATM_square_equirectangular/Meer_en_Oever/lon_4805776739251253_lat_52364488436763_radius_1_d0_r/20160808TMX7316010203-000050pano_0000_001131_4.80577765990041_52.3644822276917.jpg,2016,8,8,Meer_en_Oever,0,lon_4805776739251253_lat_52364488436763_radius_1_d0_r,lon_4805776739251253_lat_52364488436763_radius_1,0,r
ATM_square_equirectangular/Meer_en_Oever/lon_4805776739251253_lat_52364488436763_radius_1_d0_r/20190717TMX7316010203-001316pano_0000_008148_4.80577791359494_52.3644893595956.jpg,2019,7,17,Meer_en_Oever,0,lon_4805776739251253_lat_52364488436763_radius_1_d0_r,lon_4805776739251253_lat_52364488436763_radius_1,0,r
ATM_square_equirectangular/Meer_en_Oever/lon_4805776739251253_lat_52364488436763_radius_1_d0_r/20200824TMX7316010203-001890pano_0000_004686_4.80576793007621_52.3644847245592.jpg,2020,8,24,Meer_en_Oever,0,lon_4805776739251253_lat_52364488436763_radius_1_d0_r,lon_4805776739251253_lat_52364488436763_radius_1,0,r
ATM_square_equirectangular/G-buurt_Noord/lon_49706770538909995_lat_5232443064532843_radius_1_d0_b/20170615TMX7316010203-000337pano_0000_003331_4.97067676460567_52.3244289375925.jpg,2017,6,15,G-buurt_Noord,0,lon_49706770538909995_lat_5232443064532843_radius_1_d0_b,lon_49706770538909995_lat_5232443064532843_radius_1,0,b
ATM_square_equirectangular/G-buurt_Noord/lon_49706770538909995_lat_5232443064532843_radius_1_d0_b/20200629TMX7316010203-001777pano_0000_005276_4.97067910350118_52.3244333487978.jpg,2020,6,29,G-buurt_Noord,0,lon_49706770538909995_lat_5232443064532843_radius_1_d0_b,lon_49706770538909995_lat_5232443064532843_radius_1,0,b
ATM_square_equirectangular/G-buurt_Noord/lon_49706770538909995_lat_5232443064532843_radius_1_d0_b/20210603TMX7316010203-002154pano_0000_000344_4.97067529356615_52.324429649595.jpg,2021,6,3,G-buurt_Noord,0,lon_49706770538909995_lat_5232443064532843_radius_1_d0_b,lon_49706770538909995_lat_5232443064532843_radius_1,0,b
ATM_square_equirectangular/Valeriusbuurt_West/lon_486281388347217_lat_52351252765122204_radius_1_d0_r/20180607TMX7316010203-000780pano_0000_003291_4.86282130355159_52.3512558263069.jpg,2018,6,7,Valeriusbuurt_West,0,lon_486281388347217_lat_52351252765122204_radius_1_d0_r,lon_486281388347217_lat_52351252765122204_radius_1,0,r
ATM_square_equirectangular/Valeriusbuurt_West/lon_486281388347217_lat_52351252765122204_radius_1_d0_r/20190503TMX7316010203-001160pano_0000_001102_4.86280731634059_52.3512509904332.jpg,2019,5,3,Valeriusbuurt_West,0,lon_486281388347217_lat_52351252765122204_radius_1_d0_r,lon_486281388347217_lat_52351252765122204_radius_1,0,r
ATM_square_equirectangular/Valeriusbuurt_West/lon_486281388347217_lat_52351252765122204_radius_1_d0_r/20210426TMX7316010203-002118pano_0000_004550_4.86281303052433_52.3512514786265.jpg,2021,4,26,Valeriusbuurt_West,0,lon_486281388347217_lat_52351252765122204_radius_1_d0_r,lon_486281388347217_lat_52351252765122204_radius_1,0,r
ATM_square_equirectangular/Valeriusbuurt_West/lon_486281388347217_lat_52351252765122204_radius_1_d0_b/20180607TMX7316010203-000780pano_0000_003291_4.86282130355159_52.3512558263069.jpg,2018,6,7,Valeriusbuurt_West,0,lon_486281388347217_lat_52351252765122204_radius_1_d0_b,lon_486281388347217_lat_52351252765122204_radius_1,0,b
ATM_square_equirectangular/Valeriusbuurt_West/lon_486281388347217_lat_52351252765122204_radius_1_d0_b/20190503TMX7316010203-001160pano_0000_001102_4.86280731634059_52.3512509904332.jpg,2019,5,3,Valeriusbuurt_West,0,lon_486281388347217_lat_52351252765122204_radius_1_d0_b,lon_486281388347217_lat_52351252765122204_radius_1,0,b
ATM_square_equirectangular/Valeriusbuurt_West/lon_486281388347217_lat_52351252765122204_radius_1_d0_b/20210426TMX7316010203-002118pano_0000_004550_4.86281303052433_52.3512514786265.jpg,2021,4,26,Valeriusbuurt_West,0,lon_486281388347217_lat_52351252765122204_radius_1_d0_b,lon_486281388347217_lat_52351252765122204_radius_1,0,b
ATM_square_equirectangular/Buurt_6/lon_480048466280503_lat_5237590495051427_radius_1_d0_l/20160824TMX7316010203-000083pano_0014_001145_4.80049330296925_52.3759047323693.jpg,2016,8,24,Buurt_6,0,lon_480048466280503_lat_5237590495051427_radius_1_d0_l,lon_480048466280503_lat_5237590495051427_radius_1,0,l
ATM_square_equirectangular/Buurt_6/lon_480048466280503_lat_5237590495051427_radius_1_d0_l/20170519TMX7316010203-000302pano_0001_001400_4.80048051472777_52.37590472904.jpg,2017,5,19,Buurt_6,0,lon_480048466280503_lat_5237590495051427_radius_1_d0_l,lon_480048466280503_lat_5237590495051427_radius_1,0,l
ATM_square_equirectangular/Buurt_6/lon_480048466280503_lat_5237590495051427_radius_1_d0_l/20180705TMX7316010203-000826pano_0000_001178_4.80048017071807_52.3759053901335.jpg,2018,7,5,Buurt_6,0,lon_480048466280503_lat_5237590495051427_radius_1_d0_l,lon_480048466280503_lat_5237590495051427_radius_1,0,l
ATM_square_equirectangular/Buurt_6/lon_480048466280503_lat_5237590495051427_radius_1_d0_b/20160824TMX7316010203-000083pano_0014_001145_4.80049330296925_52.3759047323693.jpg,2016,8,24,Buurt_6,0,lon_480048466280503_lat_5237590495051427_radius_1_d0_b,lon_480048466280503_lat_5237590495051427_radius_1,0,b
ATM_square_equirectangular/Buurt_6/lon_480048466280503_lat_5237590495051427_radius_1_d0_b/20170519TMX7316010203-000302pano_0001_001400_4.80048051472777_52.37590472904.jpg,2017,5,19,Buurt_6,0,lon_480048466280503_lat_5237590495051427_radius_1_d0_b,lon_480048466280503_lat_5237590495051427_radius_1,0,b
ATM_square_equirectangular/Buurt_6/lon_480048466280503_lat_5237590495051427_radius_1_d0_b/20180705TMX7316010203-000826pano_0000_001178_4.80048017071807_52.3759053901335.jpg,2018,7,5,Buurt_6,0,lon_480048466280503_lat_5237590495051427_radius_1_d0_b,lon_480048466280503_lat_5237590495051427_radius_1,0,b
ATM_square_equirectangular/Buurt_6/lon_4800857836958998_lat_5237642635098855_radius_1_d0_f/20160824TMX7316010203-000083pano_0014_001189_4.80084899173727_52.3764253848485.jpg,2016,8,24,Buurt_6,0,lon_4800857836958998_lat_5237642635098855_radius_1_d0_f,lon_4800857836958998_lat_5237642635098855_radius_1,0,f
ATM_square_equirectangular/Buurt_6/lon_4800857836958998_lat_5237642635098855_radius_1_d0_f/20191112TMX7316060226-000483pano_0001_000890_4.80086034084641_52.376425157203.jpg,2019,11,12,Buurt_6,0,lon_4800857836958998_lat_5237642635098855_radius_1_d0_f,lon_4800857836958998_lat_5237642635098855_radius_1,0,f
ATM_square_equirectangular/Buurt_6/lon_4800857836958998_lat_5237642635098855_radius_1_d0_f/20200819TMX7316010203-001882pano_0000_002744_4.80085104092695_52.3764268948569.jpg,2020,8,19,Buurt_6,0,lon_4800857836958998_lat_5237642635098855_radius_1_d0_f,lon_4800857836958998_lat_5237642635098855_radius_1,0,f
ATM_square_equirectangular/Buurt_6/lon_4800857836958998_lat_5237642635098855_radius_1_d0_f/20210331TMX7316010203-002075pano_0000_001599_4.80087097432536_52.3764279670458.jpg,2021,3,31,Buurt_6,0,lon_4800857836958998_lat_5237642635098855_radius_1_d0_f,lon_4800857836958998_lat_5237642635098855_radius_1,0,f
ATM_square_equirectangular/Buurt_6/lon_4800857836958998_lat_5237642635098855_radius_1_d0_b/20160824TMX7316010203-000083pano_0014_001189_4.80084899173727_52.3764253848485.jpg,2016,8,24,Buurt_6,0,lon_4800857836958998_lat_5237642635098855_radius_1_d0_b,lon_4800857836958998_lat_5237642635098855_radius_1,0,b
ATM_square_equirectangular/Buurt_6/lon_4800857836958998_lat_5237642635098855_radius_1_d0_b/20191112TMX7316060226-000483pano_0001_000890_4.80086034084641_52.376425157203.jpg,2019,11,12,Buurt_6,0,lon_4800857836958998_lat_5237642635098855_radius_1_d0_b,lon_4800857836958998_lat_5237642635098855_radius_1,0,b
ATM_square_equirectangular/Buurt_6/lon_4800857836958998_lat_5237642635098855_radius_1_d0_b/20200819TMX7316010203-001882pano_0000_002744_4.80085104092695_52.3764268948569.jpg,2020,8,19,Buurt_6,0,lon_4800857836958998_lat_5237642635098855_radius_1_d0_b,lon_4800857836958998_lat_5237642635098855_radius_1,0,b
ATM_square_equirectangular/Buurt_6/lon_4800857836958998_lat_5237642635098855_radius_1_d0_b/20210331TMX7316010203-002075pano_0000_001599_4.80087097432536_52.3764279670458.jpg,2021,3,31,Buurt_6,0,lon_4800857836958998_lat_5237642635098855_radius_1_d0_b,lon_4800857836958998_lat_5237642635098855_radius_1,0,b
ATM_square_equirectangular/Durgerdam/lon_4991981765898476_lat_52378178647688_radius_1_d0_f/20171130TMX7316010203-000503pano_0000_003420_4.99198366021526_52.3781796748091.jpg,2017,11,30,Durgerdam,0,lon_4991981765898476_lat_52378178647688_radius_1_d0_f,lon_4991981765898476_lat_52378178647688_radius_1,0,f
ATM_square_equirectangular/Durgerdam/lon_4991981765898476_lat_52378178647688_radius_1_d0_f/20190701TMX7316010203-001261pano_0000_002659_4.99198131929017_52.3781803222706.jpg,2019,7,1,Durgerdam,0,lon_4991981765898476_lat_52378178647688_radius_1_d0_f,lon_4991981765898476_lat_52378178647688_radius_1,0,f
ATM_square_equirectangular/Durgerdam/lon_4991981765898476_lat_52378178647688_radius_1_d0_f/20200206TMX7316010203-001623pano_0003_000149_4.99197843880594_52.3781746763736.jpg,2020,2,6,Durgerdam,0,lon_4991981765898476_lat_52378178647688_radius_1_d0_f,lon_4991981765898476_lat_52378178647688_radius_1,0,f
ATM_square_equirectangular/Durgerdam/lon_4991981765898476_lat_52378178647688_radius_1_d0_f/20200622TMX7316010203-001753pano_0000_011376_4.99198125180396_52.3781760438533.jpg,2020,6,22,Durgerdam,0,lon_4991981765898476_lat_52378178647688_radius_1_d0_f,lon_4991981765898476_lat_52378178647688_radius_1,0,f
ATM_square_equirectangular/Durgerdam/lon_4991981765898476_lat_52378178647688_radius_1_d0_f/20210225TMX7316010203-002028pano_0001_000002_4.99197549017388_52.3781755973081.jpg,2021,2,25,Durgerdam,0,lon_4991981765898476_lat_52378178647688_radius_1_d0_f,lon_4991981765898476_lat_52378178647688_radius_1,0,f
ATM_square_equirectangular/Durgerdam/lon_4991981765898476_lat_52378178647688_radius_1_d0_f/20210628TMX7316010203-002197pano_0000_002485_4.99197472252944_52.3781750502399.jpg,2021,6,28,Durgerdam,0,lon_4991981765898476_lat_52378178647688_radius_1_d0_f,lon_4991981765898476_lat_52378178647688_radius_1,0,f
ATM_square_equirectangular/Durgerdam/lon_4991981765898476_lat_52378178647688_radius_1_d0_f/20220125TMX7316010203-002436pano_0000_000136_4.99199425116721_52.3781801063038.jpg,2022,1,25,Durgerdam,0,lon_4991981765898476_lat_52378178647688_radius_1_d0_f,lon_4991981765898476_lat_52378178647688_radius_1,0,f
ATM_square_equirectangular/Durgerdam/lon_4991981765898476_lat_52378178647688_radius_1_d0_f/20221223TMX7316010203-002888pano_0002_000159_4.99199009027345_52.3781790104276.jpg,2022,12,23,Durgerdam,0,lon_4991981765898476_lat_52378178647688_radius_1_d0_f,lon_4991981765898476_lat_52378178647688_radius_1,0,f
ATM_square_equirectangular/Durgerdam/lon_4991981765898476_lat_52378178647688_radius_1_d0_l/20171130TMX7316010203-000503pano_0000_003420_4.99198366021526_52.3781796748091.jpg,2017,11,30,Durgerdam,0,lon_4991981765898476_lat_52378178647688_radius_1_d0_l,lon_4991981765898476_lat_52378178647688_radius_1,0,l
ATM_square_equirectangular/Durgerdam/lon_4991981765898476_lat_52378178647688_radius_1_d0_l/20190701TMX7316010203-001261pano_0000_002659_4.99198131929017_52.3781803222706.jpg,2019,7,1,Durgerdam,0,lon_4991981765898476_lat_52378178647688_radius_1_d0_l,lon_4991981765898476_lat_52378178647688_radius_1,0,l
ATM_square_equirectangular/Durgerdam/lon_4991981765898476_lat_52378178647688_radius_1_d0_l/20200206TMX7316010203-001623pano_0003_000149_4.99197843880594_52.3781746763736.jpg,2020,2,6,Durgerdam,0,lon_4991981765898476_lat_52378178647688_radius_1_d0_l,lon_4991981765898476_lat_52378178647688_radius_1,0,l
ATM_square_equirectangular/Durgerdam/lon_4991981765898476_lat_52378178647688_radius_1_d0_l/20200622TMX7316010203-001753pano_0000_011376_4.99198125180396_52.3781760438533.jpg,2020,6,22,Durgerdam,0,lon_4991981765898476_lat_52378178647688_radius_1_d0_l,lon_4991981765898476_lat_52378178647688_radius_1,0,l
ATM_square_equirectangular/Durgerdam/lon_4991981765898476_lat_52378178647688_radius_1_d0_l/20210225TMX7316010203-002028pano_0001_000002_4.99197549017388_52.3781755973081.jpg,2021,2,25,Durgerdam,0,lon_4991981765898476_lat_52378178647688_radius_1_d0_l,lon_4991981765898476_lat_52378178647688_radius_1,0,l
ATM_square_equirectangular/Durgerdam/lon_4991981765898476_lat_52378178647688_radius_1_d0_l/20210628TMX7316010203-002197pano_0000_002485_4.99197472252944_52.3781750502399.jpg,2021,6,28,Durgerdam,0,lon_4991981765898476_lat_52378178647688_radius_1_d0_l,lon_4991981765898476_lat_52378178647688_radius_1,0,l
ATM_square_equirectangular/Durgerdam/lon_4991981765898476_lat_52378178647688_radius_1_d0_l/20220125TMX7316010203-002436pano_0000_000136_4.99199425116721_52.3781801063038.jpg,2022,1,25,Durgerdam,0,lon_4991981765898476_lat_52378178647688_radius_1_d0_l,lon_4991981765898476_lat_52378178647688_radius_1,0,l
ATM_square_equirectangular/Durgerdam/lon_4991981765898476_lat_52378178647688_radius_1_d0_l/20221223TMX7316010203-002888pano_0002_000159_4.99199009027345_52.3781790104276.jpg,2022,12,23,Durgerdam,0,lon_4991981765898476_lat_52378178647688_radius_1_d0_l,lon_4991981765898476_lat_52378178647688_radius_1,0,l
ATM_square_equirectangular/Sloterweg_eo/lon_4811738459002178_lat_52341575523421305_radius_1_d0_f/20170508TMX7316010203-000288pano_0003_002149_4.8117432511773_52.3415739485508.jpg,2017,5,8,Sloterweg_eo,0,lon_4811738459002178_lat_52341575523421305_radius_1_d0_f,lon_4811738459002178_lat_52341575523421305_radius_1,0,f
ATM_square_equirectangular/Sloterweg_eo/lon_4811738459002178_lat_52341575523421305_radius_1_d0_f/20180626TMX7316010203-000808pano_0000_005396_4.8117387541757_52.3415767862668.jpg,2018,6,26,Sloterweg_eo,0,lon_4811738459002178_lat_52341575523421305_radius_1_d0_f,lon_4811738459002178_lat_52341575523421305_radius_1,0,f
ATM_square_equirectangular/Sloterweg_eo/lon_4811738459002178_lat_52341575523421305_radius_1_d0_f/20180626TMX7316010203-000809pano_0000_002746_4.81173337165353_52.3415758354463.jpg,2018,6,26,Sloterweg_eo,0,lon_4811738459002178_lat_52341575523421305_radius_1_d0_f,lon_4811738459002178_lat_52341575523421305_radius_1,0,f
ATM_square_equirectangular/Tuindorp_Frankendael/lon_493690987669822_lat_5234970896760344_radius_1_d0_f/20180525TMX7316010203-000753pano_0000_000349_4.93691054799234_52.3497042478055.jpg,2018,5,25,Tuindorp_Frankendael,0,lon_493690987669822_lat_5234970896760344_radius_1_d0_f,lon_493690987669822_lat_5234970896760344_radius_1,0,f
ATM_square_equirectangular/Tuindorp_Frankendael/lon_493690987669822_lat_5234970896760344_radius_1_d0_f/20210531TMX7316010203-002143pano_0000_007209_4.93690593307343_52.3497142086823.jpg,2021,5,31,Tuindorp_Frankendael,0,lon_493690987669822_lat_5234970896760344_radius_1_d0_f,lon_493690987669822_lat_5234970896760344_radius_1,0,f
ATM_square_equirectangular/Tuindorp_Frankendael/lon_493690987669822_lat_5234970896760344_radius_1_d0_f/20220112TMX7316010203-002417pano_0029_000039_4.93691314902889_52.3497084463225.jpg,2022,1,12,Tuindorp_Frankendael,0,lon_493690987669822_lat_5234970896760344_radius_1_d0_f,lon_493690987669822_lat_5234970896760344_radius_1,0,f
ATM_square_equirectangular/Tuindorp_Frankendael/lon_493690987669822_lat_5234970896760344_radius_1_d0_f/20220518TMX7316010203-002586pano_0002_002214_4.93692383361436_52.349707154126.jpg,2022,5,18,Tuindorp_Frankendael,0,lon_493690987669822_lat_5234970896760344_radius_1_d0_f,lon_493690987669822_lat_5234970896760344_radius_1,0,f
ATM_square_equirectangular/Tuindorp_Frankendael/lon_493690987669822_lat_5234970896760344_radius_1_d0_r/20180525TMX7316010203-000753pano_0000_000349_4.93691054799234_52.3497042478055.jpg,2018,5,25,Tuindorp_Frankendael,0,lon_493690987669822_lat_5234970896760344_radius_1_d0_r,lon_493690987669822_lat_5234970896760344_radius_1,0,r
ATM_square_equirectangular/Tuindorp_Frankendael/lon_493690987669822_lat_5234970896760344_radius_1_d0_r/20210531TMX7316010203-002143pano_0000_007209_4.93690593307343_52.3497142086823.jpg,2021,5,31,Tuindorp_Frankendael,0,lon_493690987669822_lat_5234970896760344_radius_1_d0_r,lon_493690987669822_lat_5234970896760344_radius_1,0,r
ATM_square_equirectangular/Tuindorp_Frankendael/lon_493690987669822_lat_5234970896760344_radius_1_d0_r/20220112TMX7316010203-002417pano_0029_000039_4.93691314902889_52.3497084463225.jpg,2022,1,12,Tuindorp_Frankendael,0,lon_493690987669822_lat_5234970896760344_radius_1_d0_r,lon_493690987669822_lat_5234970896760344_radius_1,0,r
ATM_square_equirectangular/Tuindorp_Frankendael/lon_493690987669822_lat_5234970896760344_radius_1_d0_r/20220518TMX7316010203-002586pano_0002_002214_4.93692383361436_52.349707154126.jpg,2022,5,18,Tuindorp_Frankendael,0,lon_493690987669822_lat_5234970896760344_radius_1_d0_r,lon_493690987669822_lat_5234970896760344_radius_1,0,r
ATM_square_equirectangular/Scheldebuurt_West/lon_4897361219697418_lat_5234095845097648_radius_1_d0_r/20160725TMX7316010203-000022pano_0000_001628_4.89736481136652_52.3409553722442.jpg,2016,7,25,Scheldebuurt_West,0,lon_4897361219697418_lat_5234095845097648_radius_1_d0_r,lon_4897361219697418_lat_5234095845097648_radius_1,0,r
ATM_square_equirectangular/Scheldebuurt_West/lon_4897361219697418_lat_5234095845097648_radius_1_d0_r/20170407TMX7316010203-000252pano_0000_002695_4.89734993523868_52.3409621028663.jpg,2017,4,7,Scheldebuurt_West,0,lon_4897361219697418_lat_5234095845097648_radius_1_d0_r,lon_4897361219697418_lat_5234095845097648_radius_1,0,r
ATM_square_equirectangular/Scheldebuurt_West/lon_4897361219697418_lat_5234095845097648_radius_1_d0_r/20210422TMX7316010203-002114pano_0000_001424_4.89735635335804_52.340962716196.jpg,2021,4,22,Scheldebuurt_West,0,lon_4897361219697418_lat_5234095845097648_radius_1_d0_r,lon_4897361219697418_lat_5234095845097648_radius_1,0,r
ATM_square_equirectangular/Helmersbuurt_Oost/lon_4876348066421582_lat_5236502308163663_radius_1_d0_f/20180612TMX7316010203-000787pano_0000_003610_4.87635740926506_52.3650242208924.jpg,2018,6,12,Helmersbuurt_Oost,0,lon_4876348066421582_lat_5236502308163663_radius_1_d0_f,lon_4876348066421582_lat_5236502308163663_radius_1,0,f
ATM_square_equirectangular/Helmersbuurt_Oost/lon_4876348066421582_lat_5236502308163663_radius_1_d0_f/20190107TMX7316010203-001039pano_0002_002038_4.87634276258381_52.3650213345292.jpg,2019,1,7,Helmersbuurt_Oost,0,lon_4876348066421582_lat_5236502308163663_radius_1_d0_f,lon_4876348066421582_lat_5236502308163663_radius_1,0,f
ATM_square_equirectangular/Helmersbuurt_Oost/lon_4876348066421582_lat_5236502308163663_radius_1_d0_f/20191209TMX7316010203-001500pano_0000_001699_4.87634402741588_52.3650236894883.jpg,2019,12,9,Helmersbuurt_Oost,0,lon_4876348066421582_lat_5236502308163663_radius_1_d0_f,lon_4876348066421582_lat_5236502308163663_radius_1,0,f
ATM_square_equirectangular/Helmersbuurt_Oost/lon_4876348066421582_lat_5236502308163663_radius_1_d0_f/20230112TMX7316010203-002929pano_0009_000260_4.87633817354302_52.365018765477.jpg,2023,1,12,Helmersbuurt_Oost,0,lon_4876348066421582_lat_5236502308163663_radius_1_d0_f,lon_4876348066421582_lat_5236502308163663_radius_1,0,f
ATM_square_equirectangular/Buurt_9/lon_4803318354652123_lat_5238334333165647_radius_1_d0_l/20170510TMX7316010203-000293pano_0000_006192_4.80331463583953_52.3833491763463.jpg,2017,5,10,Buurt_9,0,lon_4803318354652123_lat_5238334333165647_radius_1_d0_l,lon_4803318354652123_lat_5238334333165647_radius_1,0,l
ATM_square_equirectangular/Buurt_9/lon_4803318354652123_lat_5238334333165647_radius_1_d0_l/20180709TMX7316010203-000832pano_0000_001773_4.80332051057279_52.3833370665994.jpg,2018,7,9,Buurt_9,0,lon_4803318354652123_lat_5238334333165647_radius_1_d0_l,lon_4803318354652123_lat_5238334333165647_radius_1,0,l
ATM_square_equirectangular/Buurt_9/lon_4803318354652123_lat_5238334333165647_radius_1_d0_l/20200820TMX7316010203-001884pano_0000_001682_4.80331991754405_52.3833437520237.jpg,2020,8,20,Buurt_9,0,lon_4803318354652123_lat_5238334333165647_radius_1_d0_l,lon_4803318354652123_lat_5238334333165647_radius_1,0,l
ATM_square_equirectangular/Postjeskade_eo/lon_4853113473130553_lat_5236009987937256_radius_1_d0_r/20160622TMX7315080123-000309pano_0000_001044_4.85310309522855_52.3601036878148.jpg,2016,6,22,Postjeskade_eo,0,lon_4853113473130553_lat_5236009987937256_radius_1_d0_r,lon_4853113473130553_lat_5236009987937256_radius_1,0,r
ATM_square_equirectangular/Postjeskade_eo/lon_4853113473130553_lat_5236009987937256_radius_1_d0_r/20170419TMX7316010203-000264pano_0001_003522_4.8531063482391_52.3601000152292.jpg,2017,4,19,Postjeskade_eo,0,lon_4853113473130553_lat_5236009987937256_radius_1_d0_r,lon_4853113473130553_lat_5236009987937256_radius_1,0,r
ATM_square_equirectangular/Postjeskade_eo/lon_4853113473130553_lat_5236009987937256_radius_1_d0_r/20190107TMX7316010203-001039pano_0002_000032_4.85311506870934_52.3600961731184.jpg,2019,1,7,Postjeskade_eo,0,lon_4853113473130553_lat_5236009987937256_radius_1_d0_r,lon_4853113473130553_lat_5236009987937256_radius_1,0,r
ATM_square_equirectangular/Postjeskade_eo/lon_4853113473130553_lat_5236009987937256_radius_1_d0_r/20191209TMX7316010203-001502pano_0001_003738_4.85311440975156_52.3600951128972.jpg,2019,12,9,Postjeskade_eo,0,lon_4853113473130553_lat_5236009987937256_radius_1_d0_r,lon_4853113473130553_lat_5236009987937256_radius_1,0,r
ATM_square_equirectangular/Postjeskade_eo/lon_4853113473130553_lat_5236009987937256_radius_1_d0_r/20210326TMX7316010203-002063pano_0000_000737_4.85312058779372_52.3600973155771.jpg,2021,3,26,Postjeskade_eo,0,lon_4853113473130553_lat_5236009987937256_radius_1_d0_r,lon_4853113473130553_lat_5236009987937256_radius_1,0,r
ATM_square_equirectangular/Postjeskade_eo/lon_4853113473130553_lat_5236009987937256_radius_1_d0_b/20160622TMX7315080123-000309pano_0000_001044_4.85310309522855_52.3601036878148.jpg,2016,6,22,Postjeskade_eo,0,lon_4853113473130553_lat_5236009987937256_radius_1_d0_b,lon_4853113473130553_lat_5236009987937256_radius_1,0,b
ATM_square_equirectangular/Postjeskade_eo/lon_4853113473130553_lat_5236009987937256_radius_1_d0_b/20170419TMX7316010203-000264pano_0001_003522_4.8531063482391_52.3601000152292.jpg,2017,4,19,Postjeskade_eo,0,lon_4853113473130553_lat_5236009987937256_radius_1_d0_b,lon_4853113473130553_lat_5236009987937256_radius_1,0,b
ATM_square_equirectangular/Postjeskade_eo/lon_4853113473130553_lat_5236009987937256_radius_1_d0_b/20190107TMX7316010203-001039pano_0002_000032_4.85311506870934_52.3600961731184.jpg,2019,1,7,Postjeskade_eo,0,lon_4853113473130553_lat_5236009987937256_radius_1_d0_b,lon_4853113473130553_lat_5236009987937256_radius_1,0,b
ATM_square_equirectangular/Postjeskade_eo/lon_4853113473130553_lat_5236009987937256_radius_1_d0_b/20191209TMX7316010203-001502pano_0001_003738_4.85311440975156_52.3600951128972.jpg,2019,12,9,Postjeskade_eo,0,lon_4853113473130553_lat_5236009987937256_radius_1_d0_b,lon_4853113473130553_lat_5236009987937256_radius_1,0,b
ATM_square_equirectangular/Postjeskade_eo/lon_4853113473130553_lat_5236009987937256_radius_1_d0_b/20210326TMX7316010203-002063pano_0000_000737_4.85312058779372_52.3600973155771.jpg,2021,3,26,Postjeskade_eo,0,lon_4853113473130553_lat_5236009987937256_radius_1_d0_b,lon_4853113473130553_lat_5236009987937256_radius_1,0,b
ATM_square_equirectangular/Bloemenbuurt_Zuid/lon_49173610136204635_lat_523932197871913_radius_1_d0_l/20160613TMX7315120208-000075pano_0000_001596_4.91736226470324_52.3932239335999.jpg,2016,6,13,Bloemenbuurt_Zuid,0,lon_49173610136204635_lat_523932197871913_radius_1_d0_l,lon_49173610136204635_lat_523932197871913_radius_1,0,l
ATM_square_equirectangular/Bloemenbuurt_Zuid/lon_49173610136204635_lat_523932197871913_radius_1_d0_l/20190124TMX7316010203-001071pano_0000_000038_4.91735519033374_52.3932184366598.jpg,2019,1,24,Bloemenbuurt_Zuid,0,lon_49173610136204635_lat_523932197871913_radius_1_d0_l,lon_49173610136204635_lat_523932197871913_radius_1,0,l
ATM_square_equirectangular/Bloemenbuurt_Zuid/lon_49173610136204635_lat_523932197871913_radius_1_d0_l/20200603TMX7316010203-001736pano_0000_002460_4.91736558582441_52.3932169913142.jpg,2020,6,3,Bloemenbuurt_Zuid,0,lon_49173610136204635_lat_523932197871913_radius_1_d0_l,lon_49173610136204635_lat_523932197871913_radius_1,0,l
ATM_square_equirectangular/Gein_Noordoost/lon_4991941696188823_lat_5229672168562288_radius_1_d0_r/20170602TMX7316010203-000324pano_0000_010472_4.99193822976896_52.2967267925358.jpg,2017,6,2,Gein_Noordoost,0,lon_4991941696188823_lat_5229672168562288_radius_1_d0_r,lon_4991941696188823_lat_5229672168562288_radius_1,0,r
ATM_square_equirectangular/Gein_Noordoost/lon_4991941696188823_lat_5229672168562288_radius_1_d0_r/20170612TMX7316010203-000333pano_0000_001431_4.99193838278169_52.2967183842536.jpg,2017,6,12,Gein_Noordoost,0,lon_4991941696188823_lat_5229672168562288_radius_1_d0_r,lon_4991941696188823_lat_5229672168562288_radius_1,0,r
ATM_square_equirectangular/Gein_Noordoost/lon_4991941696188823_lat_5229672168562288_radius_1_d0_r/20180720TMX7316010203-000850pano_0000_000380_4.99194665942497_52.29671885306.jpg,2018,7,20,Gein_Noordoost,0,lon_4991941696188823_lat_5229672168562288_radius_1_d0_r,lon_4991941696188823_lat_5229672168562288_radius_1,0,r
ATM_square_equirectangular/Gein_Noordoost/lon_4991941696188823_lat_5229672168562288_radius_1_d0_r/20200626TMX7316010203-001773pano_0000_005002_4.99194351277967_52.2967227126421.jpg,2020,6,26,Gein_Noordoost,0,lon_4991941696188823_lat_5229672168562288_radius_1_d0_r,lon_4991941696188823_lat_5229672168562288_radius_1,0,r
ATM_square_equirectangular/Frans_Halsbuurt/lon_4889882187030383_lat_523553231084297_radius_1_d0_f/20160802TMX7316060226-000011pano_0000_000210_4.88988214691301_52.3553188391585.jpg,2016,8,2,Frans_Halsbuurt,0,lon_4889882187030383_lat_523553231084297_radius_1_d0_f,lon_4889882187030383_lat_523553231084297_radius_1,0,f
ATM_square_equirectangular/Frans_Halsbuurt/lon_4889882187030383_lat_523553231084297_radius_1_d0_f/20190502TMX7316010203-001153pano_0000_002466_4.88988440589738_52.3553249769754.jpg,2019,5,2,Frans_Halsbuurt,0,lon_4889882187030383_lat_523553231084297_radius_1_d0_f,lon_4889882187030383_lat_523553231084297_radius_1,0,f
ATM_square_equirectangular/Frans_Halsbuurt/lon_4889882187030383_lat_523553231084297_radius_1_d0_f/20210423TMX7316010203-002115pano_0000_002896_4.88988000828076_52.3553255091552.jpg,2021,4,23,Frans_Halsbuurt,0,lon_4889882187030383_lat_523553231084297_radius_1_d0_f,lon_4889882187030383_lat_523553231084297_radius_1,0,f
ATM_square_equirectangular/Frans_Halsbuurt/lon_4889882187030383_lat_523553231084297_radius_1_d0_f/20220321TMX7316010203-002455pano_0001_001101_4.88987235607006_52.3553240557422.jpg,2022,3,21,Frans_Halsbuurt,0,lon_4889882187030383_lat_523553231084297_radius_1_d0_f,lon_4889882187030383_lat_523553231084297_radius_1,0,f
ATM_square_equirectangular/Frans_Halsbuurt/lon_4889882187030383_lat_523553231084297_radius_1_d0_f/20230103TMX7316010203-002913pano_0001_000049_4.8898780646579_52.3553306451795.jpg,2023,1,3,Frans_Halsbuurt,0,lon_4889882187030383_lat_523553231084297_radius_1_d0_f,lon_4889882187030383_lat_523553231084297_radius_1,0,f
ATM_square_equirectangular/Frans_Halsbuurt/lon_4889882187030383_lat_523553231084297_radius_1_d0_b/20160802TMX7316060226-000011pano_0000_000210_4.88988214691301_52.3553188391585.jpg,2016,8,2,Frans_Halsbuurt,0,lon_4889882187030383_lat_523553231084297_radius_1_d0_b,lon_4889882187030383_lat_523553231084297_radius_1,0,b
ATM_square_equirectangular/Frans_Halsbuurt/lon_4889882187030383_lat_523553231084297_radius_1_d0_b/20190502TMX7316010203-001153pano_0000_002466_4.88988440589738_52.3553249769754.jpg,2019,5,2,Frans_Halsbuurt,0,lon_4889882187030383_lat_523553231084297_radius_1_d0_b,lon_4889882187030383_lat_523553231084297_radius_1,0,b
ATM_square_equirectangular/Frans_Halsbuurt/lon_4889882187030383_lat_523553231084297_radius_1_d0_b/20210423TMX7316010203-002115pano_0000_002896_4.88988000828076_52.3553255091552.jpg,2021,4,23,Frans_Halsbuurt,0,lon_4889882187030383_lat_523553231084297_radius_1_d0_b,lon_4889882187030383_lat_523553231084297_radius_1,0,b
ATM_square_equirectangular/Frans_Halsbuurt/lon_4889882187030383_lat_523553231084297_radius_1_d0_b/20220321TMX7316010203-002455pano_0001_001101_4.88987235607006_52.3553240557422.jpg,2022,3,21,Frans_Halsbuurt,0,lon_4889882187030383_lat_523553231084297_radius_1_d0_b,lon_4889882187030383_lat_523553231084297_radius_1,0,b
ATM_square_equirectangular/Frans_Halsbuurt/lon_4889882187030383_lat_523553231084297_radius_1_d0_b/20230103TMX7316010203-002913pano_0001_000049_4.8898780646579_52.3553306451795.jpg,2023,1,3,Frans_Halsbuurt,0,lon_4889882187030383_lat_523553231084297_radius_1_d0_b,lon_4889882187030383_lat_523553231084297_radius_1,0,b
ATM_square_equirectangular/Oosterpark/lon_4920345892685456_lat_5235880571016734_radius_1_d0_r/20160512TMX7315120208-000048pano_0000_004982_4.92033674768494_52.358802663943.jpg,2016,5,12,Oosterpark,0,lon_4920345892685456_lat_5235880571016734_radius_1_d0_r,lon_4920345892685456_lat_5235880571016734_radius_1,0,r
ATM_square_equirectangular/Oosterpark/lon_4920345892685456_lat_5235880571016734_radius_1_d0_r/20160531TMX7315120208-000061pano_0001_000085_4.92035862697296_52.3588090844496.jpg,2016,5,31,Oosterpark,0,lon_4920345892685456_lat_5235880571016734_radius_1_d0_r,lon_4920345892685456_lat_5235880571016734_radius_1,0,r
ATM_square_equirectangular/Oosterpark/lon_4920345892685456_lat_5235880571016734_radius_1_d0_r/20200424TMX7316010203-001675pano_0000_001092_4.92034734459391_52.3588066229506.jpg,2020,4,24,Oosterpark,0,lon_4920345892685456_lat_5235880571016734_radius_1_d0_r,lon_4920345892685456_lat_5235880571016734_radius_1,0,r
ATM_square_equirectangular/Oosterpark/lon_4920345892685456_lat_5235880571016734_radius_1_d0_r/20210512TMX7316010203-002137pano_0000_003335_4.92035362157626_52.358809760218.jpg,2021,5,12,Oosterpark,0,lon_4920345892685456_lat_5235880571016734_radius_1_d0_r,lon_4920345892685456_lat_5235880571016734_radius_1,0,r
ATM_square_equirectangular/Oosterpark/lon_4920345892685456_lat_5235880571016734_radius_1_d0_b/20160512TMX7315120208-000048pano_0000_004982_4.92033674768494_52.358802663943.jpg,2016,5,12,Oosterpark,0,lon_4920345892685456_lat_5235880571016734_radius_1_d0_b,lon_4920345892685456_lat_5235880571016734_radius_1,0,b
ATM_square_equirectangular/Oosterpark/lon_4920345892685456_lat_5235880571016734_radius_1_d0_b/20160531TMX7315120208-000061pano_0001_000085_4.92035862697296_52.3588090844496.jpg,2016,5,31,Oosterpark,0,lon_4920345892685456_lat_5235880571016734_radius_1_d0_b,lon_4920345892685456_lat_5235880571016734_radius_1,0,b
ATM_square_equirectangular/Oosterpark/lon_4920345892685456_lat_5235880571016734_radius_1_d0_b/20200424TMX7316010203-001675pano_0000_001092_4.92034734459391_52.3588066229506.jpg,2020,4,24,Oosterpark,0,lon_4920345892685456_lat_5235880571016734_radius_1_d0_b,lon_4920345892685456_lat_5235880571016734_radius_1,0,b
ATM_square_equirectangular/Oosterpark/lon_4920345892685456_lat_5235880571016734_radius_1_d0_b/20210512TMX7316010203-002137pano_0000_003335_4.92035362157626_52.358809760218.jpg,2021,5,12,Oosterpark,0,lon_4920345892685456_lat_5235880571016734_radius_1_d0_b,lon_4920345892685456_lat_5235880571016734_radius_1,0,b
ATM_square_equirectangular/Zunderdorp/lon_4964209462138255_lat_5240706470604145_radius_1_d0_r/20180802TMX7316010203-000899pano_0001_002585_4.96420578497149_52.4070670311693.jpg,2018,8,2,Zunderdorp,0,lon_4964209462138255_lat_5240706470604145_radius_1_d0_r,lon_4964209462138255_lat_5240706470604145_radius_1,0,r
ATM_square_equirectangular/Zunderdorp/lon_4964209462138255_lat_5240706470604145_radius_1_d0_r/20191211TMX7316010203-001509pano_0001_000294_4.96420988625352_52.4070634625524.jpg,2019,12,11,Zunderdorp,0,lon_4964209462138255_lat_5240706470604145_radius_1_d0_r,lon_4964209462138255_lat_5240706470604145_radius_1,0,r
ATM_square_equirectangular/Zunderdorp/lon_4964209462138255_lat_5240706470604145_radius_1_d0_r/20210628TMX7316010203-002200pano_0000_001224_4.96421250984875_52.4070697800163.jpg,2021,6,28,Zunderdorp,0,lon_4964209462138255_lat_5240706470604145_radius_1_d0_r,lon_4964209462138255_lat_5240706470604145_radius_1,0,r
ATM_square_equirectangular/Zunderdorp/lon_4964209462138255_lat_5240706470604145_radius_1_d0_r/20211227TMX7316010203-002352pano_0003_000006_4.96420966747926_52.4070585504278.jpg,2021,12,27,Zunderdorp,0,lon_4964209462138255_lat_5240706470604145_radius_1_d0_r,lon_4964209462138255_lat_5240706470604145_radius_1,0,r
ATM_square_equirectangular/Reguliersbuurt/lon_4895140202395937_lat_5236581575604061_radius_1_d0_b/20160815TMX7316060226-000019pano_0000_004121_4.89514286456267_52.3658141253139.jpg,2016,8,15,Reguliersbuurt,0,lon_4895140202395937_lat_5236581575604061_radius_1_d0_b,lon_4895140202395937_lat_5236581575604061_radius_1,0,b
ATM_square_equirectangular/Reguliersbuurt/lon_4895140202395937_lat_5236581575604061_radius_1_d0_b/20191111TMX7316060226-000478pano_0002_002055_4.89514728725191_52.3658133096032.jpg,2019,11,11,Reguliersbuurt,0,lon_4895140202395937_lat_5236581575604061_radius_1_d0_b,lon_4895140202395937_lat_5236581575604061_radius_1,0,b
ATM_square_equirectangular/Reguliersbuurt/lon_4895140202395937_lat_5236581575604061_radius_1_d0_b/20200214TMX7316010203-001641pano_0003_000063_4.89514892410246_52.3658204720691.jpg,2020,2,14,Reguliersbuurt,0,lon_4895140202395937_lat_5236581575604061_radius_1_d0_b,lon_4895140202395937_lat_5236581575604061_radius_1,0,b
ATM_square_equirectangular/Reguliersbuurt/lon_4895140202395937_lat_5236581575604061_radius_1_d0_b/20200217TMX7316010203-001646pano_0001_000127_4.8951363212898_52.3658139118844.jpg,2020,2,17,Reguliersbuurt,0,lon_4895140202395937_lat_5236581575604061_radius_1_d0_b,lon_4895140202395937_lat_5236581575604061_radius_1,0,b
ATM_square_equirectangular/Reguliersbuurt/lon_4895140202395937_lat_5236581575604061_radius_1_d0_b/20200429TMX7316010203-001681pano_0000_006024_4.895127138648_52.3658184719761.jpg,2020,4,29,Reguliersbuurt,0,lon_4895140202395937_lat_5236581575604061_radius_1_d0_b,lon_4895140202395937_lat_5236581575604061_radius_1,0,b
ATM_square_equirectangular/Reguliersbuurt/lon_4895140202395937_lat_5236581575604061_radius_1_d0_b/20220422TMX7316010203-002537pano_0001_000057_4.89513459484255_52.3658226939344.jpg,2022,4,22,Reguliersbuurt,0,lon_4895140202395937_lat_5236581575604061_radius_1_d0_b,lon_4895140202395937_lat_5236581575604061_radius_1,0,b
ATM_square_equirectangular/Weesperbuurt/lon_4906756734432584_lat_5236560728633287_radius_1_d0_f/20180508TMX7316010203-000711pano_0000_002154_4.90675271921113_52.3656044192946.jpg,2018,5,8,Weesperbuurt,0,lon_4906756734432584_lat_5236560728633287_radius_1_d0_f,lon_4906756734432584_lat_5236560728633287_radius_1,0,f
ATM_square_equirectangular/Weesperbuurt/lon_4906756734432584_lat_5236560728633287_radius_1_d0_f/20181121TMX7316010203-000998pano_0004_002066_4.90675029993613_52.3656046315839.jpg,2018,11,21,Weesperbuurt,0,lon_4906756734432584_lat_5236560728633287_radius_1_d0_f,lon_4906756734432584_lat_5236560728633287_radius_1,0,f
ATM_square_equirectangular/Weesperbuurt/lon_4906756734432584_lat_5236560728633287_radius_1_d0_f/20190114TMX7316010203-001051pano_0001_001106_4.90674721517002_52.365604231358.jpg,2019,1,14,Weesperbuurt,0,lon_4906756734432584_lat_5236560728633287_radius_1_d0_f,lon_4906756734432584_lat_5236560728633287_radius_1,0,f
ATM_square_equirectangular/Weesperbuurt/lon_4906756734432584_lat_5236560728633287_radius_1_d0_f/20190114TMX7316010203-001051pano_0001_001134_4.90676534586636_52.3656104154174.jpg,2019,1,14,Weesperbuurt,0,lon_4906756734432584_lat_5236560728633287_radius_1_d0_f,lon_4906756734432584_lat_5236560728633287_radius_1,0,f
ATM_square_equirectangular/Weesperbuurt/lon_4906756734432584_lat_5236560728633287_radius_1_d0_f/20190514TMX7316010203-001181pano_0000_002302_4.90675606623784_52.3656050092797.jpg,2019,5,14,Weesperbuurt,0,lon_4906756734432584_lat_5236560728633287_radius_1_d0_f,lon_4906756734432584_lat_5236560728633287_radius_1,0,f
ATM_square_equirectangular/Weesperbuurt/lon_4906756734432584_lat_5236560728633287_radius_1_d0_f/20200422TMX7316010203-001665pano_0000_002384_4.90676717835743_52.365612060959.jpg,2020,4,22,Weesperbuurt,0,lon_4906756734432584_lat_5236560728633287_radius_1_d0_f,lon_4906756734432584_lat_5236560728633287_radius_1,0,f
ATM_square_equirectangular/Weesperbuurt/lon_4906756734432584_lat_5236560728633287_radius_1_d0_f/20211231TMX7316010203-002371pano_0002_000018_4.90675736681381_52.3656019775424.jpg,2021,12,31,Weesperbuurt,0,lon_4906756734432584_lat_5236560728633287_radius_1_d0_f,lon_4906756734432584_lat_5236560728633287_radius_1,0,f
ATM_square_equirectangular/Weesperbuurt/lon_4906756734432584_lat_5236560728633287_radius_1_d0_f/20220426TMX7316010203-002544pano_0000_002834_4.90675955729665_52.3656038394611.jpg,2022,4,26,Weesperbuurt,0,lon_4906756734432584_lat_5236560728633287_radius_1_d0_f,lon_4906756734432584_lat_5236560728633287_radius_1,0,f
ATM_square_equirectangular/Weesperbuurt/lon_4906756734432584_lat_5236560728633287_radius_1_d0_f/20221231TMX7316010203-002926pano_0012_000046_4.90676305355588_52.3656113273261.jpg,2022,12,31,Weesperbuurt,0,lon_4906756734432584_lat_5236560728633287_radius_1_d0_f,lon_4906756734432584_lat_5236560728633287_radius_1,0,f
ATM_square_equirectangular/Frans_Halsbuurt/lon_488991160213098_lat_52355331777577334_radius_1_d0_f/20180611TMX7316010203-000784pano_0000_000398_4.88990898509907_52.355330780675.jpg,2018,6,11,Frans_Halsbuurt,0,lon_488991160213098_lat_52355331777577334_radius_1_d0_f,lon_488991160213098_lat_52355331777577334_radius_1,0,f
ATM_square_equirectangular/Frans_Halsbuurt/lon_488991160213098_lat_52355331777577334_radius_1_d0_f/20200707TMX7316010203-001793pano_0000_007044_4.88990670145425_52.3553306793169.jpg,2020,7,7,Frans_Halsbuurt,0,lon_488991160213098_lat_52355331777577334_radius_1_d0_f,lon_488991160213098_lat_52355331777577334_radius_1,0,f
ATM_square_equirectangular/Frans_Halsbuurt/lon_488991160213098_lat_52355331777577334_radius_1_d0_f/20220111TMX7316010203-002411pano_0004_000001_4.88991911983962_52.3553338727401.jpg,2022,1,11,Frans_Halsbuurt,0,lon_488991160213098_lat_52355331777577334_radius_1_d0_f,lon_488991160213098_lat_52355331777577334_radius_1,0,f
ATM_square_equirectangular/Frans_Halsbuurt/lon_488991160213098_lat_52355331777577334_radius_1_d0_b/20180611TMX7316010203-000784pano_0000_000398_4.88990898509907_52.355330780675.jpg,2018,6,11,Frans_Halsbuurt,0,lon_488991160213098_lat_52355331777577334_radius_1_d0_b,lon_488991160213098_lat_52355331777577334_radius_1,0,b
ATM_square_equirectangular/Frans_Halsbuurt/lon_488991160213098_lat_52355331777577334_radius_1_d0_b/20200707TMX7316010203-001793pano_0000_007044_4.88990670145425_52.3553306793169.jpg,2020,7,7,Frans_Halsbuurt,0,lon_488991160213098_lat_52355331777577334_radius_1_d0_b,lon_488991160213098_lat_52355331777577334_radius_1,0,b
ATM_square_equirectangular/Frans_Halsbuurt/lon_488991160213098_lat_52355331777577334_radius_1_d0_b/20220111TMX7316010203-002411pano_0004_000001_4.88991911983962_52.3553338727401.jpg,2022,1,11,Frans_Halsbuurt,0,lon_488991160213098_lat_52355331777577334_radius_1_d0_b,lon_488991160213098_lat_52355331777577334_radius_1,0,b
ATM_square_equirectangular/Bosleeuw/lon_4847226620234198_lat_5238451027998627_radius_1_d0_r/20160615TMX7315080123-000293pano_0000_000017_4.84722945726592_52.3845109233554.jpg,2016,6,15,Bosleeuw,0,lon_4847226620234198_lat_5238451027998627_radius_1_d0_r,lon_4847226620234198_lat_5238451027998627_radius_1,0,r
ATM_square_equirectangular/Bosleeuw/lon_4847226620234198_lat_5238451027998627_radius_1_d0_r/20180108TMX7316010203-000535pano_0000_009289_4.84722436827115_52.3845124724512.jpg,2018,1,8,Bosleeuw,0,lon_4847226620234198_lat_5238451027998627_radius_1_d0_r,lon_4847226620234198_lat_5238451027998627_radius_1,0,r
ATM_square_equirectangular/Bosleeuw/lon_4847226620234198_lat_5238451027998627_radius_1_d0_r/20180620TMX7316010203-000798pano_0000_001588_4.8472244848904_52.3845108424495.jpg,2018,6,20,Bosleeuw,0,lon_4847226620234198_lat_5238451027998627_radius_1_d0_r,lon_4847226620234198_lat_5238451027998627_radius_1,0,r
ATM_square_equirectangular/Bosleeuw/lon_4847226620234198_lat_5238451027998627_radius_1_d0_r/20200514TMX7316010203-001714pano_0000_002513_4.84722467276799_52.3845062269498.jpg,2020,5,14,Bosleeuw,0,lon_4847226620234198_lat_5238451027998627_radius_1_d0_r,lon_4847226620234198_lat_5238451027998627_radius_1,0,r
ATM_square_equirectangular/Bosleeuw/lon_4847226620234198_lat_5238451027998627_radius_1_d0_r/20210712TMX7316010203-002228pano_0007_000336_4.84723225797394_52.3845126163622.jpg,2021,7,12,Bosleeuw,0,lon_4847226620234198_lat_5238451027998627_radius_1_d0_r,lon_4847226620234198_lat_5238451027998627_radius_1,0,r
ATM_square_equirectangular/Bosleeuw/lon_4847226620234198_lat_5238451027998627_radius_1_d0_r/20220104TMX7316010203-002386pano_0004_000000_4.84722448023579_52.3845085983495.jpg,2022,1,4,Bosleeuw,0,lon_4847226620234198_lat_5238451027998627_radius_1_d0_r,lon_4847226620234198_lat_5238451027998627_radius_1,0,r
ATM_square_equirectangular/Sloterweg_eo/lon_4817177195515547_lat_5234189138629268_radius_1_d0_b/20190718TMX7316010203-001318pano_0000_001664_4.81717566510951_52.3418954760724.jpg,2019,7,18,Sloterweg_eo,0,lon_4817177195515547_lat_5234189138629268_radius_1_d0_b,lon_4817177195515547_lat_5234189138629268_radius_1,0,b
ATM_square_equirectangular/Sloterweg_eo/lon_4817177195515547_lat_5234189138629268_radius_1_d0_b/20191217TMX7316010203-001516pano_0000_000453_4.81717559304094_52.3418967219028.jpg,2019,12,17,Sloterweg_eo,0,lon_4817177195515547_lat_5234189138629268_radius_1_d0_b,lon_4817177195515547_lat_5234189138629268_radius_1,0,b
ATM_square_equirectangular/Sloterweg_eo/lon_4817177195515547_lat_5234189138629268_radius_1_d0_b/20200813TMX7316010203-001873pano_0000_001441_4.81717057462213_52.3418886037956.jpg,2020,8,13,Sloterweg_eo,0,lon_4817177195515547_lat_5234189138629268_radius_1_d0_b,lon_4817177195515547_lat_5234189138629268_radius_1,0,b
ATM_square_equirectangular/Sloterweg_eo/lon_4817177195515547_lat_5234189138629268_radius_1_d0_b/20220126TMX7316010203-002441pano_0003_000151_4.81718176805727_52.3418934822084.jpg,2022,1,26,Sloterweg_eo,0,lon_4817177195515547_lat_5234189138629268_radius_1_d0_b,lon_4817177195515547_lat_5234189138629268_radius_1,0,b
ATM_square_equirectangular/Vondelparkbuurt_Oost/lon_4880518402554035_lat_5236300787335542_radius_1_d0_l/20180511TMX7316010203-000714pano_0001_004500_4.8805304308453_52.3630115246743.jpg,2018,5,11,Vondelparkbuurt_Oost,0,lon_4880518402554035_lat_5236300787335542_radius_1_d0_l,lon_4880518402554035_lat_5236300787335542_radius_1,0,l
ATM_square_equirectangular/Vondelparkbuurt_Oost/lon_4880518402554035_lat_5236300787335542_radius_1_d0_l/20180511TMX7316010203-000714pano_0001_004501_4.88051820221672_52.3630052434555.jpg,2018,5,11,Vondelparkbuurt_Oost,0,lon_4880518402554035_lat_5236300787335542_radius_1_d0_l,lon_4880518402554035_lat_5236300787335542_radius_1,0,l
ATM_square_equirectangular/Vondelparkbuurt_Oost/lon_4880518402554035_lat_5236300787335542_radius_1_d0_l/20210909TMX7316010203-002306pano_0001_000629_4.88052037004604_52.3630123738238.jpg,2021,9,9,Vondelparkbuurt_Oost,0,lon_4880518402554035_lat_5236300787335542_radius_1_d0_l,lon_4880518402554035_lat_5236300787335542_radius_1,0,l
ATM_square_equirectangular/Vondelparkbuurt_Oost/lon_4880518402554035_lat_5236300787335542_radius_1_d0_b/20180511TMX7316010203-000714pano_0001_004500_4.8805304308453_52.3630115246743.jpg,2018,5,11,Vondelparkbuurt_Oost,0,lon_4880518402554035_lat_5236300787335542_radius_1_d0_b,lon_4880518402554035_lat_5236300787335542_radius_1,0,b
ATM_square_equirectangular/Vondelparkbuurt_Oost/lon_4880518402554035_lat_5236300787335542_radius_1_d0_b/20180511TMX7316010203-000714pano_0001_004501_4.88051820221672_52.3630052434555.jpg,2018,5,11,Vondelparkbuurt_Oost,0,lon_4880518402554035_lat_5236300787335542_radius_1_d0_b,lon_4880518402554035_lat_5236300787335542_radius_1,0,b
ATM_square_equirectangular/Vondelparkbuurt_Oost/lon_4880518402554035_lat_5236300787335542_radius_1_d0_b/20210909TMX7316010203-002306pano_0001_000629_4.88052037004604_52.3630123738238.jpg,2021,9,9,Vondelparkbuurt_Oost,0,lon_4880518402554035_lat_5236300787335542_radius_1_d0_b,lon_4880518402554035_lat_5236300787335542_radius_1,0,b
ATM_square_equirectangular/Durgerdam/lon_4992965219014735_lat_5237850356707287_radius_1_d0_f/20160509TMX7315120208-000038pano_0000_001862_4.99296122795576_52.3785043033867.jpg,2016,5,9,Durgerdam,0,lon_4992965219014735_lat_5237850356707287_radius_1_d0_f,lon_4992965219014735_lat_5237850356707287_radius_1,0,f
ATM_square_equirectangular/Durgerdam/lon_4992965219014735_lat_5237850356707287_radius_1_d0_f/20171130TMX7316010203-000503pano_0000_003435_4.99296827775952_52.3785044888655.jpg,2017,11,30,Durgerdam,0,lon_4992965219014735_lat_5237850356707287_radius_1_d0_f,lon_4992965219014735_lat_5237850356707287_radius_1,0,f
ATM_square_equirectangular/Durgerdam/lon_4992965219014735_lat_5237850356707287_radius_1_d0_f/20190701TMX7316010203-001261pano_0000_002675_4.99296009068169_52.378503820441.jpg,2019,7,1,Durgerdam,0,lon_4992965219014735_lat_5237850356707287_radius_1_d0_f,lon_4992965219014735_lat_5237850356707287_radius_1,0,f
ATM_square_equirectangular/Durgerdam/lon_4992965219014735_lat_5237850356707287_radius_1_d0_f/20200206TMX7316010203-001623pano_0003_000164_4.99296991186129_52.3785035346252.jpg,2020,2,6,Durgerdam,0,lon_4992965219014735_lat_5237850356707287_radius_1_d0_f,lon_4992965219014735_lat_5237850356707287_radius_1,0,f
ATM_square_equirectangular/Durgerdam/lon_4992965219014735_lat_5237850356707287_radius_1_d0_f/20210628TMX7316010203-002197pano_0000_002500_4.99296450985407_52.3785027281436.jpg,2021,6,28,Durgerdam,0,lon_4992965219014735_lat_5237850356707287_radius_1_d0_f,lon_4992965219014735_lat_5237850356707287_radius_1,0,f
ATM_square_equirectangular/Durgerdam/lon_4992965219014735_lat_5237850356707287_radius_1_d0_f/20210917TMX7316010203-002315pano_0007_001266_4.99297087371294_52.3785033721643.jpg,2021,9,17,Durgerdam,0,lon_4992965219014735_lat_5237850356707287_radius_1_d0_f,lon_4992965219014735_lat_5237850356707287_radius_1,0,f
ATM_square_equirectangular/Durgerdam/lon_4992965219014735_lat_5237850356707287_radius_1_d0_f/20220125TMX7316010203-002436pano_0000_000121_4.99296164127787_52.3785027218838.jpg,2022,1,25,Durgerdam,0,lon_4992965219014735_lat_5237850356707287_radius_1_d0_f,lon_4992965219014735_lat_5237850356707287_radius_1,0,f
ATM_square_equirectangular/Durgerdam/lon_4992965219014735_lat_5237850356707287_radius_1_d0_f/20220509TMX7316010203-002564pano_0002_004565_4.99296461073578_52.3785013334546.jpg,2022,5,9,Durgerdam,0,lon_4992965219014735_lat_5237850356707287_radius_1_d0_f,lon_4992965219014735_lat_5237850356707287_radius_1,0,f
ATM_square_equirectangular/Durgerdam/lon_4992965219014735_lat_5237850356707287_radius_1_d0_f/20221223TMX7316010203-002888pano_0002_000144_4.99297049940213_52.3785065381685.jpg,2022,12,23,Durgerdam,0,lon_4992965219014735_lat_5237850356707287_radius_1_d0_f,lon_4992965219014735_lat_5237850356707287_radius_1,0,f
