filename,year,month,day,buurt,change_flag,seq_index,seq_index_old,degree,direction
ATM_square_equirectangular_boom/Calandlaan-Lelylaan/lon_480236811126323_lat_52355494707998865_radius_1_d0_l/20160808TMX7316010203-000050pano_0000_006649_4.80236137436869_52.3554961946803.jpg,2016,8,8,Calandlaan-Lelylaan,0,lon_480236811126323_lat_52355494707998865_radius_1_d0_l,lon_480236811126323_lat_52355494707998865_radius_1,0,l
ATM_square_equirectangular_boom/Calandlaan-Lelylaan/lon_480236811126323_lat_52355494707998865_radius_1_d0_l/20190717TMX7316010203-001317pano_0000_001853_4.80236732903024_52.3554903287271.jpg,2019,7,17,Calandlaan-Lelylaan,1,lon_480236811126323_lat_52355494707998865_radius_1_d0_l,lon_480236811126323_lat_52355494707998865_radius_1,0,l
ATM_square_equirectangular_boom/Calandlaan-Lelylaan/lon_480236811126323_lat_52355494707998865_radius_1_d0_l/20191217TMX7316010203-001517pano_0001_000400_4.80237563039076_52.3554976005892.jpg,2019,12,17,Calandlaan-Lelylaan,0,lon_480236811126323_lat_52355494707998865_radius_1_d0_l,lon_480236811126323_lat_52355494707998865_radius_1,0,l
ATM_square_equirectangular_boom/Zuidoostkwadrant_Indische_buurt/lon_4941314041287337_lat_5235858061719037_radius_1_d0_b/20160511TMX7315120208-000047pano_0000_000101_4.94131433463565_52.3585847523284.jpg,2016,5,11,Zuidoostkwadrant_Indische_buurt,0,lon_4941314041287337_lat_5235858061719037_radius_1_d0_b,lon_4941314041287337_lat_5235858061719037_radius_1,0,b
ATM_square_equirectangular_boom/Zuidoostkwadrant_Indische_buurt/lon_4941314041287337_lat_5235858061719037_radius_1_d0_b/20180524TMX7316010203-000748pano_0000_001998_4.94131918024001_52.3585793938071.jpg,2018,5,24,Zuidoostkwadrant_Indische_buurt,0,lon_4941314041287337_lat_5235858061719037_radius_1_d0_b,lon_4941314041287337_lat_5235858061719037_radius_1,0,b
ATM_square_equirectangular_boom/Zuidoostkwadrant_Indische_buurt/lon_4941314041287337_lat_5235858061719037_radius_1_d0_b/20181211TMX7316010203-001008pano_0006_000141_4.94132117264619_52.3585799190443.jpg,2018,12,11,Zuidoostkwadrant_Indische_buurt,0,lon_4941314041287337_lat_5235858061719037_radius_1_d0_b,lon_4941314041287337_lat_5235858061719037_radius_1,0,b
ATM_square_equirectangular_boom/Zuidoostkwadrant_Indische_buurt/lon_4941314041287337_lat_5235858061719037_radius_1_d0_b/20200908TMX7316010203-001910pano_0000_001026_4.94130453425467_52.3585804278238.jpg,2020,9,8,Zuidoostkwadrant_Indische_buurt,0,lon_4941314041287337_lat_5235858061719037_radius_1_d0_b,lon_4941314041287337_lat_5235858061719037_radius_1,0,b
ATM_square_equirectangular_boom/Zuidoostkwadrant_Indische_buurt/lon_4941314041287337_lat_5235858061719037_radius_1_d0_b/20220112TMX7316010203-002416pano_0011_000076_4.94132580509332_52.3585810308195.jpg,2022,1,12,Zuidoostkwadrant_Indische_buurt,0,lon_4941314041287337_lat_5235858061719037_radius_1_d0_b,lon_4941314041287337_lat_5235858061719037_radius_1,0,b
ATM_square_equirectangular_boom/Zuidoostkwadrant_Indische_buurt/lon_4941314041287337_lat_5235858061719037_radius_1_d0_b/20220613TMX7316010203-002593pano_0000_002534_4.94131651932386_52.3585771292235.jpg,2022,6,13,Zuidoostkwadrant_Indische_buurt,1,lon_4941314041287337_lat_5235858061719037_radius_1_d0_b,lon_4941314041287337_lat_5235858061719037_radius_1,0,b
ATM_square_equirectangular_boom/Zuidoostkwadrant_Indische_buurt/lon_4941490345788773_lat_5235856962107115_radius_1_d0_l/20190603TMX7316010203-001209pano_0000_002641_4.94148742950121_52.3585732425124.jpg,2019,6,3,Zuidoostkwadrant_Indische_buurt,0,lon_4941490345788773_lat_5235856962107115_radius_1_d0_l,lon_4941490345788773_lat_5235856962107115_radius_1,0,l
ATM_square_equirectangular_boom/Zuidoostkwadrant_Indische_buurt/lon_4941490345788773_lat_5235856962107115_radius_1_d0_l/20200908TMX7316010203-001910pano_0000_001024_4.94149153563268_52.3585705716907.jpg,2020,9,8,Zuidoostkwadrant_Indische_buurt,0,lon_4941490345788773_lat_5235856962107115_radius_1_d0_l,lon_4941490345788773_lat_5235856962107115_radius_1,0,l
ATM_square_equirectangular_boom/Zuidoostkwadrant_Indische_buurt/lon_4941490345788773_lat_5235856962107115_radius_1_d0_l/20210528TMX7316010203-002140pano_0000_002995_4.94149129118863_52.3585687001526.jpg,2021,5,28,Zuidoostkwadrant_Indische_buurt,0,lon_4941490345788773_lat_5235856962107115_radius_1_d0_l,lon_4941490345788773_lat_5235856962107115_radius_1,0,l
ATM_square_equirectangular_boom/Zuidoostkwadrant_Indische_buurt/lon_4941490345788773_lat_5235856962107115_radius_1_d0_l/20210602TMX7316010203-002152pano_0000_005719_4.94149112683257_52.3585659699289.jpg,2021,6,2,Zuidoostkwadrant_Indische_buurt,0,lon_4941490345788773_lat_5235856962107115_radius_1_d0_l,lon_4941490345788773_lat_5235856962107115_radius_1,0,l
ATM_square_equirectangular_boom/Zuidoostkwadrant_Indische_buurt/lon_4941490345788773_lat_5235856962107115_radius_1_d0_l/20221230TMX7316010203-002904pano_0002_000021_4.94147773991434_52.3585738766829.jpg,2022,12,30,Zuidoostkwadrant_Indische_buurt,1,lon_4941490345788773_lat_5235856962107115_radius_1_d0_l,lon_4941490345788773_lat_5235856962107115_radius_1,0,l
ATM_square_equirectangular_boom/Haveneiland_Oost/lon_50135620369504235_lat_523479708021236_radius_1_d0_f/20160606TMX7315120208-000068pano_0005_001449_5.01357178437661_52.3479707339356.jpg,2016,6,6,Haveneiland_Oost,0,lon_50135620369504235_lat_523479708021236_radius_1_d0_f,lon_50135620369504235_lat_523479708021236_radius_1,0,f
ATM_square_equirectangular_boom/Haveneiland_Oost/lon_50135620369504235_lat_523479708021236_radius_1_d0_f/20171130TMX7316010203-000503pano_0000_000889_5.01355468385515_52.3479735144931.jpg,2017,11,30,Haveneiland_Oost,0,lon_50135620369504235_lat_523479708021236_radius_1_d0_f,lon_50135620369504235_lat_523479708021236_radius_1,0,f
ATM_square_equirectangular_boom/Haveneiland_Oost/lon_50135620369504235_lat_523479708021236_radius_1_d0_f/20180517TMX7316010203-000741pano_0000_002958_5.01356185905994_52.3479681606602.jpg,2018,5,17,Haveneiland_Oost,1,lon_50135620369504235_lat_523479708021236_radius_1_d0_f,lon_50135620369504235_lat_523479708021236_radius_1,0,f
ATM_square_equirectangular_boom/Haveneiland_Oost/lon_50135620369504235_lat_523479708021236_radius_1_d0_f/20200622TMX7316010203-001754pano_0000_005765_5.01356403036591_52.3479634776924.jpg,2020,6,22,Haveneiland_Oost,0,lon_50135620369504235_lat_523479708021236_radius_1_d0_f,lon_50135620369504235_lat_523479708021236_radius_1,0,f
ATM_square_equirectangular_boom/Haveneiland_Oost/lon_50135620369504235_lat_523479708021236_radius_1_d0_f/20210915TMX7316010203-002311pano_0004_001806_5.01355782709451_52.3479781238367.jpg,2021,9,15,Haveneiland_Oost,1,lon_50135620369504235_lat_523479708021236_radius_1_d0_f,lon_50135620369504235_lat_523479708021236_radius_1,0,f
ATM_square_equirectangular_boom/Haveneiland_Oost/lon_50135620369504235_lat_523479708021236_radius_1_d0_f/20220513TMX7316010203-002580pano_0001_000039_5.01355617301372_52.3479702860589.jpg,2022,5,13,Haveneiland_Oost,0,lon_50135620369504235_lat_523479708021236_radius_1_d0_f,lon_50135620369504235_lat_523479708021236_radius_1,0,f
ATM_square_equirectangular_boom/Haveneiland_Oost/lon_501312337144626_lat_52347207138881295_radius_1_d0_r/20160606TMX7315120208-000068pano_0005_001535_5.01312252054246_52.3472080489129.jpg,2016,6,6,Haveneiland_Oost,0,lon_501312337144626_lat_52347207138881295_radius_1_d0_r,lon_501312337144626_lat_52347207138881295_radius_1,0,r
ATM_square_equirectangular_boom/Haveneiland_Oost/lon_501312337144626_lat_52347207138881295_radius_1_d0_r/20171130TMX7316010203-000503pano_0000_000928_5.01311700662713_52.3472102537162.jpg,2017,11,30,Haveneiland_Oost,1,lon_501312337144626_lat_52347207138881295_radius_1_d0_r,lon_501312337144626_lat_52347207138881295_radius_1,0,r
ATM_square_equirectangular_boom/Haveneiland_Oost/lon_501312337144626_lat_52347207138881295_radius_1_d0_r/20190517TMX7316010203-001192pano_0001_001652_5.01313058716919_52.3472031140148.jpg,2019,5,17,Haveneiland_Oost,0,lon_501312337144626_lat_52347207138881295_radius_1_d0_r,lon_501312337144626_lat_52347207138881295_radius_1,0,r
ATM_square_equirectangular_boom/Haveneiland_Oost/lon_5011629410707225_lat_52346354980040275_radius_1_d0_f/20170403TMX7316010203-000241pano_0000_002043_5.01162482278765_52.3463528729292.jpg,2017,4,3,Haveneiland_Oost,0,lon_5011629410707225_lat_52346354980040275_radius_1_d0_f,lon_5011629410707225_lat_52346354980040275_radius_1,0,f
ATM_square_equirectangular_boom/Haveneiland_Oost/lon_5011629410707225_lat_52346354980040275_radius_1_d0_f/20180517TMX7316010203-000741pano_0000_002508_5.01163486347477_52.3463591361645.jpg,2018,5,17,Haveneiland_Oost,1,lon_5011629410707225_lat_52346354980040275_radius_1_d0_f,lon_5011629410707225_lat_52346354980040275_radius_1,0,f
ATM_square_equirectangular_boom/Haveneiland_Oost/lon_5011629410707225_lat_52346354980040275_radius_1_d0_f/20200622TMX7316010203-001754pano_0000_005935_5.011630193087_52.3463627796838.jpg,2020,6,22,Haveneiland_Oost,0,lon_5011629410707225_lat_52346354980040275_radius_1_d0_f,lon_5011629410707225_lat_52346354980040275_radius_1,0,f
ATM_square_equirectangular_boom/Haveneiland_Oost/lon_5011629410707225_lat_52346354980040275_radius_1_d0_r/20170403TMX7316010203-000241pano_0000_002043_5.01162482278765_52.3463528729292.jpg,2017,4,3,Haveneiland_Oost,0,lon_5011629410707225_lat_52346354980040275_radius_1_d0_r,lon_5011629410707225_lat_52346354980040275_radius_1,0,r
ATM_square_equirectangular_boom/Haveneiland_Oost/lon_5011629410707225_lat_52346354980040275_radius_1_d0_r/20180517TMX7316010203-000741pano_0000_002508_5.01163486347477_52.3463591361645.jpg,2018,5,17,Haveneiland_Oost,1,lon_5011629410707225_lat_52346354980040275_radius_1_d0_r,lon_5011629410707225_lat_52346354980040275_radius_1,0,r
ATM_square_equirectangular_boom/Haveneiland_Oost/lon_5011629410707225_lat_52346354980040275_radius_1_d0_r/20200622TMX7316010203-001754pano_0000_005935_5.011630193087_52.3463627796838.jpg,2020,6,22,Haveneiland_Oost,0,lon_5011629410707225_lat_52346354980040275_radius_1_d0_r,lon_5011629410707225_lat_52346354980040275_radius_1,0,r
ATM_square_equirectangular_boom/Medisch_Centrum_Slotervaart/lon_4827409782405099_lat_5234812665912173_radius_1_d0_b/20180622TMX7316010203-000803pano_0001_002470_4.82741003782855_52.3481326772896.jpg,2018,6,22,Medisch_Centrum_Slotervaart,0,lon_4827409782405099_lat_5234812665912173_radius_1_d0_b,lon_4827409782405099_lat_5234812665912173_radius_1,0,b
ATM_square_equirectangular_boom/Medisch_Centrum_Slotervaart/lon_4827409782405099_lat_5234812665912173_radius_1_d0_b/20190117TMX7316010203-001060pano_0008_000127_4.82740812408345_52.3481334668725.jpg,2019,1,17,Medisch_Centrum_Slotervaart,0,lon_4827409782405099_lat_5234812665912173_radius_1_d0_b,lon_4827409782405099_lat_5234812665912173_radius_1,0,b
ATM_square_equirectangular_boom/Medisch_Centrum_Slotervaart/lon_4827409782405099_lat_5234812665912173_radius_1_d0_b/20200506TMX7316010203-001690pano_0000_000771_4.82740700014952_52.348121250066.jpg,2020,5,6,Medisch_Centrum_Slotervaart,0,lon_4827409782405099_lat_5234812665912173_radius_1_d0_b,lon_4827409782405099_lat_5234812665912173_radius_1,0,b
ATM_square_equirectangular_boom/Medisch_Centrum_Slotervaart/lon_4827409782405099_lat_5234812665912173_radius_1_d0_b/20200827TMX7316010203-001894pano_0000_000415_4.82740858307491_52.3481278062863.jpg,2020,8,27,Medisch_Centrum_Slotervaart,0,lon_4827409782405099_lat_5234812665912173_radius_1_d0_b,lon_4827409782405099_lat_5234812665912173_radius_1,0,b
ATM_square_equirectangular_boom/Medisch_Centrum_Slotervaart/lon_4827409782405099_lat_5234812665912173_radius_1_d0_b/20220629TMX7316010203-002649pano_0003_000326_4.82740785485322_52.3481354904371.jpg,2022,6,29,Medisch_Centrum_Slotervaart,1,lon_4827409782405099_lat_5234812665912173_radius_1_d0_b,lon_4827409782405099_lat_5234812665912173_radius_1,0,b
ATM_square_equirectangular_boom/Overtoomse_veld_Zuid/lon_4840254039411892_lat_5236391181824795_radius_1_d0_f/20160810TMX7316010203-000055pano_0001_000183_4.84026127476975_52.3639095350693.jpg,2016,8,10,Overtoomse_veld_Zuid,0,lon_4840254039411892_lat_5236391181824795_radius_1_d0_f,lon_4840254039411892_lat_5236391181824795_radius_1,0,f
ATM_square_equirectangular_boom/Overtoomse_veld_Zuid/lon_4840254039411892_lat_5236391181824795_radius_1_d0_f/20161010TMX7316010203-000154pano_0000_006006_4.84024650843303_52.3639140754149.jpg,2016,10,10,Overtoomse_veld_Zuid,0,lon_4840254039411892_lat_5236391181824795_radius_1_d0_f,lon_4840254039411892_lat_5236391181824795_radius_1,0,f
ATM_square_equirectangular_boom/Overtoomse_veld_Zuid/lon_4840254039411892_lat_5236391181824795_radius_1_d0_f/20180704TMX7316010203-000825pano_0000_003233_4.84024497664823_52.3639130230206.jpg,2018,7,4,Overtoomse_veld_Zuid,1,lon_4840254039411892_lat_5236391181824795_radius_1_d0_f,lon_4840254039411892_lat_5236391181824795_radius_1,0,f
ATM_square_equirectangular_boom/Overtoomse_veld_Zuid/lon_4840254039411892_lat_5236391181824795_radius_1_d0_f/20200508TMX7316010203-001698pano_0001_001856_4.84025743740042_52.3639085760138.jpg,2020,5,8,Overtoomse_veld_Zuid,0,lon_4840254039411892_lat_5236391181824795_radius_1_d0_f,lon_4840254039411892_lat_5236391181824795_radius_1,0,f
ATM_square_equirectangular_boom/Overtoomse_veld_Zuid/lon_4840254039411892_lat_5236391181824795_radius_1_d0_f/20210409TMX7316010203-002083pano_0000_004969_4.84025330373113_52.3639100656708.jpg,2021,4,9,Overtoomse_veld_Zuid,0,lon_4840254039411892_lat_5236391181824795_radius_1_d0_f,lon_4840254039411892_lat_5236391181824795_radius_1,0,f
ATM_square_equirectangular_boom/Overtoomse_veld_Zuid/lon_4840254039411892_lat_5236391181824795_radius_1_d0_l/20160810TMX7316010203-000055pano_0001_000183_4.84026127476975_52.3639095350693.jpg,2016,8,10,Overtoomse_veld_Zuid,0,lon_4840254039411892_lat_5236391181824795_radius_1_d0_l,lon_4840254039411892_lat_5236391181824795_radius_1,0,l
ATM_square_equirectangular_boom/Overtoomse_veld_Zuid/lon_4840254039411892_lat_5236391181824795_radius_1_d0_l/20161010TMX7316010203-000154pano_0000_006006_4.84024650843303_52.3639140754149.jpg,2016,10,10,Overtoomse_veld_Zuid,0,lon_4840254039411892_lat_5236391181824795_radius_1_d0_l,lon_4840254039411892_lat_5236391181824795_radius_1,0,l
ATM_square_equirectangular_boom/Overtoomse_veld_Zuid/lon_4840254039411892_lat_5236391181824795_radius_1_d0_l/20180704TMX7316010203-000825pano_0000_003233_4.84024497664823_52.3639130230206.jpg,2018,7,4,Overtoomse_veld_Zuid,1,lon_4840254039411892_lat_5236391181824795_radius_1_d0_l,lon_4840254039411892_lat_5236391181824795_radius_1,0,l
ATM_square_equirectangular_boom/Overtoomse_veld_Zuid/lon_4840254039411892_lat_5236391181824795_radius_1_d0_l/20200508TMX7316010203-001698pano_0001_001856_4.84025743740042_52.3639085760138.jpg,2020,5,8,Overtoomse_veld_Zuid,0,lon_4840254039411892_lat_5236391181824795_radius_1_d0_l,lon_4840254039411892_lat_5236391181824795_radius_1,0,l
ATM_square_equirectangular_boom/Overtoomse_veld_Zuid/lon_4840254039411892_lat_5236391181824795_radius_1_d0_l/20210409TMX7316010203-002083pano_0000_004969_4.84025330373113_52.3639100656708.jpg,2021,4,9,Overtoomse_veld_Zuid,0,lon_4840254039411892_lat_5236391181824795_radius_1_d0_l,lon_4840254039411892_lat_5236391181824795_radius_1,0,l
ATM_square_equirectangular_boom/Overtoomse_veld_Zuid/lon_4840254039411892_lat_5236391181824795_radius_1_d0_b/20160810TMX7316010203-000055pano_0001_000183_4.84026127476975_52.3639095350693.jpg,2016,8,10,Overtoomse_veld_Zuid,0,lon_4840254039411892_lat_5236391181824795_radius_1_d0_b,lon_4840254039411892_lat_5236391181824795_radius_1,0,b
ATM_square_equirectangular_boom/Overtoomse_veld_Zuid/lon_4840254039411892_lat_5236391181824795_radius_1_d0_b/20161010TMX7316010203-000154pano_0000_006006_4.84024650843303_52.3639140754149.jpg,2016,10,10,Overtoomse_veld_Zuid,0,lon_4840254039411892_lat_5236391181824795_radius_1_d0_b,lon_4840254039411892_lat_5236391181824795_radius_1,0,b
ATM_square_equirectangular_boom/Overtoomse_veld_Zuid/lon_4840254039411892_lat_5236391181824795_radius_1_d0_b/20180704TMX7316010203-000825pano_0000_003233_4.84024497664823_52.3639130230206.jpg,2018,7,4,Overtoomse_veld_Zuid,0,lon_4840254039411892_lat_5236391181824795_radius_1_d0_b,lon_4840254039411892_lat_5236391181824795_radius_1,0,b
ATM_square_equirectangular_boom/Overtoomse_veld_Zuid/lon_4840254039411892_lat_5236391181824795_radius_1_d0_b/20200508TMX7316010203-001698pano_0001_001856_4.84025743740042_52.3639085760138.jpg,2020,5,8,Overtoomse_veld_Zuid,1,lon_4840254039411892_lat_5236391181824795_radius_1_d0_b,lon_4840254039411892_lat_5236391181824795_radius_1,0,b
ATM_square_equirectangular_boom/Overtoomse_veld_Zuid/lon_4840254039411892_lat_5236391181824795_radius_1_d0_b/20210409TMX7316010203-002083pano_0000_004969_4.84025330373113_52.3639100656708.jpg,2021,4,9,Overtoomse_veld_Zuid,0,lon_4840254039411892_lat_5236391181824795_radius_1_d0_b,lon_4840254039411892_lat_5236391181824795_radius_1,0,b
ATM_square_equirectangular_boom/Prinses_Irenebuurt/lon_4872441596549759_lat_5234165927843134_radius_1_d0_r/20160804TMX7316060226-000013pano_0001_000768_4.87244200870206_52.3416623163889.jpg,2016,8,4,Prinses_Irenebuurt,0,lon_4872441596549759_lat_5234165927843134_radius_1_d0_r,lon_4872441596549759_lat_5234165927843134_radius_1,0,r
ATM_square_equirectangular_boom/Prinses_Irenebuurt/lon_4872441596549759_lat_5234165927843134_radius_1_d0_r/20190506TMX7316010203-001163pano_0000_001727_4.87244035126426_52.3416606602198.jpg,2019,5,6,Prinses_Irenebuurt,1,lon_4872441596549759_lat_5234165927843134_radius_1_d0_r,lon_4872441596549759_lat_5234165927843134_radius_1,0,r
ATM_square_equirectangular_boom/Prinses_Irenebuurt/lon_4872441596549759_lat_5234165927843134_radius_1_d0_r/20200827TMX7316010203-001894pano_0000_003086_4.87244242968296_52.3416548586853.jpg,2020,8,27,Prinses_Irenebuurt,0,lon_4872441596549759_lat_5234165927843134_radius_1_d0_r,lon_4872441596549759_lat_5234165927843134_radius_1,0,r
ATM_square_equirectangular_boom/Prinses_Irenebuurt/lon_4872441596549759_lat_5234165927843134_radius_1_d0_r/20220324TMX7316010203-002476pano_0001_001272_4.87244198454462_52.3416588818313.jpg,2022,3,24,Prinses_Irenebuurt,0,lon_4872441596549759_lat_5234165927843134_radius_1_d0_r,lon_4872441596549759_lat_5234165927843134_radius_1,0,r
ATM_square_equirectangular_boom/Prinses_Irenebuurt/lon_4872441596549759_lat_5234165927843134_radius_1_d0_r/20230105TMX7316010203-002918pano_0013_000049_4.87244589285895_52.3416534735958.jpg,2023,1,5,Prinses_Irenebuurt,0,lon_4872441596549759_lat_5234165927843134_radius_1_d0_r,lon_4872441596549759_lat_5234165927843134_radius_1,0,r
ATM_square_equirectangular_boom/Prinses_Irenebuurt/lon_4872441596549759_lat_5234165927843134_radius_1_d0_b/20160804TMX7316060226-000013pano_0001_000768_4.87244200870206_52.3416623163889.jpg,2016,8,4,Prinses_Irenebuurt,0,lon_4872441596549759_lat_5234165927843134_radius_1_d0_b,lon_4872441596549759_lat_5234165927843134_radius_1,0,b
ATM_square_equirectangular_boom/Prinses_Irenebuurt/lon_4872441596549759_lat_5234165927843134_radius_1_d0_b/20190506TMX7316010203-001163pano_0000_001727_4.87244035126426_52.3416606602198.jpg,2019,5,6,Prinses_Irenebuurt,1,lon_4872441596549759_lat_5234165927843134_radius_1_d0_b,lon_4872441596549759_lat_5234165927843134_radius_1,0,b
ATM_square_equirectangular_boom/Prinses_Irenebuurt/lon_4872441596549759_lat_5234165927843134_radius_1_d0_b/20200827TMX7316010203-001894pano_0000_003086_4.87244242968296_52.3416548586853.jpg,2020,8,27,Prinses_Irenebuurt,0,lon_4872441596549759_lat_5234165927843134_radius_1_d0_b,lon_4872441596549759_lat_5234165927843134_radius_1,0,b
ATM_square_equirectangular_boom/Prinses_Irenebuurt/lon_4872441596549759_lat_5234165927843134_radius_1_d0_b/20220324TMX7316010203-002476pano_0001_001272_4.87244198454462_52.3416588818313.jpg,2022,3,24,Prinses_Irenebuurt,0,lon_4872441596549759_lat_5234165927843134_radius_1_d0_b,lon_4872441596549759_lat_5234165927843134_radius_1,0,b
ATM_square_equirectangular_boom/Prinses_Irenebuurt/lon_4872441596549759_lat_5234165927843134_radius_1_d0_b/20230105TMX7316010203-002918pano_0013_000049_4.87244589285895_52.3416534735958.jpg,2023,1,5,Prinses_Irenebuurt,0,lon_4872441596549759_lat_5234165927843134_radius_1_d0_b,lon_4872441596549759_lat_5234165927843134_radius_1,0,b
ATM_square_equirectangular_boom/Osdorper_Bovenpolder/lon_4785912138551406_lat_5236520508185237_radius_1_d0_l/20160815TMX7316060226-000020pano_0008_001865_4.78591893701678_52.365203129762.jpg,2016,8,15,Osdorper_Bovenpolder,0,lon_4785912138551406_lat_5236520508185237_radius_1_d0_l,lon_4785912138551406_lat_5236520508185237_radius_1,0,l
ATM_square_equirectangular_boom/Osdorper_Bovenpolder/lon_4785912138551406_lat_5236520508185237_radius_1_d0_l/20180702TMX7316010203-000818pano_0001_000521_4.785913128661_52.3652055683168.jpg,2018,7,2,Osdorper_Bovenpolder,0,lon_4785912138551406_lat_5236520508185237_radius_1_d0_l,lon_4785912138551406_lat_5236520508185237_radius_1,0,l
ATM_square_equirectangular_boom/Osdorper_Bovenpolder/lon_4785912138551406_lat_5236520508185237_radius_1_d0_l/20190102TMX7316010203-001033pano_0011_000142_4.78590347692488_52.3652025923129.jpg,2019,1,2,Osdorper_Bovenpolder,1,lon_4785912138551406_lat_5236520508185237_radius_1_d0_l,lon_4785912138551406_lat_5236520508185237_radius_1,0,l
ATM_square_equirectangular_boom/Osdorper_Bovenpolder/lon_4785912138551406_lat_5236520508185237_radius_1_d0_l/20210408TMX7316010203-002082pano_0001_001304_4.78591301160296_52.3652090370178.jpg,2021,4,8,Osdorper_Bovenpolder,0,lon_4785912138551406_lat_5236520508185237_radius_1_d0_l,lon_4785912138551406_lat_5236520508185237_radius_1,0,l
ATM_square_equirectangular_boom/Twiske_West/lon_4893173456681803_lat_52419906543810136_radius_1_d0_b/20160818TMX7316060226-000031pano_0003_000640_4.89317706197327_52.4199072857744.jpg,2016,8,18,Twiske_West,0,lon_4893173456681803_lat_52419906543810136_radius_1_d0_b,lon_4893173456681803_lat_52419906543810136_radius_1,0,b
ATM_square_equirectangular_boom/Twiske_West/lon_4893173456681803_lat_52419906543810136_radius_1_d0_b/20170529TMX7316010203-000315pano_0000_001559_4.8931690262783_52.4198993471131.jpg,2017,5,29,Twiske_West,0,lon_4893173456681803_lat_52419906543810136_radius_1_d0_b,lon_4893173456681803_lat_52419906543810136_radius_1,0,b
ATM_square_equirectangular_boom/Twiske_West/lon_4893173456681803_lat_52419906543810136_radius_1_d0_b/20180801TMX7316010203-000893pano_0000_004935_4.8931789552353_52.4199031491912.jpg,2018,8,1,Twiske_West,0,lon_4893173456681803_lat_52419906543810136_radius_1_d0_b,lon_4893173456681803_lat_52419906543810136_radius_1,0,b
ATM_square_equirectangular_boom/Twiske_West/lon_4893173456681803_lat_52419906543810136_radius_1_d0_b/20200616TMX7316010203-001746pano_0001_000000_4.89316456754771_52.4199082742709.jpg,2020,6,16,Twiske_West,0,lon_4893173456681803_lat_52419906543810136_radius_1_d0_b,lon_4893173456681803_lat_52419906543810136_radius_1,0,b
ATM_square_equirectangular_boom/Twiske_West/lon_4893173456681803_lat_52419906543810136_radius_1_d0_b/20210623TMX7316010203-002188pano_0001_001134_4.89318507074955_52.4199045742524.jpg,2021,6,23,Twiske_West,0,lon_4893173456681803_lat_52419906543810136_radius_1_d0_b,lon_4893173456681803_lat_52419906543810136_radius_1,0,b
ATM_square_equirectangular_boom/Twiske_West/lon_4893173456681803_lat_52419906543810136_radius_1_d0_b/20220511TMX7316010203-002574pano_0000_001699_4.89317777846664_52.4198997526639.jpg,2022,5,11,Twiske_West,1,lon_4893173456681803_lat_52419906543810136_radius_1_d0_b,lon_4893173456681803_lat_52419906543810136_radius_1,0,b
ATM_square_equirectangular_boom/Driehoekbuurt/lon_4885856065393736_lat_52381437610237896_radius_1_d0_f/20160815TMX7316060226-000020pano_0007_000505_4.88584606358301_52.3814399380681.jpg,2016,8,15,Driehoekbuurt,0,lon_4885856065393736_lat_52381437610237896_radius_1_d0_f,lon_4885856065393736_lat_52381437610237896_radius_1,0,f
ATM_square_equirectangular_boom/Driehoekbuurt/lon_4885856065393736_lat_52381437610237896_radius_1_d0_f/20161122TMX7316010203-000188pano_0000_001827_4.88584896110088_52.3814299678987.jpg,2016,11,22,Driehoekbuurt,0,lon_4885856065393736_lat_52381437610237896_radius_1_d0_f,lon_4885856065393736_lat_52381437610237896_radius_1,0,f
ATM_square_equirectangular_boom/Driehoekbuurt/lon_4885856065393736_lat_52381437610237896_radius_1_d0_f/20180502TMX7316010203-000703pano_0000_004449_4.88586381718886_52.381435894688.jpg,2018,5,2,Driehoekbuurt,1,lon_4885856065393736_lat_52381437610237896_radius_1_d0_f,lon_4885856065393736_lat_52381437610237896_radius_1,0,f
ATM_square_equirectangular_boom/Driehoekbuurt/lon_4885856065393736_lat_52381437610237896_radius_1_d0_f/20210311TMX7316010203-002037pano_0000_001404_4.88585831540934_52.3814369979576.jpg,2021,3,11,Driehoekbuurt,0,lon_4885856065393736_lat_52381437610237896_radius_1_d0_f,lon_4885856065393736_lat_52381437610237896_radius_1,0,f
ATM_square_equirectangular_boom/Driehoekbuurt/lon_4885856065393736_lat_52381437610237896_radius_1_d0_f/20220429TMX7316010203-002549pano_0000_002243_4.88586064445454_52.3814301443642.jpg,2022,4,29,Driehoekbuurt,0,lon_4885856065393736_lat_52381437610237896_radius_1_d0_f,lon_4885856065393736_lat_52381437610237896_radius_1,0,f
ATM_square_equirectangular_boom/Overtoomse_Veld_Noord/lon_4836082221173297_lat_523666475890565_radius_1_d0_l/20180108TMX7316010203-000535pano_0000_006308_4.83607951132302_52.3666462399944.jpg,2018,1,8,Overtoomse_Veld_Noord,0,lon_4836082221173297_lat_523666475890565_radius_1_d0_l,lon_4836082221173297_lat_523666475890565_radius_1,0,l
ATM_square_equirectangular_boom/Overtoomse_Veld_Noord/lon_4836082221173297_lat_523666475890565_radius_1_d0_l/20180704TMX7316010203-000825pano_0000_004294_4.8360827470972_52.3666487288943.jpg,2018,7,4,Overtoomse_Veld_Noord,0,lon_4836082221173297_lat_523666475890565_radius_1_d0_l,lon_4836082221173297_lat_523666475890565_radius_1,0,l
ATM_square_equirectangular_boom/Overtoomse_Veld_Noord/lon_4836082221173297_lat_523666475890565_radius_1_d0_l/20190717TMX7316010203-001316pano_0000_001375_4.83608440509967_52.3666477982808.jpg,2019,7,17,Overtoomse_Veld_Noord,1,lon_4836082221173297_lat_523666475890565_radius_1_d0_l,lon_4836082221173297_lat_523666475890565_radius_1,0,l
ATM_square_equirectangular_boom/Overtoomse_Veld_Noord/lon_4836082221173297_lat_523666475890565_radius_1_d0_l/20220413TMX7316010203-002513pano_0000_000656_4.83609268741706_52.3666495801449.jpg,2022,4,13,Overtoomse_Veld_Noord,0,lon_4836082221173297_lat_523666475890565_radius_1_d0_l,lon_4836082221173297_lat_523666475890565_radius_1,0,l
ATM_square_equirectangular_boom/Rieteiland_Oost/lon_5003703871804632_lat_5234601309286113_radius_1_d0_r/20171130TMX7316010203-000502pano_0001_000348_5.00370513724498_52.3460186458183.jpg,2017,11,30,Rieteiland_Oost,0,lon_5003703871804632_lat_5234601309286113_radius_1_d0_r,lon_5003703871804632_lat_5234601309286113_radius_1,0,r
ATM_square_equirectangular_boom/Rieteiland_Oost/lon_5003703871804632_lat_5234601309286113_radius_1_d0_r/20180517TMX7316010203-000741pano_0000_003806_5.00370502720464_52.3460158745674.jpg,2018,5,17,Rieteiland_Oost,0,lon_5003703871804632_lat_5234601309286113_radius_1_d0_r,lon_5003703871804632_lat_5234601309286113_radius_1,0,r
ATM_square_equirectangular_boom/Rieteiland_Oost/lon_5003703871804632_lat_5234601309286113_radius_1_d0_r/20181217TMX7316010203-001018pano_0001_000733_5.00371662291672_52.3460105405328.jpg,2018,12,17,Rieteiland_Oost,1,lon_5003703871804632_lat_5234601309286113_radius_1_d0_r,lon_5003703871804632_lat_5234601309286113_radius_1,0,r
ATM_square_equirectangular_boom/Rieteiland_Oost/lon_5003703871804632_lat_5234601309286113_radius_1_d0_r/20210915TMX7316010203-002311pano_0004_001034_5.00369926010578_52.3460140228523.jpg,2021,9,15,Rieteiland_Oost,1,lon_5003703871804632_lat_5234601309286113_radius_1_d0_r,lon_5003703871804632_lat_5234601309286113_radius_1,0,r
ATM_square_equirectangular_boom/Veluwebuurt/lon_4895271553677998_lat_5233833856237531_radius_1_d0_l/20180605TMX7316010203-000774pano_0000_002228_4.89526167370593_52.3383443261044.jpg,2018,6,5,Veluwebuurt,0,lon_4895271553677998_lat_5233833856237531_radius_1_d0_l,lon_4895271553677998_lat_5233833856237531_radius_1,0,l
ATM_square_equirectangular_boom/Veluwebuurt/lon_4895271553677998_lat_5233833856237531_radius_1_d0_l/20190509TMX7316010203-001173pano_0000_000288_4.89528197651222_52.3383379307151.jpg,2019,5,9,Veluwebuurt,0,lon_4895271553677998_lat_5233833856237531_radius_1_d0_l,lon_4895271553677998_lat_5233833856237531_radius_1,0,l
ATM_square_equirectangular_boom/Veluwebuurt/lon_4895271553677998_lat_5233833856237531_radius_1_d0_l/20200901TMX7316010203-001902pano_0000_000915_4.89526900028991_52.3383331935259.jpg,2020,9,1,Veluwebuurt,1,lon_4895271553677998_lat_5233833856237531_radius_1_d0_l,lon_4895271553677998_lat_5233833856237531_radius_1,0,l
ATM_square_equirectangular_boom/Veluwebuurt/lon_4895271553677998_lat_5233833856237531_radius_1_d0_l/20200917TMX7316060226-000507pano_0000_000256_4.89527272120791_52.3383416975718.jpg,2020,9,17,Veluwebuurt,0,lon_4895271553677998_lat_5233833856237531_radius_1_d0_l,lon_4895271553677998_lat_5233833856237531_radius_1,0,l
ATM_square_equirectangular_boom/Veluwebuurt/lon_4895271553677998_lat_5233833856237531_radius_1_d0_l/20220110TMX7316010203-002408pano_0002_000047_4.89526448620382_52.3383420362124.jpg,2022,1,10,Veluwebuurt,0,lon_4895271553677998_lat_5233833856237531_radius_1_d0_l,lon_4895271553677998_lat_5233833856237531_radius_1,0,l
ATM_square_equirectangular_boom/Banne_Zuidoost/lon_49206878341311_lat_5240615104699523_radius_1_d0_l/20160718TMX7315120208-000137pano_0000_000015_4.92067738182451_52.4061523865349.jpg,2016,7,18,Banne_Zuidoost,0,lon_49206878341311_lat_5240615104699523_radius_1_d0_l,lon_49206878341311_lat_5240615104699523_radius_1,0,l
ATM_square_equirectangular_boom/Banne_Zuidoost/lon_49206878341311_lat_5240615104699523_radius_1_d0_l/20180802TMX7316010203-000895pano_0001_001130_4.92069518541022_52.4061502622112.jpg,2018,8,2,Banne_Zuidoost,1,lon_49206878341311_lat_5240615104699523_radius_1_d0_l,lon_49206878341311_lat_5240615104699523_radius_1,0,l
ATM_square_equirectangular_boom/Banne_Zuidoost/lon_49206878341311_lat_5240615104699523_radius_1_d0_l/20191211TMX7316010203-001508pano_0002_000021_4.92068681804362_52.4061485020923.jpg,2019,12,11,Banne_Zuidoost,0,lon_49206878341311_lat_5240615104699523_radius_1_d0_l,lon_49206878341311_lat_5240615104699523_radius_1,0,l
ATM_square_equirectangular_boom/Banne_Zuidoost/lon_49206878341311_lat_5240615104699523_radius_1_d0_l/20210623TMX7316010203-002186pano_0001_000579_4.92069195124605_52.4061530371425.jpg,2021,6,23,Banne_Zuidoost,0,lon_49206878341311_lat_5240615104699523_radius_1_d0_l,lon_49206878341311_lat_5240615104699523_radius_1,0,l
ATM_square_equirectangular_boom/Banne_Zuidoost/lon_4920904499907532_lat_5240632323372026_radius_1_d-400_f/20160718TMX7315120208-000137pano_0000_000010_4.92091390702391_52.4063280521538.jpg,2016,7,18,Banne_Zuidoost,0,lon_4920904499907532_lat_5240632323372026_radius_1_d-400_f,lon_4920904499907532_lat_5240632323372026_radius_1,-400,f
ATM_square_equirectangular_boom/Banne_Zuidoost/lon_4920904499907532_lat_5240632323372026_radius_1_d-400_f/20200206TMX7316010203-001624pano_0006_001713_4.92090937403391_52.4063212181724.jpg,2020,2,6,Banne_Zuidoost,1,lon_4920904499907532_lat_5240632323372026_radius_1_d-400_f,lon_4920904499907532_lat_5240632323372026_radius_1,-400,f
ATM_square_equirectangular_boom/Banne_Zuidoost/lon_4920904499907532_lat_5240632323372026_radius_1_d-400_f/20211223TMX7316010203-002334pano_0000_000293_4.92089267431535_52.4063181139549.jpg,2021,12,23,Banne_Zuidoost,0,lon_4920904499907532_lat_5240632323372026_radius_1_d-400_f,lon_4920904499907532_lat_5240632323372026_radius_1,-400,f
ATM_square_equirectangular_boom/Banne_Zuidoost/lon_4920904499907532_lat_5240632323372026_radius_1_d-400_f/20220513TMX7316010203-002579pano_0000_001422_4.92090823311531_52.406328430905.jpg,2022,5,13,Banne_Zuidoost,0,lon_4920904499907532_lat_5240632323372026_radius_1_d-400_f,lon_4920904499907532_lat_5240632323372026_radius_1,-400,f
ATM_square_equirectangular_boom/Osdorpplein_eo/lon_480364993784052_lat_5235731362591104_radius_1_d0_r/20160808TMX7316010203-000050pano_0000_007856_4.80364518992419_52.3573097562411.jpg,2016,8,8,Osdorpplein_eo,0,lon_480364993784052_lat_5235731362591104_radius_1_d0_r,lon_480364993784052_lat_5235731362591104_radius_1,0,r
ATM_square_equirectangular_boom/Osdorpplein_eo/lon_480364993784052_lat_5235731362591104_radius_1_d0_r/20200821TMX7316010203-001886pano_0000_001610_4.80364757622719_52.3573131522175.jpg,2020,8,21,Osdorpplein_eo,1,lon_480364993784052_lat_5235731362591104_radius_1_d0_r,lon_480364993784052_lat_5235731362591104_radius_1,0,r
ATM_square_equirectangular_boom/Osdorpplein_eo/lon_480364993784052_lat_5235731362591104_radius_1_d0_r/20220107TMX7316010203-002397pano_0005_000017_4.80365704737018_52.3573179692745.jpg,2022,1,7,Osdorpplein_eo,0,lon_480364993784052_lat_5235731362591104_radius_1_d0_r,lon_480364993784052_lat_5235731362591104_radius_1,0,r
ATM_square_equirectangular_boom/Osdorpplein_eo/lon_480364993784052_lat_5235731362591104_radius_1_d0_b/20160808TMX7316010203-000050pano_0000_007856_4.80364518992419_52.3573097562411.jpg,2016,8,8,Osdorpplein_eo,0,lon_480364993784052_lat_5235731362591104_radius_1_d0_b,lon_480364993784052_lat_5235731362591104_radius_1,0,b
ATM_square_equirectangular_boom/Osdorpplein_eo/lon_480364993784052_lat_5235731362591104_radius_1_d0_b/20200821TMX7316010203-001886pano_0000_001610_4.80364757622719_52.3573131522175.jpg,2020,8,21,Osdorpplein_eo,1,lon_480364993784052_lat_5235731362591104_radius_1_d0_b,lon_480364993784052_lat_5235731362591104_radius_1,0,b
ATM_square_equirectangular_boom/Osdorpplein_eo/lon_480364993784052_lat_5235731362591104_radius_1_d0_b/20220107TMX7316010203-002397pano_0005_000017_4.80365704737018_52.3573179692745.jpg,2022,1,7,Osdorpplein_eo,0,lon_480364993784052_lat_5235731362591104_radius_1_d0_b,lon_480364993784052_lat_5235731362591104_radius_1,0,b
ATM_square_equirectangular_boom/Osdorpplein_eo/lon_480364993784052_lat_5235731362591104_radius_1_d0_l/20160808TMX7316010203-000050pano_0000_007856_4.80364518992419_52.3573097562411.jpg,2016,8,8,Osdorpplein_eo,0,lon_480364993784052_lat_5235731362591104_radius_1_d0_l,lon_480364993784052_lat_5235731362591104_radius_1,0,l
ATM_square_equirectangular_boom/Osdorpplein_eo/lon_480364993784052_lat_5235731362591104_radius_1_d0_l/20200821TMX7316010203-001886pano_0000_001610_4.80364757622719_52.3573131522175.jpg,2020,8,21,Osdorpplein_eo,1,lon_480364993784052_lat_5235731362591104_radius_1_d0_l,lon_480364993784052_lat_5235731362591104_radius_1,0,l
ATM_square_equirectangular_boom/Osdorpplein_eo/lon_480364993784052_lat_5235731362591104_radius_1_d0_l/20220107TMX7316010203-002397pano_0005_000017_4.80365704737018_52.3573179692745.jpg,2022,1,7,Osdorpplein_eo,0,lon_480364993784052_lat_5235731362591104_radius_1_d0_l,lon_480364993784052_lat_5235731362591104_radius_1,0,l
ATM_square_equirectangular_boom/Tuindorp_Frankendael/lon_4933572314133566_lat_5234868128850994_radius_1_d0_f/20160419TMX7315120208-000032pano_0000_005804_4.9335703975006_52.3486822437954.jpg,2016,4,19,Tuindorp_Frankendael,0,lon_4933572314133566_lat_5234868128850994_radius_1_d0_f,lon_4933572314133566_lat_5234868128850994_radius_1,0,f
ATM_square_equirectangular_boom/Tuindorp_Frankendael/lon_4933572314133566_lat_5234868128850994_radius_1_d0_f/20210531TMX7316010203-002144pano_0000_001632_4.93357894246417_52.3486774875518.jpg,2021,5,31,Tuindorp_Frankendael,1,lon_4933572314133566_lat_5234868128850994_radius_1_d0_f,lon_4933572314133566_lat_5234868128850994_radius_1,0,f
ATM_square_equirectangular_boom/Tuindorp_Frankendael/lon_4933572314133566_lat_5234868128850994_radius_1_d0_f/20220112TMX7316010203-002417pano_0031_000041_4.93356760243593_52.3486841341826.jpg,2022,1,12,Tuindorp_Frankendael,0,lon_4933572314133566_lat_5234868128850994_radius_1_d0_f,lon_4933572314133566_lat_5234868128850994_radius_1,0,f
ATM_square_equirectangular_boom/Twiske_West/lon_4897015319725887_lat_524195358332888_radius_1_d0_b/20200206TMX7316010203-001624pano_0006_001154_4.89701473973853_52.4195355525688.jpg,2020,2,6,Twiske_West,0,lon_4897015319725887_lat_524195358332888_radius_1_d0_b,lon_4897015319725887_lat_524195358332888_radius_1,0,b
ATM_square_equirectangular_boom/Twiske_West/lon_4897015319725887_lat_524195358332888_radius_1_d0_b/20200916TMX7316060226-000502pano_0000_001386_4.89701523144673_52.4195383270839.jpg,2020,9,16,Twiske_West,1,lon_4897015319725887_lat_524195358332888_radius_1_d0_b,lon_4897015319725887_lat_524195358332888_radius_1,0,b
ATM_square_equirectangular_boom/Twiske_West/lon_4897015319725887_lat_524195358332888_radius_1_d0_b/20211224TMX7316010203-002347pano_0006_001390_4.8970159879924_52.4195336202137.jpg,2021,12,24,Twiske_West,0,lon_4897015319725887_lat_524195358332888_radius_1_d0_b,lon_4897015319725887_lat_524195358332888_radius_1,0,b
ATM_square_equirectangular_boom/Schipluidenbuurt/lon_4840627445599321_lat_523571860701697_radius_1_d0_f/20160812TMX7316010203-000058pano_0000_014140_4.84062929570776_52.3571861558083.jpg,2016,8,12,Schipluidenbuurt,0,lon_4840627445599321_lat_523571860701697_radius_1_d0_f,lon_4840627445599321_lat_523571860701697_radius_1,0,f
ATM_square_equirectangular_boom/Schipluidenbuurt/lon_4840627445599321_lat_523571860701697_radius_1_d0_f/20180108TMX7316010203-000534pano_0000_000925_4.84062527860096_52.3571868727939.jpg,2018,1,8,Schipluidenbuurt,1,lon_4840627445599321_lat_523571860701697_radius_1_d0_f,lon_4840627445599321_lat_523571860701697_radius_1,0,f
ATM_square_equirectangular_boom/Schipluidenbuurt/lon_4840627445599321_lat_523571860701697_radius_1_d0_f/20200827TMX7316010203-001893pano_0001_001756_4.84062507009806_52.3571819152422.jpg,2020,8,27,Schipluidenbuurt,0,lon_4840627445599321_lat_523571860701697_radius_1_d0_f,lon_4840627445599321_lat_523571860701697_radius_1,0,f
ATM_square_equirectangular_boom/Schipluidenbuurt/lon_4840627445599321_lat_523571860701697_radius_1_d0_f/20210707TMX7316010203-002219pano_0000_003868_4.8406301379905_52.3571893368344.jpg,2021,7,7,Schipluidenbuurt,0,lon_4840627445599321_lat_523571860701697_radius_1_d0_f,lon_4840627445599321_lat_523571860701697_radius_1,0,f
ATM_square_equirectangular_boom/Schipluidenbuurt/lon_4840627445599321_lat_523571860701697_radius_1_d0_l/20160812TMX7316010203-000058pano_0000_014140_4.84062929570776_52.3571861558083.jpg,2016,8,12,Schipluidenbuurt,0,lon_4840627445599321_lat_523571860701697_radius_1_d0_l,lon_4840627445599321_lat_523571860701697_radius_1,0,l
ATM_square_equirectangular_boom/Schipluidenbuurt/lon_4840627445599321_lat_523571860701697_radius_1_d0_l/20180108TMX7316010203-000534pano_0000_000925_4.84062527860096_52.3571868727939.jpg,2018,1,8,Schipluidenbuurt,1,lon_4840627445599321_lat_523571860701697_radius_1_d0_l,lon_4840627445599321_lat_523571860701697_radius_1,0,l
ATM_square_equirectangular_boom/Schipluidenbuurt/lon_4840627445599321_lat_523571860701697_radius_1_d0_l/20200827TMX7316010203-001893pano_0001_001756_4.84062507009806_52.3571819152422.jpg,2020,8,27,Schipluidenbuurt,0,lon_4840627445599321_lat_523571860701697_radius_1_d0_l,lon_4840627445599321_lat_523571860701697_radius_1,0,l
ATM_square_equirectangular_boom/Schipluidenbuurt/lon_4840627445599321_lat_523571860701697_radius_1_d0_l/20210707TMX7316010203-002219pano_0000_003868_4.8406301379905_52.3571893368344.jpg,2021,7,7,Schipluidenbuurt,0,lon_4840627445599321_lat_523571860701697_radius_1_d0_l,lon_4840627445599321_lat_523571860701697_radius_1,0,l
ATM_square_equirectangular_boom/Vogelbuurt_Noord/lon_4926297632319983_lat_5238839164799632_radius_1_d0_r/20180730TMX7316010203-000885pano_0001_003321_4.92629933082898_52.3883984355981.jpg,2018,7,30,Vogelbuurt_Noord,0,lon_4926297632319983_lat_5238839164799632_radius_1_d0_r,lon_4926297632319983_lat_5238839164799632_radius_1,0,r
ATM_square_equirectangular_boom/Vogelbuurt_Noord/lon_4926297632319983_lat_5238839164799632_radius_1_d0_r/20200529TMX7316010203-001729pano_0000_003563_4.92630091221536_52.3883895060837.jpg,2020,5,29,Vogelbuurt_Noord,1,lon_4926297632319983_lat_5238839164799632_radius_1_d0_r,lon_4926297632319983_lat_5238839164799632_radius_1,0,r
ATM_square_equirectangular_boom/Vogelbuurt_Noord/lon_4926297632319983_lat_5238839164799632_radius_1_d0_r/20210615TMX7316010203-002179pano_0002_000525_4.92629265391561_52.3883870023072.jpg,2021,6,15,Vogelbuurt_Noord,0,lon_4926297632319983_lat_5238839164799632_radius_1_d0_r,lon_4926297632319983_lat_5238839164799632_radius_1,0,r
ATM_square_equirectangular_boom/Van_Tuyllbuurt/lon_4863394102346915_lat_5234529666637815_radius_1_d0_r/20190514TMX7316010203-001183pano_0001_000291_4.86339190113809_52.3453003292638.jpg,2019,5,14,Van_Tuyllbuurt,0,lon_4863394102346915_lat_5234529666637815_radius_1_d0_r,lon_4863394102346915_lat_5234529666637815_radius_1,0,r
ATM_square_equirectangular_boom/Van_Tuyllbuurt/lon_4863394102346915_lat_5234529666637815_radius_1_d0_r/20200707TMX7316010203-001796pano_0000_000922_4.86339013438514_52.345298729615.jpg,2020,7,7,Van_Tuyllbuurt,1,lon_4863394102346915_lat_5234529666637815_radius_1_d0_r,lon_4863394102346915_lat_5234529666637815_radius_1,0,r
ATM_square_equirectangular_boom/Van_Tuyllbuurt/lon_4863394102346915_lat_5234529666637815_radius_1_d0_r/20210428TMX7316010203-002120pano_0000_004065_4.86339264599539_52.3452943037246.jpg,2021,4,28,Van_Tuyllbuurt,1,lon_4863394102346915_lat_5234529666637815_radius_1_d0_r,lon_4863394102346915_lat_5234529666637815_radius_1,0,r
ATM_square_equirectangular_boom/Van_Tuyllbuurt/lon_4863394102346915_lat_5234529666637815_radius_1_d0_r/20220110TMX7316010203-002405pano_0004_000048_4.86340172786904_52.3452933029092.jpg,2022,1,10,Van_Tuyllbuurt,0,lon_4863394102346915_lat_5234529666637815_radius_1_d0_r,lon_4863394102346915_lat_5234529666637815_radius_1,0,r
ATM_square_equirectangular_boom/Van_Tuyllbuurt/lon_4863394102346915_lat_5234529666637815_radius_1_d0_r/20220324TMX7316010203-002475pano_0000_001404_4.86338971529488_52.345304741668.jpg,2022,3,24,Van_Tuyllbuurt,0,lon_4863394102346915_lat_5234529666637815_radius_1_d0_r,lon_4863394102346915_lat_5234529666637815_radius_1,0,r
ATM_square_equirectangular_boom/De_Omval/lon_4918339854537943_lat_5234368217784559_radius_1_d0_r/20170418TMX7316010203-000261pano_0000_003716_4.91834301797753_52.3436781661211.jpg,2017,4,18,De_Omval,0,lon_4918339854537943_lat_5234368217784559_radius_1_d0_r,lon_4918339854537943_lat_5234368217784559_radius_1,0,r
ATM_square_equirectangular_boom/De_Omval/lon_4918339854537943_lat_5234368217784559_radius_1_d0_r/20170609TMX7316010203-000332pano_0001_002081_4.91833499676971_52.3436853143631.jpg,2017,6,9,De_Omval,0,lon_4918339854537943_lat_5234368217784559_radius_1_d0_r,lon_4918339854537943_lat_5234368217784559_radius_1,0,r
ATM_square_equirectangular_boom/De_Omval/lon_4918339854537943_lat_5234368217784559_radius_1_d0_r/20180529TMX7316010203-000759pano_0000_003338_4.91834214673678_52.3436784468241.jpg,2018,5,29,De_Omval,0,lon_4918339854537943_lat_5234368217784559_radius_1_d0_r,lon_4918339854537943_lat_5234368217784559_radius_1,0,r
ATM_square_equirectangular_boom/De_Omval/lon_4918339854537943_lat_5234368217784559_radius_1_d0_r/20190515TMX7316010203-001186pano_0001_001628_4.91834255748427_52.3436739089573.jpg,2019,5,15,De_Omval,0,lon_4918339854537943_lat_5234368217784559_radius_1_d0_r,lon_4918339854537943_lat_5234368217784559_radius_1,0,r
ATM_square_equirectangular_boom/De_Omval/lon_4918339854537943_lat_5234368217784559_radius_1_d0_r/20200507TMX7316010203-001692pano_0000_001549_4.91834022974661_52.3436839845215.jpg,2020,5,7,De_Omval,0,lon_4918339854537943_lat_5234368217784559_radius_1_d0_r,lon_4918339854537943_lat_5234368217784559_radius_1,0,r
ATM_square_equirectangular_boom/De_Omval/lon_4918339854537943_lat_5234368217784559_radius_1_d0_r/20220614TMX7316010203-002594pano_0000_000730_4.91834297253419_52.343677093022.jpg,2022,6,14,De_Omval,1,lon_4918339854537943_lat_5234368217784559_radius_1_d0_r,lon_4918339854537943_lat_5234368217784559_radius_1,0,r
ATM_square_equirectangular_boom/Blauwe_Zand/lon_4926024824135257_lat_523926498025341_radius_1_d0_f/20160805TMX7316010203-000048pano_0000_000826_4.92602721687352_52.3926500089047.jpg,2016,8,5,Blauwe_Zand,0,lon_4926024824135257_lat_523926498025341_radius_1_d0_f,lon_4926024824135257_lat_523926498025341_radius_1,0,f
ATM_square_equirectangular_boom/Blauwe_Zand/lon_4926024824135257_lat_523926498025341_radius_1_d0_f/20190627TMX7316010203-001255pano_0000_000336_4.92602206954968_52.3926475718322.jpg,2019,6,27,Blauwe_Zand,1,lon_4926024824135257_lat_523926498025341_radius_1_d0_f,lon_4926024824135257_lat_523926498025341_radius_1,0,f
ATM_square_equirectangular_boom/Blauwe_Zand/lon_4926024824135257_lat_523926498025341_radius_1_d0_f/20200916TMX7316060226-000500pano_0000_001138_4.92602518598257_52.3926518268654.jpg,2020,9,16,Blauwe_Zand,0,lon_4926024824135257_lat_523926498025341_radius_1_d0_f,lon_4926024824135257_lat_523926498025341_radius_1,0,f
ATM_square_equirectangular_boom/Hemelrijk/lon_4897564689076426_lat_5237863984622902_radius_1_d0_f/20190514TMX7316010203-001182pano_0000_000394_4.8975650689589_52.3786395161336.jpg,2019,5,14,Hemelrijk,0,lon_4897564689076426_lat_5237863984622902_radius_1_d0_f,lon_4897564689076426_lat_5237863984622902_radius_1,0,f
ATM_square_equirectangular_boom/Hemelrijk/lon_4897564689076426_lat_5237863984622902_radius_1_d0_f/20191310TMX7316010203-001548pano_0000_000680_4.89755652122993_52.3786351319316.jpg,2019,13,10,Hemelrijk,0,lon_4897564689076426_lat_5237863984622902_radius_1_d0_f,lon_4897564689076426_lat_5237863984622902_radius_1,0,f
ATM_square_equirectangular_boom/Hemelrijk/lon_4897564689076426_lat_5237863984622902_radius_1_d0_f/20200422TMX7316010203-001668pano_0000_001073_4.8975645034133_52.378636158729.jpg,2020,4,22,Hemelrijk,0,lon_4897564689076426_lat_5237863984622902_radius_1_d0_f,lon_4897564689076426_lat_5237863984622902_radius_1,0,f
ATM_square_equirectangular_boom/Hemelrijk/lon_4897564689076426_lat_5237863984622902_radius_1_d0_f/20210308TMX7316010203-002032pano_0000_001938_4.89756387980486_52.3786432575776.jpg,2021,3,8,Hemelrijk,0,lon_4897564689076426_lat_5237863984622902_radius_1_d0_f,lon_4897564689076426_lat_5237863984622902_radius_1,0,f
ATM_square_equirectangular_boom/Hemelrijk/lon_4897564689076426_lat_5237863984622902_radius_1_d0_f/20211227TMX7316010203-002354pano_0000_000352_4.89757347197514_52.3786451667733.jpg,2021,12,27,Hemelrijk,0,lon_4897564689076426_lat_5237863984622902_radius_1_d0_f,lon_4897564689076426_lat_5237863984622902_radius_1,0,f
ATM_square_equirectangular_boom/Haveneiland_Oost/lon_5014068977961516_lat_5234879677328297_radius_1_d0_l/20190603TMX7316010203-001210pano_0000_000492_5.01407392198106_52.3488027972729.jpg,2019,6,3,Haveneiland_Oost,0,lon_5014068977961516_lat_5234879677328297_radius_1_d0_l,lon_5014068977961516_lat_5234879677328297_radius_1,0,l
ATM_square_equirectangular_boom/Haveneiland_Oost/lon_5014068977961516_lat_5234879677328297_radius_1_d0_l/20200622TMX7316010203-001754pano_0000_000783_5.01406041254404_52.3487933905.jpg,2020,6,22,Haveneiland_Oost,0,lon_5014068977961516_lat_5234879677328297_radius_1_d0_l,lon_5014068977961516_lat_5234879677328297_radius_1,0,l
ATM_square_equirectangular_boom/Haveneiland_Oost/lon_5014068977961516_lat_5234879677328297_radius_1_d0_l/20210915TMX7316010203-002311pano_0004_001842_5.01407259935945_52.348794132076.jpg,2021,9,15,Haveneiland_Oost,0,lon_5014068977961516_lat_5234879677328297_radius_1_d0_l,lon_5014068977961516_lat_5234879677328297_radius_1,0,l
ATM_square_equirectangular_boom/Haveneiland_Oost/lon_5014068977961516_lat_5234879677328297_radius_1_d0_r/20190603TMX7316010203-001210pano_0000_000492_5.01407392198106_52.3488027972729.jpg,2019,6,3,Haveneiland_Oost,0,lon_5014068977961516_lat_5234879677328297_radius_1_d0_r,lon_5014068977961516_lat_5234879677328297_radius_1,0,r
ATM_square_equirectangular_boom/Haveneiland_Oost/lon_5014068977961516_lat_5234879677328297_radius_1_d0_r/20200622TMX7316010203-001754pano_0000_000783_5.01406041254404_52.3487933905.jpg,2020,6,22,Haveneiland_Oost,0,lon_5014068977961516_lat_5234879677328297_radius_1_d0_r,lon_5014068977961516_lat_5234879677328297_radius_1,0,r
ATM_square_equirectangular_boom/Haveneiland_Oost/lon_5014068977961516_lat_5234879677328297_radius_1_d0_r/20210915TMX7316010203-002311pano_0004_001842_5.01407259935945_52.348794132076.jpg,2021,9,15,Haveneiland_Oost,0,lon_5014068977961516_lat_5234879677328297_radius_1_d0_r,lon_5014068977961516_lat_5234879677328297_radius_1,0,r
ATM_square_equirectangular_boom/Noordoostkwadrant_Indische_buurt/lon_494508170055181_lat_5236535584387764_radius_1_d0_f/20180523TMX7316010203-000747pano_0000_000314_4.94508146015535_52.3653563473674.jpg,2018,5,23,Noordoostkwadrant_Indische_buurt,0,lon_494508170055181_lat_5236535584387764_radius_1_d0_f,lon_494508170055181_lat_5236535584387764_radius_1,0,f
ATM_square_equirectangular_boom/Noordoostkwadrant_Indische_buurt/lon_494508170055181_lat_5236535584387764_radius_1_d0_f/20181211TMX7316010203-001008pano_0012_000156_4.94509014380295_52.3653567329144.jpg,2018,12,11,Noordoostkwadrant_Indische_buurt,0,lon_494508170055181_lat_5236535584387764_radius_1_d0_f,lon_494508170055181_lat_5236535584387764_radius_1,0,f
ATM_square_equirectangular_boom/Noordoostkwadrant_Indische_buurt/lon_494508170055181_lat_5236535584387764_radius_1_d0_f/20190523TMX7316010203-001207pano_0000_001990_4.94507349769713_52.3653544513511.jpg,2019,5,23,Noordoostkwadrant_Indische_buurt,0,lon_494508170055181_lat_5236535584387764_radius_1_d0_f,lon_494508170055181_lat_5236535584387764_radius_1,0,f
ATM_square_equirectangular_boom/Noordoostkwadrant_Indische_buurt/lon_494508170055181_lat_5236535584387764_radius_1_d0_f/20220831TMX7316010203-002778pano_0002_000024_4.94509031108048_52.3653543512319.jpg,2022,8,31,Noordoostkwadrant_Indische_buurt,0,lon_494508170055181_lat_5236535584387764_radius_1_d0_f,lon_494508170055181_lat_5236535584387764_radius_1,0,f
ATM_square_equirectangular_boom/Noordoostkwadrant_Indische_buurt/lon_494508170055181_lat_5236535584387764_radius_1_d0_r/20180523TMX7316010203-000747pano_0000_000314_4.94508146015535_52.3653563473674.jpg,2018,5,23,Noordoostkwadrant_Indische_buurt,0,lon_494508170055181_lat_5236535584387764_radius_1_d0_r,lon_494508170055181_lat_5236535584387764_radius_1,0,r
ATM_square_equirectangular_boom/Noordoostkwadrant_Indische_buurt/lon_494508170055181_lat_5236535584387764_radius_1_d0_r/20181211TMX7316010203-001008pano_0012_000156_4.94509014380295_52.3653567329144.jpg,2018,12,11,Noordoostkwadrant_Indische_buurt,0,lon_494508170055181_lat_5236535584387764_radius_1_d0_r,lon_494508170055181_lat_5236535584387764_radius_1,0,r
ATM_square_equirectangular_boom/Noordoostkwadrant_Indische_buurt/lon_494508170055181_lat_5236535584387764_radius_1_d0_r/20190523TMX7316010203-001207pano_0000_001990_4.94507349769713_52.3653544513511.jpg,2019,5,23,Noordoostkwadrant_Indische_buurt,0,lon_494508170055181_lat_5236535584387764_radius_1_d0_r,lon_494508170055181_lat_5236535584387764_radius_1,0,r
ATM_square_equirectangular_boom/Noordoostkwadrant_Indische_buurt/lon_494508170055181_lat_5236535584387764_radius_1_d0_r/20220831TMX7316010203-002778pano_0002_000024_4.94509031108048_52.3653543512319.jpg,2022,8,31,Noordoostkwadrant_Indische_buurt,0,lon_494508170055181_lat_5236535584387764_radius_1_d0_r,lon_494508170055181_lat_5236535584387764_radius_1,0,r
ATM_square_equirectangular_boom/Noordoostkwadrant_Indische_buurt/lon_494604953976168_lat_52364912683097174_radius_1_d0_r/20170404TMX7316010203-000243pano_0001_000420_4.94604157536411_52.3649109121936.jpg,2017,4,4,Noordoostkwadrant_Indische_buurt,0,lon_494604953976168_lat_52364912683097174_radius_1_d0_r,lon_494604953976168_lat_52364912683097174_radius_1,0,r
ATM_square_equirectangular_boom/Noordoostkwadrant_Indische_buurt/lon_494604953976168_lat_52364912683097174_radius_1_d0_r/20190523TMX7316010203-001207pano_0000_002011_4.9460578827457_52.3649115487415.jpg,2019,5,23,Noordoostkwadrant_Indische_buurt,0,lon_494604953976168_lat_52364912683097174_radius_1_d0_r,lon_494604953976168_lat_52364912683097174_radius_1,0,r
ATM_square_equirectangular_boom/Noordoostkwadrant_Indische_buurt/lon_494604953976168_lat_52364912683097174_radius_1_d0_r/20210528TMX7316010203-002140pano_0001_001546_4.94604916117523_52.3649155883564.jpg,2021,5,28,Noordoostkwadrant_Indische_buurt,1,lon_494604953976168_lat_52364912683097174_radius_1_d0_r,lon_494604953976168_lat_52364912683097174_radius_1,0,r
ATM_square_equirectangular_boom/Noordoostkwadrant_Indische_buurt/lon_494604953976168_lat_52364912683097174_radius_1_d0_r/20220831TMX7316010203-002778pano_0002_000065_4.94605127849325_52.3649119602211.jpg,2022,8,31,Noordoostkwadrant_Indische_buurt,0,lon_494604953976168_lat_52364912683097174_radius_1_d0_r,lon_494604953976168_lat_52364912683097174_radius_1,0,r
ATM_square_equirectangular_boom/Van_der_Pekbuurt/lon_4907280453470347_lat_523872110013156_radius_1_d0_l/20180730TMX7316010203-000886pano_0001_000967_4.90728016669875_52.3872154764032.jpg,2018,7,30,Van_der_Pekbuurt,0,lon_4907280453470347_lat_523872110013156_radius_1_d0_l,lon_4907280453470347_lat_523872110013156_radius_1,0,l
ATM_square_equirectangular_boom/Van_der_Pekbuurt/lon_4907280453470347_lat_523872110013156_radius_1_d0_l/20190709TMX7316010203-001299pano_0000_000392_4.90728189847712_52.3872037461699.jpg,2019,7,9,Van_der_Pekbuurt,0,lon_4907280453470347_lat_523872110013156_radius_1_d0_l,lon_4907280453470347_lat_523872110013156_radius_1,0,l
ATM_square_equirectangular_boom/Van_der_Pekbuurt/lon_4907280453470347_lat_523872110013156_radius_1_d0_l/20191212TMX7316010203-001513pano_0002_000721_4.90727460096026_52.3872146649871.jpg,2019,12,12,Van_der_Pekbuurt,0,lon_4907280453470347_lat_523872110013156_radius_1_d0_l,lon_4907280453470347_lat_523872110013156_radius_1,0,l
ATM_square_equirectangular_boom/Van_der_Pekbuurt/lon_4907280453470347_lat_523872110013156_radius_1_d0_l/20200602TMX7316010203-001734pano_0000_001396_4.90728266958547_52.387211900539.jpg,2020,6,2,Van_der_Pekbuurt,0,lon_4907280453470347_lat_523872110013156_radius_1_d0_l,lon_4907280453470347_lat_523872110013156_radius_1,0,l
ATM_square_equirectangular_boom/Van_der_Pekbuurt/lon_4907280453470347_lat_523872110013156_radius_1_d0_l/20210616TMX7316010203-002181pano_0000_000436_4.90728293163013_52.3872092184788.jpg,2021,6,16,Van_der_Pekbuurt,0,lon_4907280453470347_lat_523872110013156_radius_1_d0_l,lon_4907280453470347_lat_523872110013156_radius_1,0,l
ATM_square_equirectangular_boom/Van_der_Pekbuurt/lon_4907280453470347_lat_523872110013156_radius_1_d0_l/20220512TMX7316010203-002577pano_0006_006148_4.90728223772704_52.3872067513982.jpg,2022,5,12,Van_der_Pekbuurt,0,lon_4907280453470347_lat_523872110013156_radius_1_d0_l,lon_4907280453470347_lat_523872110013156_radius_1,0,l
ATM_square_equirectangular_boom/Buurt_4_Oost/lon_4818739383499022_lat_5238116304229477_radius_1_d0_r/20160824TMX7316010203-000083pano_0000_000236_4.81874401256512_52.3811615004437.jpg,2016,8,24,Buurt_4_Oost,0,lon_4818739383499022_lat_5238116304229477_radius_1_d0_r,lon_4818739383499022_lat_5238116304229477_radius_1,0,r
ATM_square_equirectangular_boom/Buurt_4_Oost/lon_4818739383499022_lat_5238116304229477_radius_1_d0_r/20170522TMX7316010203-000305pano_0000_000202_4.81874345231973_52.3811690754984.jpg,2017,5,22,Buurt_4_Oost,0,lon_4818739383499022_lat_5238116304229477_radius_1_d0_r,lon_4818739383499022_lat_5238116304229477_radius_1,0,r
ATM_square_equirectangular_boom/Buurt_4_Oost/lon_4818739383499022_lat_5238116304229477_radius_1_d0_r/20191112TMX7316060226-000483pano_0000_000285_4.81873862077475_52.3811634849303.jpg,2019,11,12,Buurt_4_Oost,0,lon_4818739383499022_lat_5238116304229477_radius_1_d0_r,lon_4818739383499022_lat_5238116304229477_radius_1,0,r
ATM_square_equirectangular_boom/Buurt_4_Oost/lon_4818739383499022_lat_5238116304229477_radius_1_d0_r/20210329TMX7316010203-002069pano_0000_002353_4.81873144833649_52.3811581083067.jpg,2021,3,29,Buurt_4_Oost,1,lon_4818739383499022_lat_5238116304229477_radius_1_d0_r,lon_4818739383499022_lat_5238116304229477_radius_1,0,r
ATM_square_equirectangular_boom/Oostenburg/lon_4924996706211377_lat_5236787644189143_radius_1_d0_l/20190521TMX7316010203-001195pano_0001_000103_4.92499206568517_52.3678749459397.jpg,2019,5,21,Oostenburg,0,lon_4924996706211377_lat_5236787644189143_radius_1_d0_l,lon_4924996706211377_lat_5236787644189143_radius_1,0,l
ATM_square_equirectangular_boom/Oostenburg/lon_4924996706211377_lat_5236787644189143_radius_1_d0_l/20211231TMX7316010203-002372pano_0001_000100_4.92500064439033_52.3678768479798.jpg,2021,12,31,Oostenburg,0,lon_4924996706211377_lat_5236787644189143_radius_1_d0_l,lon_4924996706211377_lat_5236787644189143_radius_1,0,l
ATM_square_equirectangular_boom/Oostenburg/lon_4924996706211377_lat_5236787644189143_radius_1_d0_l/20211231TMX7316010203-002372pano_0001_000104_4.92499740855863_52.3678775317548.jpg,2021,12,31,Oostenburg,0,lon_4924996706211377_lat_5236787644189143_radius_1_d0_l,lon_4924996706211377_lat_5236787644189143_radius_1,0,l
ATM_square_equirectangular_boom/Oostenburg/lon_4924996706211377_lat_5236787644189143_radius_1_d0_l/20220426TMX7316010203-002546pano_0002_003876_4.92500219286383_52.3678763971319.jpg,2022,4,26,Oostenburg,0,lon_4924996706211377_lat_5236787644189143_radius_1_d0_l,lon_4924996706211377_lat_5236787644189143_radius_1,0,l
ATM_square_equirectangular_boom/Emanuel_van_Meterenbuurt/lon_48254081008989_lat_52359802598977005_radius_1_d0_f/20160810TMX7316010203-000055pano_0005_000403_4.82540917489831_52.3597952189372.jpg,2016,8,10,Emanuel_van_Meterenbuurt,0,lon_48254081008989_lat_52359802598977005_radius_1_d0_f,lon_48254081008989_lat_52359802598977005_radius_1,0,f
ATM_square_equirectangular_boom/Emanuel_van_Meterenbuurt/lon_48254081008989_lat_52359802598977005_radius_1_d0_f/20170508TMX7316010203-000288pano_0003_000468_4.82540766436073_52.3598087670459.jpg,2017,5,8,Emanuel_van_Meterenbuurt,0,lon_48254081008989_lat_52359802598977005_radius_1_d0_f,lon_48254081008989_lat_52359802598977005_radius_1,0,f
ATM_square_equirectangular_boom/Emanuel_van_Meterenbuurt/lon_48254081008989_lat_52359802598977005_radius_1_d0_f/20180703TMX7316010203-000822pano_0000_004089_4.82540746343766_52.3598038109479.jpg,2018,7,3,Emanuel_van_Meterenbuurt,0,lon_48254081008989_lat_52359802598977005_radius_1_d0_f,lon_48254081008989_lat_52359802598977005_radius_1,0,f
ATM_square_equirectangular_boom/Noordwestkwadrant_Indische_buurt_Noord/lon_493519031278716_lat_5236466975450087_radius_1_d0_f/20170404TMX7316010203-000242pano_0000_005762_4.93519327869613_52.3646763232879.jpg,2017,4,4,Noordwestkwadrant_Indische_buurt_Noord,0,lon_493519031278716_lat_5236466975450087_radius_1_d0_f,lon_493519031278716_lat_5236466975450087_radius_1,0,f
ATM_square_equirectangular_boom/Noordwestkwadrant_Indische_buurt_Noord/lon_493519031278716_lat_5236466975450087_radius_1_d0_f/20200430TMX7316010203-001683pano_0000_002537_4.93518972850025_52.3646645643297.jpg,2020,4,30,Noordwestkwadrant_Indische_buurt_Noord,0,lon_493519031278716_lat_5236466975450087_radius_1_d0_f,lon_493519031278716_lat_5236466975450087_radius_1,0,f
ATM_square_equirectangular_boom/Noordwestkwadrant_Indische_buurt_Noord/lon_493519031278716_lat_5236466975450087_radius_1_d0_f/20210512TMX7316010203-002139pano_0000_001061_4.9351879311651_52.364668375885.jpg,2021,5,12,Noordwestkwadrant_Indische_buurt_Noord,0,lon_493519031278716_lat_5236466975450087_radius_1_d0_f,lon_493519031278716_lat_5236466975450087_radius_1,0,f
ATM_square_equirectangular_boom/Durgerdam/lon_4987653420095319_lat_52376878516015296_radius_1_d0_l/20180802TMX7316010203-000899pano_0000_001284_4.98764328846841_52.3768727337301.jpg,2018,8,2,Durgerdam,0,lon_4987653420095319_lat_52376878516015296_radius_1_d0_l,lon_4987653420095319_lat_52376878516015296_radius_1,0,l
ATM_square_equirectangular_boom/Durgerdam/lon_4987653420095319_lat_52376878516015296_radius_1_d0_l/20200622TMX7316010203-001753pano_0000_011307_4.98765577571569_52.3768764719209.jpg,2020,6,22,Durgerdam,0,lon_4987653420095319_lat_52376878516015296_radius_1_d0_l,lon_4987653420095319_lat_52376878516015296_radius_1,0,l
ATM_square_equirectangular_boom/Durgerdam/lon_4987653420095319_lat_52376878516015296_radius_1_d0_l/20210225TMX7316010203-002028pano_0000_000011_4.98765024197426_52.376883900281.jpg,2021,2,25,Durgerdam,0,lon_4987653420095319_lat_52376878516015296_radius_1_d0_l,lon_4987653420095319_lat_52376878516015296_radius_1,0,l
ATM_square_equirectangular_boom/Durgerdam/lon_4987653420095319_lat_52376878516015296_radius_1_d0_l/20210628TMX7316010203-002197pano_0000_002414_4.98765424259601_52.376875175844.jpg,2021,6,28,Durgerdam,0,lon_4987653420095319_lat_52376878516015296_radius_1_d0_l,lon_4987653420095319_lat_52376878516015296_radius_1,0,l
ATM_square_equirectangular_boom/Zuidwestkwadrant_Osdorp_Zuid/lon_4793340212153217_lat_52350380276275104_radius_1_d0_r/20180626TMX7316010203-000809pano_0002_001559_4.79334338553916_52.3503876901009.jpg,2018,6,26,Zuidwestkwadrant_Osdorp_Zuid,0,lon_4793340212153217_lat_52350380276275104_radius_1_d0_r,lon_4793340212153217_lat_52350380276275104_radius_1,0,r
ATM_square_equirectangular_boom/Zuidwestkwadrant_Osdorp_Zuid/lon_4793340212153217_lat_52350380276275104_radius_1_d0_r/20200708TMX7316010203-001798pano_0001_000378_4.79334031237988_52.3503758374969.jpg,2020,7,8,Zuidwestkwadrant_Osdorp_Zuid,1,lon_4793340212153217_lat_52350380276275104_radius_1_d0_r,lon_4793340212153217_lat_52350380276275104_radius_1,0,r
ATM_square_equirectangular_boom/Zuidwestkwadrant_Osdorp_Zuid/lon_4793340212153217_lat_52350380276275104_radius_1_d0_r/20210222TMX7316010203-002023pano_0000_001506_4.7933343562524_52.3503746460607.jpg,2021,2,22,Zuidwestkwadrant_Osdorp_Zuid,0,lon_4793340212153217_lat_52350380276275104_radius_1_d0_r,lon_4793340212153217_lat_52350380276275104_radius_1,0,r
ATM_square_equirectangular_boom/Zuidwestkwadrant_Osdorp_Zuid/lon_4793340212153217_lat_52350380276275104_radius_1_d0_r/20210419TMX7316010203-002103pano_0000_001730_4.7933367235063_52.3503840646605.jpg,2021,4,19,Zuidwestkwadrant_Osdorp_Zuid,0,lon_4793340212153217_lat_52350380276275104_radius_1_d0_r,lon_4793340212153217_lat_52350380276275104_radius_1,0,r
ATM_square_equirectangular_boom/Zuidwestkwadrant_Osdorp_Zuid/lon_4793340212153217_lat_52350380276275104_radius_1_d0_l/20180626TMX7316010203-000809pano_0002_001559_4.79334338553916_52.3503876901009.jpg,2018,6,26,Zuidwestkwadrant_Osdorp_Zuid,0,lon_4793340212153217_lat_52350380276275104_radius_1_d0_l,lon_4793340212153217_lat_52350380276275104_radius_1,0,l
ATM_square_equirectangular_boom/Zuidwestkwadrant_Osdorp_Zuid/lon_4793340212153217_lat_52350380276275104_radius_1_d0_l/20200708TMX7316010203-001798pano_0001_000378_4.79334031237988_52.3503758374969.jpg,2020,7,8,Zuidwestkwadrant_Osdorp_Zuid,1,lon_4793340212153217_lat_52350380276275104_radius_1_d0_l,lon_4793340212153217_lat_52350380276275104_radius_1,0,l
ATM_square_equirectangular_boom/Zuidwestkwadrant_Osdorp_Zuid/lon_4793340212153217_lat_52350380276275104_radius_1_d0_l/20210222TMX7316010203-002023pano_0000_001506_4.7933343562524_52.3503746460607.jpg,2021,2,22,Zuidwestkwadrant_Osdorp_Zuid,1,lon_4793340212153217_lat_52350380276275104_radius_1_d0_l,lon_4793340212153217_lat_52350380276275104_radius_1,0,l
ATM_square_equirectangular_boom/Zuidwestkwadrant_Osdorp_Zuid/lon_4793340212153217_lat_52350380276275104_radius_1_d0_l/20210419TMX7316010203-002103pano_0000_001730_4.7933367235063_52.3503840646605.jpg,2021,4,19,Zuidwestkwadrant_Osdorp_Zuid,0,lon_4793340212153217_lat_52350380276275104_radius_1_d0_l,lon_4793340212153217_lat_52350380276275104_radius_1,0,l
ATM_square_equirectangular_boom/Jeugdland/lon_493128880168945_lat_52405061318357035_radius_1_d0_b/20180802TMX7316010203-000895pano_0000_000698_4.93128712934054_52.4050638806529.jpg,2018,8,2,Jeugdland,0,lon_493128880168945_lat_52405061318357035_radius_1_d0_b,lon_493128880168945_lat_52405061318357035_radius_1,0,b
ATM_square_equirectangular_boom/Jeugdland/lon_493128880168945_lat_52405061318357035_radius_1_d0_b/20191211TMX7316010203-001508pano_0000_000745_4.93129589067771_52.4050591111346.jpg,2019,12,11,Jeugdland,0,lon_493128880168945_lat_52405061318357035_radius_1_d0_b,lon_493128880168945_lat_52405061318357035_radius_1,0,b
ATM_square_equirectangular_boom/Jeugdland/lon_493128880168945_lat_52405061318357035_radius_1_d0_b/20200529TMX7316010203-001731pano_0000_001568_4.9312833850501_52.4050609632836.jpg,2020,5,29,Jeugdland,0,lon_493128880168945_lat_52405061318357035_radius_1_d0_b,lon_493128880168945_lat_52405061318357035_radius_1,0,b
ATM_square_equirectangular_boom/Jeugdland/lon_493128880168945_lat_52405061318357035_radius_1_d0_l/20180802TMX7316010203-000895pano_0000_000698_4.93128712934054_52.4050638806529.jpg,2018,8,2,Jeugdland,0,lon_493128880168945_lat_52405061318357035_radius_1_d0_l,lon_493128880168945_lat_52405061318357035_radius_1,0,l
ATM_square_equirectangular_boom/Jeugdland/lon_493128880168945_lat_52405061318357035_radius_1_d0_l/20191211TMX7316010203-001508pano_0000_000745_4.93129589067771_52.4050591111346.jpg,2019,12,11,Jeugdland,0,lon_493128880168945_lat_52405061318357035_radius_1_d0_l,lon_493128880168945_lat_52405061318357035_radius_1,0,l
ATM_square_equirectangular_boom/Jeugdland/lon_493128880168945_lat_52405061318357035_radius_1_d0_l/20200529TMX7316010203-001731pano_0000_001568_4.9312833850501_52.4050609632836.jpg,2020,5,29,Jeugdland,0,lon_493128880168945_lat_52405061318357035_radius_1_d0_l,lon_493128880168945_lat_52405061318357035_radius_1,0,l
ATM_square_equirectangular_boom/Jeugdland/lon_4932529494044894_lat_524058238875337_radius_1_d0_r/20190628TMX7316010203-001260pano_0001_000624_4.93252820772497_52.4058185920379.jpg,2019,6,28,Jeugdland,0,lon_4932529494044894_lat_524058238875337_radius_1_d0_r,lon_4932529494044894_lat_524058238875337_radius_1,0,r
ATM_square_equirectangular_boom/Jeugdland/lon_4932529494044894_lat_524058238875337_radius_1_d0_r/20210217TMX7316010203-002007pano_0000_000829_4.93252897552046_52.4058266578422.jpg,2021,2,17,Jeugdland,0,lon_4932529494044894_lat_524058238875337_radius_1_d0_r,lon_4932529494044894_lat_524058238875337_radius_1,0,r
ATM_square_equirectangular_boom/Jeugdland/lon_4932529494044894_lat_524058238875337_radius_1_d0_r/20211223TMX7316010203-002333pano_0000_000681_4.93253129888925_52.405826412721.jpg,2021,12,23,Jeugdland,0,lon_4932529494044894_lat_524058238875337_radius_1_d0_r,lon_4932529494044894_lat_524058238875337_radius_1,0,r
ATM_square_equirectangular_boom/Kadoelen/lon_4905404683501256_lat_5241849664081676_radius_1_d0_f/20160818TMX7316060226-000031pano_0001_000305_4.90540855984174_52.4184950447003.jpg,2016,8,18,Kadoelen,0,lon_4905404683501256_lat_5241849664081676_radius_1_d0_f,lon_4905404683501256_lat_5241849664081676_radius_1,0,f
ATM_square_equirectangular_boom/Kadoelen/lon_4905404683501256_lat_5241849664081676_radius_1_d0_f/20170530TMX7316010203-000317pano_0000_005555_4.90540823169939_52.4184979693634.jpg,2017,5,30,Kadoelen,0,lon_4905404683501256_lat_5241849664081676_radius_1_d0_f,lon_4905404683501256_lat_5241849664081676_radius_1,0,f
ATM_square_equirectangular_boom/Kadoelen/lon_4905404683501256_lat_5241849664081676_radius_1_d0_f/20210623TMX7316010203-002188pano_0000_000443_4.90539725896264_52.4184969083866.jpg,2021,6,23,Kadoelen,1,lon_4905404683501256_lat_5241849664081676_radius_1_d0_f,lon_4905404683501256_lat_5241849664081676_radius_1,0,f
ATM_square_equirectangular_boom/Kadoelen/lon_4905404683501256_lat_5241849664081676_radius_1_d0_l/20160818TMX7316060226-000031pano_0001_000305_4.90540855984174_52.4184950447003.jpg,2016,8,18,Kadoelen,0,lon_4905404683501256_lat_5241849664081676_radius_1_d0_l,lon_4905404683501256_lat_5241849664081676_radius_1,0,l
ATM_square_equirectangular_boom/Kadoelen/lon_4905404683501256_lat_5241849664081676_radius_1_d0_l/20170530TMX7316010203-000317pano_0000_005555_4.90540823169939_52.4184979693634.jpg,2017,5,30,Kadoelen,0,lon_4905404683501256_lat_5241849664081676_radius_1_d0_l,lon_4905404683501256_lat_5241849664081676_radius_1,0,l
ATM_square_equirectangular_boom/Kadoelen/lon_4905404683501256_lat_5241849664081676_radius_1_d0_l/20210623TMX7316010203-002188pano_0000_000443_4.90539725896264_52.4184969083866.jpg,2021,6,23,Kadoelen,1,lon_4905404683501256_lat_5241849664081676_radius_1_d0_l,lon_4905404683501256_lat_5241849664081676_radius_1,0,l
ATM_square_equirectangular_boom/buurt_5_Zuid/lon_4809545468198545_lat_52375444479145685_radius_1_d0_l/20160818TMX7316010203-000080pano_0000_000146_4.80955161785476_52.3754391045687.jpg,2016,8,18,buurt_5_Zuid,0,lon_4809545468198545_lat_52375444479145685_radius_1_d0_l,lon_4809545468198545_lat_52375444479145685_radius_1,0,l
ATM_square_equirectangular_boom/buurt_5_Zuid/lon_4809545468198545_lat_52375444479145685_radius_1_d0_l/20180706TMX7316010203-000829pano_0000_004458_4.80954776342548_52.3754474307997.jpg,2018,7,6,buurt_5_Zuid,0,lon_4809545468198545_lat_52375444479145685_radius_1_d0_l,lon_4809545468198545_lat_52375444479145685_radius_1,0,l
ATM_square_equirectangular_boom/buurt_5_Zuid/lon_4809545468198545_lat_52375444479145685_radius_1_d0_l/20181214TMX7316010203-001016pano_0002_000038_4.80953898225418_52.3754444823099.jpg,2018,12,14,buurt_5_Zuid,0,lon_4809545468198545_lat_52375444479145685_radius_1_d0_l,lon_4809545468198545_lat_52375444479145685_radius_1,0,l
ATM_square_equirectangular_boom/buurt_5_Zuid/lon_4809545468198545_lat_52375444479145685_radius_1_d0_l/20191112TMX7316060226-000483pano_0001_000207_4.80955265070886_52.3754442306599.jpg,2019,11,12,buurt_5_Zuid,0,lon_4809545468198545_lat_52375444479145685_radius_1_d0_l,lon_4809545468198545_lat_52375444479145685_radius_1,0,l
ATM_square_equirectangular_boom/Minervabuurt_MIdden/lon_4877043666079102_lat_5234772009652657_radius_1_d0_f/20160727TMX7316060226-000006pano_0001_000210_4.87705282617979_52.3477133944755.jpg,2016,7,27,Minervabuurt_MIdden,0,lon_4877043666079102_lat_5234772009652657_radius_1_d0_f,lon_4877043666079102_lat_5234772009652657_radius_1,0,f
ATM_square_equirectangular_boom/Minervabuurt_MIdden/lon_4877043666079102_lat_5234772009652657_radius_1_d0_f/20180606TMX7316010203-000777pano_0000_001896_4.87704000949305_52.3477253250358.jpg,2018,6,6,Minervabuurt_MIdden,0,lon_4877043666079102_lat_5234772009652657_radius_1_d0_f,lon_4877043666079102_lat_5234772009652657_radius_1,0,f
ATM_square_equirectangular_boom/Minervabuurt_MIdden/lon_4877043666079102_lat_5234772009652657_radius_1_d0_f/20190506TMX7316010203-001162pano_0000_001442_4.87703338615004_52.3477178515075.jpg,2019,5,6,Minervabuurt_MIdden,0,lon_4877043666079102_lat_5234772009652657_radius_1_d0_f,lon_4877043666079102_lat_5234772009652657_radius_1,0,f
ATM_square_equirectangular_boom/Minervabuurt_MIdden/lon_4877043666079102_lat_5234772009652657_radius_1_d0_f/20191209TMX7316010203-001499pano_0000_001152_4.8770412299572_52.3477148982944.jpg,2019,12,9,Minervabuurt_MIdden,1,lon_4877043666079102_lat_5234772009652657_radius_1_d0_f,lon_4877043666079102_lat_5234772009652657_radius_1,0,f
ATM_square_equirectangular_boom/Valkenburg/lon_4909707614444948_lat_5236934200688073_radius_1_d-300_l/20170323TMX7316010203-000221pano_0000_000905_4.90970760447132_52.3693446880441.jpg,2017,3,23,Valkenburg,0,lon_4909707614444948_lat_5236934200688073_radius_1_d-300_l,lon_4909707614444948_lat_5236934200688073_radius_1,-300,l
ATM_square_equirectangular_boom/Valkenburg/lon_4909707614444948_lat_5236934200688073_radius_1_d-300_l/20180514TMX7316010203-000719pano_0000_003602_4.90970965148787_52.3693348649619.jpg,2018,5,14,Valkenburg,0,lon_4909707614444948_lat_5236934200688073_radius_1_d-300_l,lon_4909707614444948_lat_5236934200688073_radius_1,-300,l
ATM_square_equirectangular_boom/Valkenburg/lon_4909707614444948_lat_5236934200688073_radius_1_d-300_l/20200422TMX7316010203-001665pano_0000_001766_4.90970591710758_52.3693430136108.jpg,2020,4,22,Valkenburg,0,lon_4909707614444948_lat_5236934200688073_radius_1_d-300_l,lon_4909707614444948_lat_5236934200688073_radius_1,-300,l
ATM_square_equirectangular_boom/Valkenburg/lon_4909707614444948_lat_5236934200688073_radius_1_d-300_l/20211231TMX7316010203-002370pano_0000_000389_4.90970162375242_52.3693361796163.jpg,2021,12,31,Valkenburg,0,lon_4909707614444948_lat_5236934200688073_radius_1_d-300_l,lon_4909707614444948_lat_5236934200688073_radius_1,-300,l
ATM_square_equirectangular_boom/Valkenburg/lon_4909707614444948_lat_5236934200688073_radius_1_d-300_f/20170323TMX7316010203-000221pano_0000_000905_4.90970760447132_52.3693446880441.jpg,2017,3,23,Valkenburg,0,lon_4909707614444948_lat_5236934200688073_radius_1_d-300_f,lon_4909707614444948_lat_5236934200688073_radius_1,-300,f
ATM_square_equirectangular_boom/Valkenburg/lon_4909707614444948_lat_5236934200688073_radius_1_d-300_f/20180514TMX7316010203-000719pano_0000_003602_4.90970965148787_52.3693348649619.jpg,2018,5,14,Valkenburg,0,lon_4909707614444948_lat_5236934200688073_radius_1_d-300_f,lon_4909707614444948_lat_5236934200688073_radius_1,-300,f
ATM_square_equirectangular_boom/Valkenburg/lon_4909707614444948_lat_5236934200688073_radius_1_d-300_f/20200422TMX7316010203-001665pano_0000_001766_4.90970591710758_52.3693430136108.jpg,2020,4,22,Valkenburg,0,lon_4909707614444948_lat_5236934200688073_radius_1_d-300_f,lon_4909707614444948_lat_5236934200688073_radius_1,-300,f
ATM_square_equirectangular_boom/Valkenburg/lon_4909707614444948_lat_5236934200688073_radius_1_d-300_f/20211231TMX7316010203-002370pano_0000_000389_4.90970162375242_52.3693361796163.jpg,2021,12,31,Valkenburg,0,lon_4909707614444948_lat_5236934200688073_radius_1_d-300_f,lon_4909707614444948_lat_5236934200688073_radius_1,-300,f
ATM_square_equirectangular_boom/Valkenburg/lon_4909707614444948_lat_5236934200688073_radius_1_d-300_r/20170323TMX7316010203-000221pano_0000_000905_4.90970760447132_52.3693446880441.jpg,2017,3,23,Valkenburg,0,lon_4909707614444948_lat_5236934200688073_radius_1_d-300_r,lon_4909707614444948_lat_5236934200688073_radius_1,-300,r
ATM_square_equirectangular_boom/Valkenburg/lon_4909707614444948_lat_5236934200688073_radius_1_d-300_r/20180514TMX7316010203-000719pano_0000_003602_4.90970965148787_52.3693348649619.jpg,2018,5,14,Valkenburg,0,lon_4909707614444948_lat_5236934200688073_radius_1_d-300_r,lon_4909707614444948_lat_5236934200688073_radius_1,-300,r
ATM_square_equirectangular_boom/Valkenburg/lon_4909707614444948_lat_5236934200688073_radius_1_d-300_r/20200422TMX7316010203-001665pano_0000_001766_4.90970591710758_52.3693430136108.jpg,2020,4,22,Valkenburg,1,lon_4909707614444948_lat_5236934200688073_radius_1_d-300_r,lon_4909707614444948_lat_5236934200688073_radius_1,-300,r
ATM_square_equirectangular_boom/Valkenburg/lon_4909707614444948_lat_5236934200688073_radius_1_d-300_r/20211231TMX7316010203-002370pano_0000_000389_4.90970162375242_52.3693361796163.jpg,2021,12,31,Valkenburg,0,lon_4909707614444948_lat_5236934200688073_radius_1_d-300_r,lon_4909707614444948_lat_5236934200688073_radius_1,-300,r
ATM_square_equirectangular_boom/De_Punt/lon_478636416474173_lat_52355832335581354_radius_1_d0_r/20160801TMX7316010203-000038pano_0000_001953_4.78636300608683_52.3558357371591.jpg,2016,8,1,De_Punt,0,lon_478636416474173_lat_52355832335581354_radius_1_d0_r,lon_478636416474173_lat_52355832335581354_radius_1,0,r
ATM_square_equirectangular_boom/De_Punt/lon_478636416474173_lat_52355832335581354_radius_1_d0_r/20180628TMX7316010203-000813pano_0001_001656_4.78637304677332_52.3558276968344.jpg,2018,6,28,De_Punt,0,lon_478636416474173_lat_52355832335581354_radius_1_d0_r,lon_478636416474173_lat_52355832335581354_radius_1,0,r
ATM_square_equirectangular_boom/De_Punt/lon_478636416474173_lat_52355832335581354_radius_1_d0_r/20190102TMX7316010203-001033pano_0005_000189_4.78635861325521_52.3558323800503.jpg,2019,1,2,De_Punt,0,lon_478636416474173_lat_52355832335581354_radius_1_d0_r,lon_478636416474173_lat_52355832335581354_radius_1,0,r
ATM_square_equirectangular_boom/De_Punt/lon_478636416474173_lat_52355832335581354_radius_1_d0_r/20200821TMX7316010203-001887pano_0000_001182_4.78636199285156_52.3558335282816.jpg,2020,8,21,De_Punt,0,lon_478636416474173_lat_52355832335581354_radius_1_d0_r,lon_478636416474173_lat_52355832335581354_radius_1,0,r
ATM_square_equirectangular_boom/De_Punt/lon_478636416474173_lat_52355832335581354_radius_1_d0_r/20220420TMX7316010203-002527pano_0000_002835_4.78635893744438_52.3558373029881.jpg,2022,4,20,De_Punt,0,lon_478636416474173_lat_52355832335581354_radius_1_d0_r,lon_478636416474173_lat_52355832335581354_radius_1,0,r
ATM_square_equirectangular_boom/Terrasdorp/lon_4899132437129448_lat_5240535719250269_radius_1_d-100_b/20170530TMX7316010203-000317pano_0000_001493_4.89912711933597_52.4053596595531.jpg,2017,5,30,Terrasdorp,0,lon_4899132437129448_lat_5240535719250269_radius_1_d-100_b,lon_4899132437129448_lat_5240535719250269_radius_1,-100,b
ATM_square_equirectangular_boom/Terrasdorp/lon_4899132437129448_lat_5240535719250269_radius_1_d-100_b/20180801TMX7316010203-000894pano_0001_004038_4.89913439379258_52.4053609011316.jpg,2018,8,1,Terrasdorp,0,lon_4899132437129448_lat_5240535719250269_radius_1_d-100_b,lon_4899132437129448_lat_5240535719250269_radius_1,-100,b
ATM_square_equirectangular_boom/Terrasdorp/lon_4899132437129448_lat_5240535719250269_radius_1_d-100_b/20181219TMX7316010203-001026pano_0005_000821_4.89913688377106_52.4053615459542.jpg,2018,12,19,Terrasdorp,0,lon_4899132437129448_lat_5240535719250269_radius_1_d-100_b,lon_4899132437129448_lat_5240535719250269_radius_1,-100,b
ATM_square_equirectangular_boom/Terrasdorp/lon_4899132437129448_lat_5240535719250269_radius_1_d-100_b/20191211TMX7316010203-001510pano_0000_000329_4.89913015376341_52.4053619790303.jpg,2019,12,11,Terrasdorp,0,lon_4899132437129448_lat_5240535719250269_radius_1_d-100_b,lon_4899132437129448_lat_5240535719250269_radius_1,-100,b
ATM_square_equirectangular_boom/Terrasdorp/lon_4899132437129448_lat_5240535719250269_radius_1_d-100_b/20200206TMX7316010203-001624pano_0006_000658_4.89913506032789_52.4053529079852.jpg,2020,2,6,Terrasdorp,0,lon_4899132437129448_lat_5240535719250269_radius_1_d-100_b,lon_4899132437129448_lat_5240535719250269_radius_1,-100,b
ATM_square_equirectangular_boom/Terrasdorp/lon_4899132437129448_lat_5240535719250269_radius_1_d-100_l/20170530TMX7316010203-000317pano_0000_001493_4.89912711933597_52.4053596595531.jpg,2017,5,30,Terrasdorp,0,lon_4899132437129448_lat_5240535719250269_radius_1_d-100_l,lon_4899132437129448_lat_5240535719250269_radius_1,-100,l
ATM_square_equirectangular_boom/Terrasdorp/lon_4899132437129448_lat_5240535719250269_radius_1_d-100_l/20180801TMX7316010203-000894pano_0001_004038_4.89913439379258_52.4053609011316.jpg,2018,8,1,Terrasdorp,0,lon_4899132437129448_lat_5240535719250269_radius_1_d-100_l,lon_4899132437129448_lat_5240535719250269_radius_1,-100,l
ATM_square_equirectangular_boom/Terrasdorp/lon_4899132437129448_lat_5240535719250269_radius_1_d-100_l/20181219TMX7316010203-001026pano_0005_000821_4.89913688377106_52.4053615459542.jpg,2018,12,19,Terrasdorp,0,lon_4899132437129448_lat_5240535719250269_radius_1_d-100_l,lon_4899132437129448_lat_5240535719250269_radius_1,-100,l
ATM_square_equirectangular_boom/Terrasdorp/lon_4899132437129448_lat_5240535719250269_radius_1_d-100_l/20191211TMX7316010203-001510pano_0000_000329_4.89913015376341_52.4053619790303.jpg,2019,12,11,Terrasdorp,0,lon_4899132437129448_lat_5240535719250269_radius_1_d-100_l,lon_4899132437129448_lat_5240535719250269_radius_1,-100,l
ATM_square_equirectangular_boom/Terrasdorp/lon_4899132437129448_lat_5240535719250269_radius_1_d-100_l/20200206TMX7316010203-001624pano_0006_000658_4.89913506032789_52.4053529079852.jpg,2020,2,6,Terrasdorp,0,lon_4899132437129448_lat_5240535719250269_radius_1_d-100_l,lon_4899132437129448_lat_5240535719250269_radius_1,-100,l
ATM_square_equirectangular_boom/De_Bongerd/lon_48996603243022765_lat_5240655980416169_radius_1_d0_b/20170530TMX7316010203-000317pano_0000_001521_4.89965596392338_52.4065643204192.jpg,2017,5,30,De_Bongerd,0,lon_48996603243022765_lat_5240655980416169_radius_1_d0_b,lon_48996603243022765_lat_5240655980416169_radius_1,0,b
ATM_square_equirectangular_boom/De_Bongerd/lon_48996603243022765_lat_5240655980416169_radius_1_d0_b/20181219TMX7316010203-001026pano_0005_000849_4.89966086489924_52.4065566122603.jpg,2018,12,19,De_Bongerd,0,lon_48996603243022765_lat_5240655980416169_radius_1_d0_b,lon_48996603243022765_lat_5240655980416169_radius_1,0,b
ATM_square_equirectangular_boom/De_Bongerd/lon_48996603243022765_lat_5240655980416169_radius_1_d0_b/20190705TMX7316010203-001292pano_0000_007357_4.89966687782999_52.4065628086654.jpg,2019,7,5,De_Bongerd,1,lon_48996603243022765_lat_5240655980416169_radius_1_d0_b,lon_48996603243022765_lat_5240655980416169_radius_1,0,b
ATM_square_equirectangular_boom/De_Bongerd/lon_48996603243022765_lat_5240655980416169_radius_1_d0_b/20191211TMX7316010203-001510pano_0000_000356_4.89965864910967_52.406559196656.jpg,2019,12,11,De_Bongerd,0,lon_48996603243022765_lat_5240655980416169_radius_1_d0_b,lon_48996603243022765_lat_5240655980416169_radius_1,0,b
ATM_square_equirectangular_boom/De_Bongerd/lon_48996603243022765_lat_5240655980416169_radius_1_d0_b/20200206TMX7316010203-001624pano_0006_000686_4.89965826972073_52.4065605015953.jpg,2020,2,6,De_Bongerd,0,lon_48996603243022765_lat_5240655980416169_radius_1_d0_b,lon_48996603243022765_lat_5240655980416169_radius_1,0,b
ATM_square_equirectangular_boom/De_Bongerd/lon_48996603243022765_lat_5240655980416169_radius_1_d0_b/20200916TMX7316060226-000502pano_0000_000470_4.89966185183861_52.4065550918108.jpg,2020,9,16,De_Bongerd,0,lon_48996603243022765_lat_5240655980416169_radius_1_d0_b,lon_48996603243022765_lat_5240655980416169_radius_1,0,b
ATM_square_equirectangular_boom/De_Bongerd/lon_48996603243022765_lat_5240655980416169_radius_1_d0_b/20210625TMX7316010203-002193pano_0000_000088_4.89965979279432_52.4065600977248.jpg,2021,6,25,De_Bongerd,0,lon_48996603243022765_lat_5240655980416169_radius_1_d0_b,lon_48996603243022765_lat_5240655980416169_radius_1,0,b
ATM_square_equirectangular_boom/De_Bongerd/lon_48996603243022765_lat_5240655980416169_radius_1_d0_l/20170530TMX7316010203-000317pano_0000_001521_4.89965596392338_52.4065643204192.jpg,2017,5,30,De_Bongerd,0,lon_48996603243022765_lat_5240655980416169_radius_1_d0_l,lon_48996603243022765_lat_5240655980416169_radius_1,0,l
ATM_square_equirectangular_boom/De_Bongerd/lon_48996603243022765_lat_5240655980416169_radius_1_d0_l/20181219TMX7316010203-001026pano_0005_000849_4.89966086489924_52.4065566122603.jpg,2018,12,19,De_Bongerd,0,lon_48996603243022765_lat_5240655980416169_radius_1_d0_l,lon_48996603243022765_lat_5240655980416169_radius_1,0,l
ATM_square_equirectangular_boom/De_Bongerd/lon_48996603243022765_lat_5240655980416169_radius_1_d0_l/20190705TMX7316010203-001292pano_0000_007357_4.89966687782999_52.4065628086654.jpg,2019,7,5,De_Bongerd,1,lon_48996603243022765_lat_5240655980416169_radius_1_d0_l,lon_48996603243022765_lat_5240655980416169_radius_1,0,l
ATM_square_equirectangular_boom/De_Bongerd/lon_48996603243022765_lat_5240655980416169_radius_1_d0_l/20191211TMX7316010203-001510pano_0000_000356_4.89965864910967_52.406559196656.jpg,2019,12,11,De_Bongerd,0,lon_48996603243022765_lat_5240655980416169_radius_1_d0_l,lon_48996603243022765_lat_5240655980416169_radius_1,0,l
ATM_square_equirectangular_boom/De_Bongerd/lon_48996603243022765_lat_5240655980416169_radius_1_d0_l/20200206TMX7316010203-001624pano_0006_000686_4.89965826972073_52.4065605015953.jpg,2020,2,6,De_Bongerd,0,lon_48996603243022765_lat_5240655980416169_radius_1_d0_l,lon_48996603243022765_lat_5240655980416169_radius_1,0,l
ATM_square_equirectangular_boom/De_Bongerd/lon_48996603243022765_lat_5240655980416169_radius_1_d0_l/20200916TMX7316060226-000502pano_0000_000470_4.89966185183861_52.4065550918108.jpg,2020,9,16,De_Bongerd,0,lon_48996603243022765_lat_5240655980416169_radius_1_d0_l,lon_48996603243022765_lat_5240655980416169_radius_1,0,l
ATM_square_equirectangular_boom/De_Bongerd/lon_48996603243022765_lat_5240655980416169_radius_1_d0_l/20210625TMX7316010203-002193pano_0000_000088_4.89965979279432_52.4065600977248.jpg,2021,6,25,De_Bongerd,0,lon_48996603243022765_lat_5240655980416169_radius_1_d0_l,lon_48996603243022765_lat_5240655980416169_radius_1,0,l
ATM_square_equirectangular_boom/De_Bongerd/lon_48996603243022765_lat_5240655980416169_radius_1_d0_f/20170530TMX7316010203-000317pano_0000_001521_4.89965596392338_52.4065643204192.jpg,2017,5,30,De_Bongerd,0,lon_48996603243022765_lat_5240655980416169_radius_1_d0_f,lon_48996603243022765_lat_5240655980416169_radius_1,0,f
ATM_square_equirectangular_boom/De_Bongerd/lon_48996603243022765_lat_5240655980416169_radius_1_d0_f/20181219TMX7316010203-001026pano_0005_000849_4.89966086489924_52.4065566122603.jpg,2018,12,19,De_Bongerd,0,lon_48996603243022765_lat_5240655980416169_radius_1_d0_f,lon_48996603243022765_lat_5240655980416169_radius_1,0,f
ATM_square_equirectangular_boom/De_Bongerd/lon_48996603243022765_lat_5240655980416169_radius_1_d0_f/20190705TMX7316010203-001292pano_0000_007357_4.89966687782999_52.4065628086654.jpg,2019,7,5,De_Bongerd,1,lon_48996603243022765_lat_5240655980416169_radius_1_d0_f,lon_48996603243022765_lat_5240655980416169_radius_1,0,f
ATM_square_equirectangular_boom/De_Bongerd/lon_48996603243022765_lat_5240655980416169_radius_1_d0_f/20191211TMX7316010203-001510pano_0000_000356_4.89965864910967_52.406559196656.jpg,2019,12,11,De_Bongerd,0,lon_48996603243022765_lat_5240655980416169_radius_1_d0_f,lon_48996603243022765_lat_5240655980416169_radius_1,0,f
ATM_square_equirectangular_boom/De_Bongerd/lon_48996603243022765_lat_5240655980416169_radius_1_d0_f/20200206TMX7316010203-001624pano_0006_000686_4.89965826972073_52.4065605015953.jpg,2020,2,6,De_Bongerd,0,lon_48996603243022765_lat_5240655980416169_radius_1_d0_f,lon_48996603243022765_lat_5240655980416169_radius_1,0,f
ATM_square_equirectangular_boom/De_Bongerd/lon_48996603243022765_lat_5240655980416169_radius_1_d0_f/20200916TMX7316060226-000502pano_0000_000470_4.89966185183861_52.4065550918108.jpg,2020,9,16,De_Bongerd,0,lon_48996603243022765_lat_5240655980416169_radius_1_d0_f,lon_48996603243022765_lat_5240655980416169_radius_1,0,f
ATM_square_equirectangular_boom/De_Bongerd/lon_48996603243022765_lat_5240655980416169_radius_1_d0_f/20210625TMX7316010203-002193pano_0000_000088_4.89965979279432_52.4065600977248.jpg,2021,6,25,De_Bongerd,0,lon_48996603243022765_lat_5240655980416169_radius_1_d0_f,lon_48996603243022765_lat_5240655980416169_radius_1,0,f
ATM_square_equirectangular_boom/De_Bongerd/lon_4899800040663027_lat_5240689343488194_radius_1_d0_l/20181219TMX7316010203-001026pano_0005_000857_4.899806525111_52.4068956015824.jpg,2018,12,19,De_Bongerd,0,lon_4899800040663027_lat_5240689343488194_radius_1_d0_l,lon_4899800040663027_lat_5240689343488194_radius_1,0,l
ATM_square_equirectangular_boom/De_Bongerd/lon_4899800040663027_lat_5240689343488194_radius_1_d0_l/20200206TMX7316010203-001624pano_0006_000694_4.89980104191639_52.4068922614665.jpg,2020,2,6,De_Bongerd,1,lon_4899800040663027_lat_5240689343488194_radius_1_d0_l,lon_4899800040663027_lat_5240689343488194_radius_1,0,l
ATM_square_equirectangular_boom/De_Bongerd/lon_4899800040663027_lat_5240689343488194_radius_1_d0_l/20210211TMX7316010203-001998pano_0001_000287_4.89979255496169_52.4068924415969.jpg,2021,2,11,De_Bongerd,0,lon_4899800040663027_lat_5240689343488194_radius_1_d0_l,lon_4899800040663027_lat_5240689343488194_radius_1,0,l
ATM_square_equirectangular_boom/De_Bongerd/lon_48999103700547435_lat_5240713078628547_radius_1_d0_l/20170530TMX7316010203-000317pano_0000_001534_4.89990749426981_52.4071281803031.jpg,2017,5,30,De_Bongerd,0,lon_48999103700547435_lat_5240713078628547_radius_1_d0_l,lon_48999103700547435_lat_5240713078628547_radius_1,0,l
ATM_square_equirectangular_boom/De_Bongerd/lon_48999103700547435_lat_5240713078628547_radius_1_d0_l/20190705TMX7316010203-001292pano_0000_007370_4.89991578393819_52.4071334619335.jpg,2019,7,5,De_Bongerd,1,lon_48999103700547435_lat_5240713078628547_radius_1_d0_l,lon_48999103700547435_lat_5240713078628547_radius_1,0,l
ATM_square_equirectangular_boom/De_Bongerd/lon_48999103700547435_lat_5240713078628547_radius_1_d0_l/20191211TMX7316010203-001510pano_0000_000369_4.89990665981801_52.4071278214566.jpg,2019,12,11,De_Bongerd,0,lon_48999103700547435_lat_5240713078628547_radius_1_d0_l,lon_48999103700547435_lat_5240713078628547_radius_1,0,l
ATM_square_equirectangular_boom/De_Bongerd/lon_48999103700547435_lat_5240713078628547_radius_1_d0_l/20200206TMX7316010203-001624pano_0006_000700_4.89990623868988_52.4071356377922.jpg,2020,2,6,De_Bongerd,0,lon_48999103700547435_lat_5240713078628547_radius_1_d0_l,lon_48999103700547435_lat_5240713078628547_radius_1,0,l
ATM_square_equirectangular_boom/De_Bongerd/lon_48999103700547435_lat_5240713078628547_radius_1_d0_l/20200916TMX7316060226-000502pano_0000_000483_4.8999085487404_52.4071258084605.jpg,2020,9,16,De_Bongerd,0,lon_48999103700547435_lat_5240713078628547_radius_1_d0_l,lon_48999103700547435_lat_5240713078628547_radius_1,0,l
ATM_square_equirectangular_boom/De_Bongerd/lon_48999103700547435_lat_5240713078628547_radius_1_d0_l/20210625TMX7316010203-002193pano_0000_000791_4.89991749487217_52.4071338077669.jpg,2021,6,25,De_Bongerd,0,lon_48999103700547435_lat_5240713078628547_radius_1_d0_l,lon_48999103700547435_lat_5240713078628547_radius_1,0,l
ATM_square_equirectangular_boom/De_Bongerd/lon_48999103700547435_lat_5240713078628547_radius_1_d0_r/20170530TMX7316010203-000317pano_0000_001534_4.89990749426981_52.4071281803031.jpg,2017,5,30,De_Bongerd,0,lon_48999103700547435_lat_5240713078628547_radius_1_d0_r,lon_48999103700547435_lat_5240713078628547_radius_1,0,r
ATM_square_equirectangular_boom/De_Bongerd/lon_48999103700547435_lat_5240713078628547_radius_1_d0_r/20190705TMX7316010203-001292pano_0000_007370_4.89991578393819_52.4071334619335.jpg,2019,7,5,De_Bongerd,0,lon_48999103700547435_lat_5240713078628547_radius_1_d0_r,lon_48999103700547435_lat_5240713078628547_radius_1,0,r
ATM_square_equirectangular_boom/De_Bongerd/lon_48999103700547435_lat_5240713078628547_radius_1_d0_r/20191211TMX7316010203-001510pano_0000_000369_4.89990665981801_52.4071278214566.jpg,2019,12,11,De_Bongerd,0,lon_48999103700547435_lat_5240713078628547_radius_1_d0_r,lon_48999103700547435_lat_5240713078628547_radius_1,0,r
ATM_square_equirectangular_boom/De_Bongerd/lon_48999103700547435_lat_5240713078628547_radius_1_d0_r/20200206TMX7316010203-001624pano_0006_000700_4.89990623868988_52.4071356377922.jpg,2020,2,6,De_Bongerd,0,lon_48999103700547435_lat_5240713078628547_radius_1_d0_r,lon_48999103700547435_lat_5240713078628547_radius_1,0,r
ATM_square_equirectangular_boom/De_Bongerd/lon_48999103700547435_lat_5240713078628547_radius_1_d0_r/20200916TMX7316060226-000502pano_0000_000483_4.8999085487404_52.4071258084605.jpg,2020,9,16,De_Bongerd,0,lon_48999103700547435_lat_5240713078628547_radius_1_d0_r,lon_48999103700547435_lat_5240713078628547_radius_1,0,r
ATM_square_equirectangular_boom/De_Bongerd/lon_48999103700547435_lat_5240713078628547_radius_1_d0_r/20210625TMX7316010203-002193pano_0000_000791_4.89991749487217_52.4071338077669.jpg,2021,6,25,De_Bongerd,0,lon_48999103700547435_lat_5240713078628547_radius_1_d0_r,lon_48999103700547435_lat_5240713078628547_radius_1,0,r
ATM_square_equirectangular_boom/Scheldebuurt_West/lon_4895244958433981_lat_5234274430279377_radius_1_d0_f/20160726TMX7316060226-000005pano_0000_003511_4.89524318044574_52.3427420778764.jpg,2016,7,26,Scheldebuurt_West,0,lon_4895244958433981_lat_5234274430279377_radius_1_d0_f,lon_4895244958433981_lat_5234274430279377_radius_1,0,f
ATM_square_equirectangular_boom/Scheldebuurt_West/lon_4895244958433981_lat_5234274430279377_radius_1_d0_f/20190103TMX7316010203-001034pano_0000_001557_4.89524792349476_52.3427472877217.jpg,2019,1,3,Scheldebuurt_West,1,lon_4895244958433981_lat_5234274430279377_radius_1_d0_f,lon_4895244958433981_lat_5234274430279377_radius_1,0,f
ATM_square_equirectangular_boom/Scheldebuurt_West/lon_4895244958433981_lat_5234274430279377_radius_1_d0_f/20190508TMX7316010203-001170pano_0000_001518_4.89523555554327_52.3427458225193.jpg,2019,5,8,Scheldebuurt_West,1,lon_4895244958433981_lat_5234274430279377_radius_1_d0_f,lon_4895244958433981_lat_5234274430279377_radius_1,0,f
ATM_square_equirectangular_boom/Scheldebuurt_West/lon_4895244958433981_lat_5234274430279377_radius_1_d0_f/20200707TMX7316010203-001793pano_0000_000836_4.89523655432064_52.3427422855231.jpg,2020,7,7,Scheldebuurt_West,0,lon_4895244958433981_lat_5234274430279377_radius_1_d0_f,lon_4895244958433981_lat_5234274430279377_radius_1,0,f
ATM_square_equirectangular_boom/Scheldebuurt_West/lon_4895244958433981_lat_5234274430279377_radius_1_d0_f/20210422TMX7316010203-002114pano_0000_003231_4.89524979081761_52.3427399604061.jpg,2021,4,22,Scheldebuurt_West,1,lon_4895244958433981_lat_5234274430279377_radius_1_d0_f,lon_4895244958433981_lat_5234274430279377_radius_1,0,f
ATM_square_equirectangular_boom/Scheldebuurt_West/lon_4895244958433981_lat_5234274430279377_radius_1_d0_f/20220110TMX7316010203-002409pano_0001_000186_4.89525674598187_52.342748382716.jpg,2022,1,10,Scheldebuurt_West,0,lon_4895244958433981_lat_5234274430279377_radius_1_d0_f,lon_4895244958433981_lat_5234274430279377_radius_1,0,f
ATM_square_equirectangular_boom/Scheldebuurt_West/lon_4895244958433981_lat_5234274430279377_radius_1_d0_r/20160726TMX7316060226-000005pano_0000_003511_4.89524318044574_52.3427420778764.jpg,2016,7,26,Scheldebuurt_West,0,lon_4895244958433981_lat_5234274430279377_radius_1_d0_r,lon_4895244958433981_lat_5234274430279377_radius_1,0,r
ATM_square_equirectangular_boom/Scheldebuurt_West/lon_4895244958433981_lat_5234274430279377_radius_1_d0_r/20190103TMX7316010203-001034pano_0000_001557_4.89524792349476_52.3427472877217.jpg,2019,1,3,Scheldebuurt_West,0,lon_4895244958433981_lat_5234274430279377_radius_1_d0_r,lon_4895244958433981_lat_5234274430279377_radius_1,0,r
ATM_square_equirectangular_boom/Scheldebuurt_West/lon_4895244958433981_lat_5234274430279377_radius_1_d0_r/20190508TMX7316010203-001170pano_0000_001518_4.89523555554327_52.3427458225193.jpg,2019,5,8,Scheldebuurt_West,0,lon_4895244958433981_lat_5234274430279377_radius_1_d0_r,lon_4895244958433981_lat_5234274430279377_radius_1,0,r
ATM_square_equirectangular_boom/Scheldebuurt_West/lon_4895244958433981_lat_5234274430279377_radius_1_d0_r/20200707TMX7316010203-001793pano_0000_000836_4.89523655432064_52.3427422855231.jpg,2020,7,7,Scheldebuurt_West,0,lon_4895244958433981_lat_5234274430279377_radius_1_d0_r,lon_4895244958433981_lat_5234274430279377_radius_1,0,r
ATM_square_equirectangular_boom/Scheldebuurt_West/lon_4895244958433981_lat_5234274430279377_radius_1_d0_r/20210422TMX7316010203-002114pano_0000_003231_4.89524979081761_52.3427399604061.jpg,2021,4,22,Scheldebuurt_West,0,lon_4895244958433981_lat_5234274430279377_radius_1_d0_r,lon_4895244958433981_lat_5234274430279377_radius_1,0,r
ATM_square_equirectangular_boom/Scheldebuurt_West/lon_4895244958433981_lat_5234274430279377_radius_1_d0_r/20220110TMX7316010203-002409pano_0001_000186_4.89525674598187_52.342748382716.jpg,2022,1,10,Scheldebuurt_West,0,lon_4895244958433981_lat_5234274430279377_radius_1_d0_r,lon_4895244958433981_lat_5234274430279377_radius_1,0,r
ATM_square_equirectangular_boom/De_Aker_Oost/lon_4788591457810326_lat_5234593317229089_radius_1_d0_f/20180627TMX7316010203-000810pano_0000_000044_4.78858571484196_52.3459330481797.jpg,2018,6,27,De_Aker_Oost,0,lon_4788591457810326_lat_5234593317229089_radius_1_d0_f,lon_4788591457810326_lat_5234593317229089_radius_1,0,f
ATM_square_equirectangular_boom/De_Aker_Oost/lon_4788591457810326_lat_5234593317229089_radius_1_d0_f/20190711TMX7316010203-001307pano_0001_000075_4.78859083492165_52.34592954797.jpg,2019,7,11,De_Aker_Oost,0,lon_4788591457810326_lat_5234593317229089_radius_1_d0_f,lon_4788591457810326_lat_5234593317229089_radius_1,0,f
ATM_square_equirectangular_boom/De_Aker_Oost/lon_4788591457810326_lat_5234593317229089_radius_1_d0_f/20200708TMX7316010203-001798pano_0001_000496_4.78859233531001_52.3459372985664.jpg,2020,7,8,De_Aker_Oost,0,lon_4788591457810326_lat_5234593317229089_radius_1_d0_f,lon_4788591457810326_lat_5234593317229089_radius_1,0,f
ATM_square_equirectangular_boom/De_Aker_Oost/lon_4788591457810326_lat_5234593317229089_radius_1_d0_f/20200824TMX7316010203-001889pano_0000_002831_4.78860130738127_52.34593752948.jpg,2020,8,24,De_Aker_Oost,0,lon_4788591457810326_lat_5234593317229089_radius_1_d0_f,lon_4788591457810326_lat_5234593317229089_radius_1,0,f
ATM_square_equirectangular_boom/De_Aker_Oost/lon_4788591457810326_lat_5234593317229089_radius_1_d0_f/20210222TMX7316010203-002023pano_0000_001669_4.78859164003365_52.345933805625.jpg,2021,2,22,De_Aker_Oost,0,lon_4788591457810326_lat_5234593317229089_radius_1_d0_f,lon_4788591457810326_lat_5234593317229089_radius_1,0,f
ATM_square_equirectangular_boom/De_Aker_Oost/lon_4788591457810326_lat_5234593317229089_radius_1_d0_f/20210222TMX7316010203-002023pano_0000_001749_4.78859438134035_52.34592913938.jpg,2021,2,22,De_Aker_Oost,0,lon_4788591457810326_lat_5234593317229089_radius_1_d0_f,lon_4788591457810326_lat_5234593317229089_radius_1,0,f
ATM_square_equirectangular_boom/De_Aker_Oost/lon_4788591457810326_lat_5234593317229089_radius_1_d0_f/20210419TMX7316010203-002105pano_0000_001079_4.78858032010784_52.3459303839179.jpg,2021,4,19,De_Aker_Oost,0,lon_4788591457810326_lat_5234593317229089_radius_1_d0_f,lon_4788591457810326_lat_5234593317229089_radius_1,0,f
ATM_square_equirectangular_boom/De_Aker_Oost/lon_4788591457810326_lat_5234593317229089_radius_1_d0_f/20220107TMX7316010203-002400pano_0004_000038_4.78860454361889_52.3459363569643.jpg,2022,1,7,De_Aker_Oost,0,lon_4788591457810326_lat_5234593317229089_radius_1_d0_f,lon_4788591457810326_lat_5234593317229089_radius_1,0,f
ATM_square_equirectangular_boom/De_Aker_Oost/lon_4788591457810326_lat_5234593317229089_radius_1_d0_r/20180627TMX7316010203-000810pano_0000_000044_4.78858571484196_52.3459330481797.jpg,2018,6,27,De_Aker_Oost,0,lon_4788591457810326_lat_5234593317229089_radius_1_d0_r,lon_4788591457810326_lat_5234593317229089_radius_1,0,r
ATM_square_equirectangular_boom/De_Aker_Oost/lon_4788591457810326_lat_5234593317229089_radius_1_d0_r/20190711TMX7316010203-001307pano_0001_000075_4.78859083492165_52.34592954797.jpg,2019,7,11,De_Aker_Oost,0,lon_4788591457810326_lat_5234593317229089_radius_1_d0_r,lon_4788591457810326_lat_5234593317229089_radius_1,0,r
ATM_square_equirectangular_boom/De_Aker_Oost/lon_4788591457810326_lat_5234593317229089_radius_1_d0_r/20200708TMX7316010203-001798pano_0001_000496_4.78859233531001_52.3459372985664.jpg,2020,7,8,De_Aker_Oost,1,lon_4788591457810326_lat_5234593317229089_radius_1_d0_r,lon_4788591457810326_lat_5234593317229089_radius_1,0,r
ATM_square_equirectangular_boom/De_Aker_Oost/lon_4788591457810326_lat_5234593317229089_radius_1_d0_r/20200824TMX7316010203-001889pano_0000_002831_4.78860130738127_52.34593752948.jpg,2020,8,24,De_Aker_Oost,0,lon_4788591457810326_lat_5234593317229089_radius_1_d0_r,lon_4788591457810326_lat_5234593317229089_radius_1,0,r
ATM_square_equirectangular_boom/De_Aker_Oost/lon_4788591457810326_lat_5234593317229089_radius_1_d0_r/20210222TMX7316010203-002023pano_0000_001669_4.78859164003365_52.345933805625.jpg,2021,2,22,De_Aker_Oost,0,lon_4788591457810326_lat_5234593317229089_radius_1_d0_r,lon_4788591457810326_lat_5234593317229089_radius_1,0,r
ATM_square_equirectangular_boom/De_Aker_Oost/lon_4788591457810326_lat_5234593317229089_radius_1_d0_r/20210222TMX7316010203-002023pano_0000_001749_4.78859438134035_52.34592913938.jpg,2021,2,22,De_Aker_Oost,0,lon_4788591457810326_lat_5234593317229089_radius_1_d0_r,lon_4788591457810326_lat_5234593317229089_radius_1,0,r
ATM_square_equirectangular_boom/De_Aker_Oost/lon_4788591457810326_lat_5234593317229089_radius_1_d0_r/20210419TMX7316010203-002105pano_0000_001079_4.78858032010784_52.3459303839179.jpg,2021,4,19,De_Aker_Oost,0,lon_4788591457810326_lat_5234593317229089_radius_1_d0_r,lon_4788591457810326_lat_5234593317229089_radius_1,0,r
ATM_square_equirectangular_boom/De_Aker_Oost/lon_4788591457810326_lat_5234593317229089_radius_1_d0_r/20220107TMX7316010203-002400pano_0004_000038_4.78860454361889_52.3459363569643.jpg,2022,1,7,De_Aker_Oost,0,lon_4788591457810326_lat_5234593317229089_radius_1_d0_r,lon_4788591457810326_lat_5234593317229089_radius_1,0,r
ATM_square_equirectangular_boom/Osdorper_Bovenpolder/lon_476932005778101_lat_5237551377880967_radius_1_d0_b/20190711TMX7316010203-001307pano_0000_002818_4.76931308789425_52.3755134633236.jpg,2019,7,11,Osdorper_Bovenpolder,0,lon_476932005778101_lat_5237551377880967_radius_1_d0_b,lon_476932005778101_lat_5237551377880967_radius_1,0,b
ATM_square_equirectangular_boom/Osdorper_Bovenpolder/lon_476932005778101_lat_5237551377880967_radius_1_d0_b/20210222TMX7316010203-002023pano_0000_003407_4.769323514855_52.3755134592375.jpg,2021,2,22,Osdorper_Bovenpolder,0,lon_476932005778101_lat_5237551377880967_radius_1_d0_b,lon_476932005778101_lat_5237551377880967_radius_1,0,b
ATM_square_equirectangular_boom/Osdorper_Bovenpolder/lon_476932005778101_lat_5237551377880967_radius_1_d0_b/20210408TMX7316010203-002082pano_0003_001844_4.76932357059378_52.3755144138679.jpg,2021,4,8,Osdorper_Bovenpolder,0,lon_476932005778101_lat_5237551377880967_radius_1_d0_b,lon_476932005778101_lat_5237551377880967_radius_1,0,b
ATM_square_equirectangular_boom/Osdorper_Bovenpolder/lon_476932005778101_lat_5237551377880967_radius_1_d0_l/20190711TMX7316010203-001307pano_0000_002818_4.76931308789425_52.3755134633236.jpg,2019,7,11,Osdorper_Bovenpolder,0,lon_476932005778101_lat_5237551377880967_radius_1_d0_l,lon_476932005778101_lat_5237551377880967_radius_1,0,l
ATM_square_equirectangular_boom/Osdorper_Bovenpolder/lon_476932005778101_lat_5237551377880967_radius_1_d0_l/20210222TMX7316010203-002023pano_0000_003407_4.769323514855_52.3755134592375.jpg,2021,2,22,Osdorper_Bovenpolder,0,lon_476932005778101_lat_5237551377880967_radius_1_d0_l,lon_476932005778101_lat_5237551377880967_radius_1,0,l
ATM_square_equirectangular_boom/Osdorper_Bovenpolder/lon_476932005778101_lat_5237551377880967_radius_1_d0_l/20210408TMX7316010203-002082pano_0003_001844_4.76932357059378_52.3755144138679.jpg,2021,4,8,Osdorper_Bovenpolder,0,lon_476932005778101_lat_5237551377880967_radius_1_d0_l,lon_476932005778101_lat_5237551377880967_radius_1,0,l
ATM_square_equirectangular_boom/Bedrijventerrein_Schinkel/lon_4848202966306466_lat_52345298328459435_radius_1_d0_b/20170419TMX7316010203-000264pano_0001_000802_4.8482037520138_52.345298343666.jpg,2017,4,19,Bedrijventerrein_Schinkel,0,lon_4848202966306466_lat_52345298328459435_radius_1_d0_b,lon_4848202966306466_lat_52345298328459435_radius_1,0,b
ATM_square_equirectangular_boom/Bedrijventerrein_Schinkel/lon_4848202966306466_lat_52345298328459435_radius_1_d0_b/20180612TMX7316010203-000785pano_0001_001248_4.84820491273766_52.3452955048198.jpg,2018,6,12,Bedrijventerrein_Schinkel,0,lon_4848202966306466_lat_52345298328459435_radius_1_d0_b,lon_4848202966306466_lat_52345298328459435_radius_1,0,b
ATM_square_equirectangular_boom/Bedrijventerrein_Schinkel/lon_4848202966306466_lat_52345298328459435_radius_1_d0_b/20181115TMX7316010203-000985pano_0001_001248_4.84820491273766_52.3452955048198.jpg,2018,11,15,Bedrijventerrein_Schinkel,0,lon_4848202966306466_lat_52345298328459435_radius_1_d0_b,lon_4848202966306466_lat_52345298328459435_radius_1,0,b
ATM_square_equirectangular_boom/Bedrijventerrein_Schinkel/lon_4848202966306466_lat_52345298328459435_radius_1_d0_b/20190426TMX7316010203-001143pano_0001_000456_4.84820770728883_52.3452973266369.jpg,2019,4,26,Bedrijventerrein_Schinkel,0,lon_4848202966306466_lat_52345298328459435_radius_1_d0_b,lon_4848202966306466_lat_52345298328459435_radius_1,0,b
ATM_square_equirectangular_boom/Bedrijventerrein_Schinkel/lon_4848202966306466_lat_52345298328459435_radius_1_d0_b/20200506TMX7316010203-001690pano_0000_003429_4.84820438478352_52.3452919597826.jpg,2020,5,6,Bedrijventerrein_Schinkel,0,lon_4848202966306466_lat_52345298328459435_radius_1_d0_b,lon_4848202966306466_lat_52345298328459435_radius_1,0,b
ATM_square_equirectangular_boom/Bedrijventerrein_Schinkel/lon_4848202966306466_lat_52345298328459435_radius_1_d0_b/20210707TMX7316010203-002220pano_0004_000037_4.84819959221169_52.3453033960835.jpg,2021,7,7,Bedrijventerrein_Schinkel,0,lon_4848202966306466_lat_52345298328459435_radius_1_d0_b,lon_4848202966306466_lat_52345298328459435_radius_1,0,b
ATM_square_equirectangular_boom/De_Wittenbuurt_Noord/lon_488071554687169_lat_5238342003807183_radius_1_d0_r/20180620TMX7316010203-000798pano_0000_004163_4.88071258197648_52.383422107358.jpg,2018,6,20,De_Wittenbuurt_Noord,0,lon_488071554687169_lat_5238342003807183_radius_1_d0_r,lon_488071554687169_lat_5238342003807183_radius_1,0,r
ATM_square_equirectangular_boom/De_Wittenbuurt_Noord/lon_488071554687169_lat_5238342003807183_radius_1_d0_r/20190417TMX7316010203-001134pano_0000_000015_4.88071492604497_52.3834215516327.jpg,2019,4,17,De_Wittenbuurt_Noord,0,lon_488071554687169_lat_5238342003807183_radius_1_d0_r,lon_488071554687169_lat_5238342003807183_radius_1,0,r
ATM_square_equirectangular_boom/De_Wittenbuurt_Noord/lon_488071554687169_lat_5238342003807183_radius_1_d0_r/20211230TMX7316010203-002367pano_0001_000029_4.88071609388529_52.3834180477925.jpg,2021,12,30,De_Wittenbuurt_Noord,0,lon_488071554687169_lat_5238342003807183_radius_1_d0_r,lon_488071554687169_lat_5238342003807183_radius_1,0,r
ATM_square_equirectangular_boom/De_Aker_West/lon_4778662178424525_lat_5234969038273945_radius_1_d-100_r/20160616TMX7315080123-000301pano_0000_000311_4.77866246508704_52.3496960650212.jpg,2016,6,16,De_Aker_West,0,lon_4778662178424525_lat_5234969038273945_radius_1_d-100_r,lon_4778662178424525_lat_5234969038273945_radius_1,-100,r
ATM_square_equirectangular_boom/De_Aker_West/lon_4778662178424525_lat_5234969038273945_radius_1_d-100_r/20180627TMX7316010203-000811pano_0000_000318_4.77866143978041_52.3496887461307.jpg,2018,6,27,De_Aker_West,0,lon_4778662178424525_lat_5234969038273945_radius_1_d-100_r,lon_4778662178424525_lat_5234969038273945_radius_1,-100,r
ATM_square_equirectangular_boom/De_Aker_West/lon_4778662178424525_lat_5234969038273945_radius_1_d-100_r/20200821TMX7316010203-001887pano_0000_004496_4.77865138313103_52.3496921418951.jpg,2020,8,21,De_Aker_West,0,lon_4778662178424525_lat_5234969038273945_radius_1_d-100_r,lon_4778662178424525_lat_5234969038273945_radius_1,-100,r
ATM_square_equirectangular_boom/F-buurt/lon_4955096309195617_lat_5231629629223763_radius_1_d0_f/20160804TMX7316010203-000046pano_0000_001809_4.95509787935263_52.3162938385826.jpg,2016,8,4,F-buurt,0,lon_4955096309195617_lat_5231629629223763_radius_1_d0_f,lon_4955096309195617_lat_5231629629223763_radius_1,0,f
ATM_square_equirectangular_boom/F-buurt/lon_4955096309195617_lat_5231629629223763_radius_1_d0_f/20210604TMX7316010203-002156pano_0000_003335_4.9550901692547_52.3162956929465.jpg,2021,6,4,F-buurt,0,lon_4955096309195617_lat_5231629629223763_radius_1_d0_f,lon_4955096309195617_lat_5231629629223763_radius_1,0,f
ATM_square_equirectangular_boom/F-buurt/lon_4955096309195617_lat_5231629629223763_radius_1_d0_f/20210607TMX7316010203-002158pano_0000_001022_4.95510087897952_52.3162993451838.jpg,2021,6,7,F-buurt,0,lon_4955096309195617_lat_5231629629223763_radius_1_d0_f,lon_4955096309195617_lat_5231629629223763_radius_1,0,f
ATM_square_equirectangular_boom/Westerstaatsman/lon_48691568850432425_lat_5238143496059078_radius_1_d200_f/20170426TMX7316010203-000280pano_0000_001028_4.86915494850796_52.3814354714021.jpg,2017,4,26,Westerstaatsman,0,lon_48691568850432425_lat_5238143496059078_radius_1_d200_f,lon_48691568850432425_lat_5238143496059078_radius_1,200,f
ATM_square_equirectangular_boom/Westerstaatsman/lon_48691568850432425_lat_5238143496059078_radius_1_d200_f/20180620TMX7316010203-000799pano_0000_000820_4.86916986442314_52.3814369732636.jpg,2018,6,20,Westerstaatsman,0,lon_48691568850432425_lat_5238143496059078_radius_1_d200_f,lon_48691568850432425_lat_5238143496059078_radius_1,200,f
ATM_square_equirectangular_boom/Westerstaatsman/lon_48691568850432425_lat_5238143496059078_radius_1_d200_f/20191108TMX7316060226-000473pano_0000_001172_4.86915666155681_52.3814389240102.jpg,2019,11,8,Westerstaatsman,0,lon_48691568850432425_lat_5238143496059078_radius_1_d200_f,lon_48691568850432425_lat_5238143496059078_radius_1,200,f
ATM_square_equirectangular_boom/Westerstaatsman/lon_48691568850432425_lat_5238143496059078_radius_1_d200_f/20221214TMX7316010203-002854pano_0002_000065_4.86915515427908_52.3814327321918.jpg,2022,12,14,Westerstaatsman,0,lon_48691568850432425_lat_5238143496059078_radius_1_d200_f,lon_48691568850432425_lat_5238143496059078_radius_1,200,f
ATM_square_equirectangular_boom/Van_der_Pekbuurt/lon_490860048533706_lat_52386509758162504_radius_1_d200_l/20170523TMX7316010203-000306pano_0000_001472_4.90859875383144_52.386508130994.jpg,2017,5,23,Van_der_Pekbuurt,0,lon_490860048533706_lat_52386509758162504_radius_1_d200_l,lon_490860048533706_lat_52386509758162504_radius_1,200,l
ATM_square_equirectangular_boom/Van_der_Pekbuurt/lon_490860048533706_lat_52386509758162504_radius_1_d200_l/20180730TMX7316010203-000886pano_0001_001035_4.90859362256329_52.3865091700701.jpg,2018,7,30,Van_der_Pekbuurt,1,lon_490860048533706_lat_52386509758162504_radius_1_d200_l,lon_490860048533706_lat_52386509758162504_radius_1,200,l
ATM_square_equirectangular_boom/Van_der_Pekbuurt/lon_490860048533706_lat_52386509758162504_radius_1_d200_l/20190709TMX7316010203-001299pano_0000_000418_4.90860907961645_52.3865119734234.jpg,2019,7,9,Van_der_Pekbuurt,0,lon_490860048533706_lat_52386509758162504_radius_1_d200_l,lon_490860048533706_lat_52386509758162504_radius_1,200,l
ATM_square_equirectangular_boom/De_Aker_Oost/lon_4788186619565666_lat_5234555558318567_radius_1_d0_l/20180627TMX7316010203-000810pano_0000_000054_4.78818223721665_52.3455549321857.jpg,2018,6,27,De_Aker_Oost,0,lon_4788186619565666_lat_5234555558318567_radius_1_d0_l,lon_4788186619565666_lat_5234555558318567_radius_1,0,l
ATM_square_equirectangular_boom/De_Aker_Oost/lon_4788186619565666_lat_5234555558318567_radius_1_d0_l/20190711TMX7316010203-001307pano_0001_000064_4.78819444796903_52.3455530600052.jpg,2019,7,11,De_Aker_Oost,0,lon_4788186619565666_lat_5234555558318567_radius_1_d0_l,lon_4788186619565666_lat_5234555558318567_radius_1,0,l
ATM_square_equirectangular_boom/De_Aker_Oost/lon_4788186619565666_lat_5234555558318567_radius_1_d0_l/20200708TMX7316010203-001798pano_0001_000506_4.78818401966314_52.3455565335467.jpg,2020,7,8,De_Aker_Oost,0,lon_4788186619565666_lat_5234555558318567_radius_1_d0_l,lon_4788186619565666_lat_5234555558318567_radius_1,0,l
ATM_square_equirectangular_boom/De_Aker_Oost/lon_4788186619565666_lat_5234555558318567_radius_1_d0_l/20210222TMX7316010203-002023pano_0000_001679_4.788181343456_52.3455554449829.jpg,2021,2,22,De_Aker_Oost,0,lon_4788186619565666_lat_5234555558318567_radius_1_d0_l,lon_4788186619565666_lat_5234555558318567_radius_1,0,l
ATM_square_equirectangular_boom/De_Aker_Oost/lon_4788186619565666_lat_5234555558318567_radius_1_d0_l/20210222TMX7316010203-002023pano_0000_001739_4.78818241394077_52.3455528751683.jpg,2021,2,22,De_Aker_Oost,0,lon_4788186619565666_lat_5234555558318567_radius_1_d0_l,lon_4788186619565666_lat_5234555558318567_radius_1,0,l
ATM_square_equirectangular_boom/Schinkelbuurt_Noord/lon_4853387225474993_lat_5235190499354147_radius_1_d-300_r/20160804TMX7316060226-000013pano_0000_003711_4.85339436589277_52.351905621899.jpg,2016,8,4,Schinkelbuurt_Noord,0,lon_4853387225474993_lat_5235190499354147_radius_1_d-300_r,lon_4853387225474993_lat_5235190499354147_radius_1,-300,r
ATM_square_equirectangular_boom/Schinkelbuurt_Noord/lon_4853387225474993_lat_5235190499354147_radius_1_d-300_r/20180612TMX7316010203-000785pano_0001_000406_4.85338144253217_52.3519024675166.jpg,2018,6,12,Schinkelbuurt_Noord,0,lon_4853387225474993_lat_5235190499354147_radius_1_d-300_r,lon_4853387225474993_lat_5235190499354147_radius_1,-300,r
ATM_square_equirectangular_boom/Schinkelbuurt_Noord/lon_4853387225474993_lat_5235190499354147_radius_1_d-300_r/20181115TMX7316010203-000985pano_0001_000406_4.85338144253217_52.3519024675166.jpg,2018,11,15,Schinkelbuurt_Noord,0,lon_4853387225474993_lat_5235190499354147_radius_1_d-300_r,lon_4853387225474993_lat_5235190499354147_radius_1,-300,r
ATM_square_equirectangular_boom/Schinkelbuurt_Noord/lon_4853387225474993_lat_5235190499354147_radius_1_d-300_r/20190430TMX7316010203-001152pano_0002_000871_4.85339566938083_52.3519102850425.jpg,2019,4,30,Schinkelbuurt_Noord,0,lon_4853387225474993_lat_5235190499354147_radius_1_d-300_r,lon_4853387225474993_lat_5235190499354147_radius_1,-300,r
ATM_square_equirectangular_boom/Schinkelbuurt_Noord/lon_4853387225474993_lat_5235190499354147_radius_1_d-300_r/20200511TMX7316010203-001701pano_0000_002065_4.85339601974902_52.3519073978582.jpg,2020,5,11,Schinkelbuurt_Noord,0,lon_4853387225474993_lat_5235190499354147_radius_1_d-300_r,lon_4853387225474993_lat_5235190499354147_radius_1,-300,r
ATM_square_equirectangular_boom/Schinkelbuurt_Noord/lon_4853387225474993_lat_5235190499354147_radius_1_d-300_r/20210420TMX7316010203-002107pano_0008_000219_4.853374412763_52.3519017214159.jpg,2021,4,20,Schinkelbuurt_Noord,0,lon_4853387225474993_lat_5235190499354147_radius_1_d-300_r,lon_4853387225474993_lat_5235190499354147_radius_1,-300,r
ATM_square_equirectangular_boom/Poolbuurt_Oost/lon_4848734733321303_lat_5237320372435095_radius_1_d0_f/20190117TMX7316010203-001060pano_0000_000492_4.84873056163807_52.3732065658891.jpg,2019,1,17,Poolbuurt_Oost,0,lon_4848734733321303_lat_5237320372435095_radius_1_d0_f,lon_4848734733321303_lat_5237320372435095_radius_1,0,f
ATM_square_equirectangular_boom/Poolbuurt_Oost/lon_4848734733321303_lat_5237320372435095_radius_1_d0_f/20190418TMX7316010203-001135pano_0000_003226_4.84873405831153_52.3731952481091.jpg,2019,4,18,Poolbuurt_Oost,0,lon_4848734733321303_lat_5237320372435095_radius_1_d0_f,lon_4848734733321303_lat_5237320372435095_radius_1,0,f
ATM_square_equirectangular_boom/Poolbuurt_Oost/lon_4848734733321303_lat_5237320372435095_radius_1_d0_f/20210326TMX7316010203-002064pano_0000_003786_4.84873886448233_52.3732010624162.jpg,2021,3,26,Poolbuurt_Oost,0,lon_4848734733321303_lat_5237320372435095_radius_1_d0_f,lon_4848734733321303_lat_5237320372435095_radius_1,0,f
ATM_square_equirectangular_boom/Poolbuurt_Oost/lon_4848734733321303_lat_5237320372435095_radius_1_d0_f/20210712TMX7316010203-002228pano_0006_000229_4.84873544885328_52.3732120209894.jpg,2021,7,12,Poolbuurt_Oost,0,lon_4848734733321303_lat_5237320372435095_radius_1_d0_f,lon_4848734733321303_lat_5237320372435095_radius_1,0,f
ATM_square_equirectangular_boom/Poolbuurt_Oost/lon_4848723178513863_lat_5237322293299472_radius_1_d0_f/20160622TMX7315080123-000311pano_0000_000016_4.84872476501159_52.3732224745015.jpg,2016,6,22,Poolbuurt_Oost,0,lon_4848723178513863_lat_5237322293299472_radius_1_d0_f,lon_4848723178513863_lat_5237322293299472_radius_1,0,f
ATM_square_equirectangular_boom/Poolbuurt_Oost/lon_4848723178513863_lat_5237322293299472_radius_1_d0_f/20190109TMX7316010203-001041pano_0002_000903_4.84871866316336_52.3732262840159.jpg,2019,1,9,Poolbuurt_Oost,0,lon_4848723178513863_lat_5237322293299472_radius_1_d0_f,lon_4848723178513863_lat_5237322293299472_radius_1,0,f
ATM_square_equirectangular_boom/Poolbuurt_Oost/lon_4848723178513863_lat_5237322293299472_radius_1_d0_f/20191210TMX7316010203-001503pano_0001_000411_4.84872288876015_52.3732189909704.jpg,2019,12,10,Poolbuurt_Oost,0,lon_4848723178513863_lat_5237322293299472_radius_1_d0_f,lon_4848723178513863_lat_5237322293299472_radius_1,0,f
ATM_square_equirectangular_boom/Poolbuurt_Oost/lon_4848723178513863_lat_5237322293299472_radius_1_d0_f/20200817TMX7316010203-001878pano_0005_003200_4.84872639712035_52.3732239824911.jpg,2020,8,17,Poolbuurt_Oost,0,lon_4848723178513863_lat_5237322293299472_radius_1_d0_f,lon_4848723178513863_lat_5237322293299472_radius_1,0,f
ATM_square_equirectangular_boom/Poolbuurt_Oost/lon_4848723178513863_lat_5237322293299472_radius_1_d0_f/20220429TMX7316010203-002550pano_0000_004371_4.84872783476796_52.3732223380171.jpg,2022,4,29,Poolbuurt_Oost,0,lon_4848723178513863_lat_5237322293299472_radius_1_d0_f,lon_4848723178513863_lat_5237322293299472_radius_1,0,f
ATM_square_equirectangular_boom/Poolbuurt_Oost/lon_4848723178513863_lat_5237322293299472_radius_1_d0_f/20220502TMX7316010203-002554pano_0000_003003_4.84872741437452_52.3732229074661.jpg,2022,5,2,Poolbuurt_Oost,0,lon_4848723178513863_lat_5237322293299472_radius_1_d0_f,lon_4848723178513863_lat_5237322293299472_radius_1,0,f
ATM_square_equirectangular_boom/Kadoelen/lon_4906578318384767_lat_5241860685283766_radius_1_d0_r/20170530TMX7316010203-000317pano_0000_005360_4.90656963770881_52.4186069066787.jpg,2017,5,30,Kadoelen,0,lon_4906578318384767_lat_5241860685283766_radius_1_d0_r,lon_4906578318384767_lat_5241860685283766_radius_1,0,r
ATM_square_equirectangular_boom/Kadoelen/lon_4906578318384767_lat_5241860685283766_radius_1_d0_r/20190704TMX7316010203-001272pano_0000_000655_4.90657603192552_52.4186075347244.jpg,2019,7,4,Kadoelen,0,lon_4906578318384767_lat_5241860685283766_radius_1_d0_r,lon_4906578318384767_lat_5241860685283766_radius_1,0,r
ATM_square_equirectangular_boom/Kadoelen/lon_4906578318384767_lat_5241860685283766_radius_1_d0_r/20210623TMX7316010203-002188pano_0000_002262_4.90658928551997_52.4186061171099.jpg,2021,6,23,Kadoelen,0,lon_4906578318384767_lat_5241860685283766_radius_1_d0_r,lon_4906578318384767_lat_5241860685283766_radius_1,0,r
ATM_square_equirectangular_boom/K-buurt_Zuidoost/lon_4982977357561287_lat_5231358250816662_radius_1_d0_r/20160720TMX7315120208-000155pano_0000_000019_4.98296854768419_52.3135877398972.jpg,2016,7,20,K-buurt_Zuidoost,0,lon_4982977357561287_lat_5231358250816662_radius_1_d0_r,lon_4982977357561287_lat_5231358250816662_radius_1,0,r
ATM_square_equirectangular_boom/K-buurt_Zuidoost/lon_4982977357561287_lat_5231358250816662_radius_1_d0_r/20170616TMX7316010203-000338pano_0000_012076_4.9829819660452_52.3135783705283.jpg,2017,6,16,K-buurt_Zuidoost,0,lon_4982977357561287_lat_5231358250816662_radius_1_d0_r,lon_4982977357561287_lat_5231358250816662_radius_1,0,r
ATM_square_equirectangular_boom/K-buurt_Zuidoost/lon_4982977357561287_lat_5231358250816662_radius_1_d0_r/20171018TMX7316010203-000445pano_0000_002463_4.98297842743926_52.3135805010361.jpg,2017,10,18,K-buurt_Zuidoost,0,lon_4982977357561287_lat_5231358250816662_radius_1_d0_r,lon_4982977357561287_lat_5231358250816662_radius_1,0,r
ATM_square_equirectangular_boom/K-buurt_Zuidoost/lon_4982977357561287_lat_5231358250816662_radius_1_d0_r/20190625TMX7316010203-001246pano_0000_003871_4.9829804890765_52.3135834212049.jpg,2019,6,25,K-buurt_Zuidoost,0,lon_4982977357561287_lat_5231358250816662_radius_1_d0_r,lon_4982977357561287_lat_5231358250816662_radius_1,0,r
ATM_square_equirectangular_boom/K-buurt_Zuidoost/lon_4982977357561287_lat_5231358250816662_radius_1_d0_r/20230123TMX7316010203-002944pano_0007_000046_4.98297778001401_52.313584210611.jpg,2023,1,23,K-buurt_Zuidoost,1,lon_4982977357561287_lat_5231358250816662_radius_1_d0_r,lon_4982977357561287_lat_5231358250816662_radius_1,0,r
ATM_square_equirectangular_boom/K-buurt_Zuidoost/lon_49832708914118475_lat_52313415998485475_radius_1_d-200_f/20180717TMX7316010203-000843pano_0002_000236_4.98326941678255_52.3134222036053.jpg,2018,7,17,K-buurt_Zuidoost,0,lon_49832708914118475_lat_52313415998485475_radius_1_d-200_f,lon_49832708914118475_lat_52313415998485475_radius_1,-200,f
ATM_square_equirectangular_boom/K-buurt_Zuidoost/lon_49832708914118475_lat_52313415998485475_radius_1_d-200_f/20190625TMX7316010203-001246pano_0000_003972_4.98326788840038_52.3134101363857.jpg,2019,6,25,K-buurt_Zuidoost,0,lon_49832708914118475_lat_52313415998485475_radius_1_d-200_f,lon_49832708914118475_lat_52313415998485475_radius_1,-200,f
ATM_square_equirectangular_boom/K-buurt_Zuidoost/lon_49832708914118475_lat_52313415998485475_radius_1_d-200_f/20200626TMX7316010203-001772pano_0000_002002_4.98327389041265_52.3134129370543.jpg,2020,6,26,K-buurt_Zuidoost,0,lon_49832708914118475_lat_52313415998485475_radius_1_d-200_f,lon_49832708914118475_lat_52313415998485475_radius_1,-200,f
ATM_square_equirectangular_boom/K-buurt_Zuidoost/lon_49832708914118475_lat_52313415998485475_radius_1_d-200_f/20210604TMX7316010203-002156pano_0000_010592_4.98327237005181_52.3134187168966.jpg,2021,6,4,K-buurt_Zuidoost,1,lon_49832708914118475_lat_52313415998485475_radius_1_d-200_f,lon_49832708914118475_lat_52313415998485475_radius_1,-200,f
ATM_square_equirectangular_boom/K-buurt_Zuidoost/lon_49832708914118475_lat_52313415998485475_radius_1_d-200_f/20220616TMX7316010203-002604pano_0000_000032_4.98326863873789_52.3134201918003.jpg,2022,6,16,K-buurt_Zuidoost,0,lon_49832708914118475_lat_52313415998485475_radius_1_d-200_f,lon_49832708914118475_lat_52313415998485475_radius_1,-200,f
ATM_square_equirectangular_boom/K-buurt_Zuidoost/lon_49832708914118475_lat_52313415998485475_radius_1_d-200_r/20180717TMX7316010203-000843pano_0002_000236_4.98326941678255_52.3134222036053.jpg,2018,7,17,K-buurt_Zuidoost,0,lon_49832708914118475_lat_52313415998485475_radius_1_d-200_r,lon_49832708914118475_lat_52313415998485475_radius_1,-200,r
ATM_square_equirectangular_boom/K-buurt_Zuidoost/lon_49832708914118475_lat_52313415998485475_radius_1_d-200_r/20190625TMX7316010203-001246pano_0000_003972_4.98326788840038_52.3134101363857.jpg,2019,6,25,K-buurt_Zuidoost,0,lon_49832708914118475_lat_52313415998485475_radius_1_d-200_r,lon_49832708914118475_lat_52313415998485475_radius_1,-200,r
ATM_square_equirectangular_boom/K-buurt_Zuidoost/lon_49832708914118475_lat_52313415998485475_radius_1_d-200_r/20200626TMX7316010203-001772pano_0000_002002_4.98327389041265_52.3134129370543.jpg,2020,6,26,K-buurt_Zuidoost,0,lon_49832708914118475_lat_52313415998485475_radius_1_d-200_r,lon_49832708914118475_lat_52313415998485475_radius_1,-200,r
ATM_square_equirectangular_boom/K-buurt_Zuidoost/lon_49832708914118475_lat_52313415998485475_radius_1_d-200_r/20210604TMX7316010203-002156pano_0000_010592_4.98327237005181_52.3134187168966.jpg,2021,6,4,K-buurt_Zuidoost,1,lon_49832708914118475_lat_52313415998485475_radius_1_d-200_r,lon_49832708914118475_lat_52313415998485475_radius_1,-200,r
ATM_square_equirectangular_boom/K-buurt_Zuidoost/lon_49832708914118475_lat_52313415998485475_radius_1_d-200_r/20220616TMX7316010203-002604pano_0000_000032_4.98326863873789_52.3134201918003.jpg,2022,6,16,K-buurt_Zuidoost,0,lon_49832708914118475_lat_52313415998485475_radius_1_d-200_r,lon_49832708914118475_lat_52313415998485475_radius_1,-200,r
ATM_square_equirectangular_boom/K-buurt_Zuidoost/lon_49832708914118475_lat_52313415998485475_radius_1_d-200_b/20180717TMX7316010203-000843pano_0002_000236_4.98326941678255_52.3134222036053.jpg,2018,7,17,K-buurt_Zuidoost,0,lon_49832708914118475_lat_52313415998485475_radius_1_d-200_b,lon_49832708914118475_lat_52313415998485475_radius_1,-200,b
ATM_square_equirectangular_boom/K-buurt_Zuidoost/lon_49832708914118475_lat_52313415998485475_radius_1_d-200_b/20190625TMX7316010203-001246pano_0000_003972_4.98326788840038_52.3134101363857.jpg,2019,6,25,K-buurt_Zuidoost,0,lon_49832708914118475_lat_52313415998485475_radius_1_d-200_b,lon_49832708914118475_lat_52313415998485475_radius_1,-200,b
ATM_square_equirectangular_boom/K-buurt_Zuidoost/lon_49832708914118475_lat_52313415998485475_radius_1_d-200_b/20200626TMX7316010203-001772pano_0000_002002_4.98327389041265_52.3134129370543.jpg,2020,6,26,K-buurt_Zuidoost,0,lon_49832708914118475_lat_52313415998485475_radius_1_d-200_b,lon_49832708914118475_lat_52313415998485475_radius_1,-200,b
ATM_square_equirectangular_boom/K-buurt_Zuidoost/lon_49832708914118475_lat_52313415998485475_radius_1_d-200_b/20210604TMX7316010203-002156pano_0000_010592_4.98327237005181_52.3134187168966.jpg,2021,6,4,K-buurt_Zuidoost,1,lon_49832708914118475_lat_52313415998485475_radius_1_d-200_b,lon_49832708914118475_lat_52313415998485475_radius_1,-200,b
ATM_square_equirectangular_boom/K-buurt_Zuidoost/lon_49832708914118475_lat_52313415998485475_radius_1_d-200_b/20220616TMX7316010203-002604pano_0000_000032_4.98326863873789_52.3134201918003.jpg,2022,6,16,K-buurt_Zuidoost,0,lon_49832708914118475_lat_52313415998485475_radius_1_d-200_b,lon_49832708914118475_lat_52313415998485475_radius_1,-200,b
ATM_square_equirectangular_boom/K-buurt_Zuidoost/lon_49833722292550355_lat_52313001990212726_radius_1_d0_f/20170616TMX7316010203-000338pano_0000_012090_4.98337283274727_52.313000364775.jpg,2017,6,16,K-buurt_Zuidoost,0,lon_49833722292550355_lat_52313001990212726_radius_1_d0_f,lon_49833722292550355_lat_52313001990212726_radius_1,0,f
ATM_square_equirectangular_boom/K-buurt_Zuidoost/lon_49833722292550355_lat_52313001990212726_radius_1_d0_f/20171018TMX7316010203-000445pano_0000_002477_4.98337376040088_52.3129989612461.jpg,2017,10,18,K-buurt_Zuidoost,0,lon_49833722292550355_lat_52313001990212726_radius_1_d0_f,lon_49833722292550355_lat_52313001990212726_radius_1,0,f
ATM_square_equirectangular_boom/K-buurt_Zuidoost/lon_49833722292550355_lat_52313001990212726_radius_1_d0_f/20180729TMX7316010203-000883pano_0000_001798_4.98337303342293_52.3130035377841.jpg,2018,7,29,K-buurt_Zuidoost,0,lon_49833722292550355_lat_52313001990212726_radius_1_d0_f,lon_49833722292550355_lat_52313001990212726_radius_1,0,f
ATM_square_equirectangular_boom/K-buurt_Zuidoost/lon_49833722292550355_lat_52313001990212726_radius_1_d0_f/20190425TMX7316010203-001139pano_0000_001952_4.98336929044906_52.3130050970457.jpg,2019,4,25,K-buurt_Zuidoost,0,lon_49833722292550355_lat_52313001990212726_radius_1_d0_f,lon_49833722292550355_lat_52313001990212726_radius_1,0,f
ATM_square_equirectangular_boom/Cremerbuurt_Oost/lon_4865520574985176_lat_5236330445361273_radius_1_d200_l/20160809TMX7316010203-000052pano_0002_003407_4.86551221702947_52.363301029745.jpg,2016,8,9,Cremerbuurt_Oost,0,lon_4865520574985176_lat_5236330445361273_radius_1_d200_l,lon_4865520574985176_lat_5236330445361273_radius_1,200,l
ATM_square_equirectangular_boom/Cremerbuurt_Oost/lon_4865520574985176_lat_5236330445361273_radius_1_d200_l/20180612TMX7316010203-000787pano_0000_001787_4.86553094797015_52.3633057125326.jpg,2018,6,12,Cremerbuurt_Oost,0,lon_4865520574985176_lat_5236330445361273_radius_1_d200_l,lon_4865520574985176_lat_5236330445361273_radius_1,200,l
ATM_square_equirectangular_boom/Cremerbuurt_Oost/lon_4865520574985176_lat_5236330445361273_radius_1_d200_l/20210325TMX7316010203-002060pano_0000_000809_4.86551855995591_52.3633066185606.jpg,2021,3,25,Cremerbuurt_Oost,0,lon_4865520574985176_lat_5236330445361273_radius_1_d200_l,lon_4865520574985176_lat_5236330445361273_radius_1,200,l
ATM_square_equirectangular_boom/Schellingwoude_Oost/lon_49629428940792435_lat_5238399510089446_radius_1_d0_r/20160509TMX7315120208-000038pano_0000_000190_4.96294557587654_52.3839958171067.jpg,2016,5,9,Schellingwoude_Oost,0,lon_49629428940792435_lat_5238399510089446_radius_1_d0_r,lon_49629428940792435_lat_5238399510089446_radius_1,0,r
ATM_square_equirectangular_boom/Schellingwoude_Oost/lon_49629428940792435_lat_5238399510089446_radius_1_d0_r/20200526TMX7316010203-001724pano_0000_002424_4.96293124071562_52.3839971725624.jpg,2020,5,26,Schellingwoude_Oost,0,lon_49629428940792435_lat_5238399510089446_radius_1_d0_r,lon_49629428940792435_lat_5238399510089446_radius_1,0,r
ATM_square_equirectangular_boom/Schellingwoude_Oost/lon_49629428940792435_lat_5238399510089446_radius_1_d0_r/20210628TMX7316010203-002197pano_0000_001795_4.96295186564557_52.3839923130143.jpg,2021,6,28,Schellingwoude_Oost,0,lon_49629428940792435_lat_5238399510089446_radius_1_d0_r,lon_49629428940792435_lat_5238399510089446_radius_1,0,r
ATM_square_equirectangular_boom/Schellingwoude_Oost/lon_49629428940792435_lat_5238399510089446_radius_1_d0_r/20220509TMX7316010203-002564pano_0002_003796_4.96294899730324_52.3839984680258.jpg,2022,5,9,Schellingwoude_Oost,0,lon_49629428940792435_lat_5238399510089446_radius_1_d0_r,lon_49629428940792435_lat_5238399510089446_radius_1,0,r
ATM_square_equirectangular_boom/Sloterdijk/lon_484558588618222_lat_523861942800935_radius_1_d0_l/20170424TMX7316010203-000279pano_0000_003785_4.84557748353998_52.3862003470238.jpg,2017,4,24,Sloterdijk,0,lon_484558588618222_lat_523861942800935_radius_1_d0_l,lon_484558588618222_lat_523861942800935_radius_1,0,l
ATM_square_equirectangular_boom/Sloterdijk/lon_484558588618222_lat_523861942800935_radius_1_d0_l/20190415TMX7316010203-001128pano_0000_003470_4.84559363264576_52.3861877032238.jpg,2019,4,15,Sloterdijk,0,lon_484558588618222_lat_523861942800935_radius_1_d0_l,lon_484558588618222_lat_523861942800935_radius_1,0,l
ATM_square_equirectangular_boom/Sloterdijk/lon_484558588618222_lat_523861942800935_radius_1_d0_l/20191107TMX7316060226-000470pano_0000_001851_4.84558654236092_52.3861947900329.jpg,2019,11,7,Sloterdijk,0,lon_484558588618222_lat_523861942800935_radius_1_d0_l,lon_484558588618222_lat_523861942800935_radius_1,0,l
ATM_square_equirectangular_boom/De_Bongerd/lon_4901137282652304_lat_5240937277393746_radius_1_d-300_f/20160614TMX7315120208-000080pano_0000_000028_4.90113740811545_52.4093665966638.jpg,2016,6,14,De_Bongerd,0,lon_4901137282652304_lat_5240937277393746_radius_1_d-300_f,lon_4901137282652304_lat_5240937277393746_radius_1,-300,f
ATM_square_equirectangular_boom/De_Bongerd/lon_4901137282652304_lat_5240937277393746_radius_1_d-300_f/20190705TMX7316010203-001292pano_0000_009109_4.90113891368444_52.4093792084654.jpg,2019,7,5,De_Bongerd,1,lon_4901137282652304_lat_5240937277393746_radius_1_d-300_f,lon_4901137282652304_lat_5240937277393746_radius_1,-300,f
ATM_square_equirectangular_boom/De_Bongerd/lon_4901137282652304_lat_5240937277393746_radius_1_d-300_f/20210624TMX7316010203-002191pano_0000_002522_4.90113552615702_52.4093725166832.jpg,2021,6,24,De_Bongerd,1,lon_4901137282652304_lat_5240937277393746_radius_1_d-300_f,lon_4901137282652304_lat_5240937277393746_radius_1,-300,f
ATM_square_equirectangular_boom/De_Bongerd/lon_4901137282652304_lat_5240937277393746_radius_1_d-300_l/20160614TMX7315120208-000080pano_0000_000028_4.90113740811545_52.4093665966638.jpg,2016,6,14,De_Bongerd,0,lon_4901137282652304_lat_5240937277393746_radius_1_d-300_l,lon_4901137282652304_lat_5240937277393746_radius_1,-300,l
ATM_square_equirectangular_boom/De_Bongerd/lon_4901137282652304_lat_5240937277393746_radius_1_d-300_l/20190705TMX7316010203-001292pano_0000_009109_4.90113891368444_52.4093792084654.jpg,2019,7,5,De_Bongerd,0,lon_4901137282652304_lat_5240937277393746_radius_1_d-300_l,lon_4901137282652304_lat_5240937277393746_radius_1,-300,l
ATM_square_equirectangular_boom/De_Bongerd/lon_4901137282652304_lat_5240937277393746_radius_1_d-300_l/20210624TMX7316010203-002191pano_0000_002522_4.90113552615702_52.4093725166832.jpg,2021,6,24,De_Bongerd,0,lon_4901137282652304_lat_5240937277393746_radius_1_d-300_l,lon_4901137282652304_lat_5240937277393746_radius_1,-300,l
ATM_square_equirectangular_boom/Holysloot/lon_5028927541061252_lat_5241367298200512_radius_1_d-300_f/20160509TMX7315120208-000038pano_0002_000596_5.02894083083447_52.4136731384032.jpg,2016,5,9,Holysloot,0,lon_5028927541061252_lat_5241367298200512_radius_1_d-300_f,lon_5028927541061252_lat_5241367298200512_radius_1,-300,f
ATM_square_equirectangular_boom/Holysloot/lon_5028927541061252_lat_5241367298200512_radius_1_d-300_f/20190701TMX7316010203-001261pano_0000_005519_5.02892554455022_52.4136698260279.jpg,2019,7,1,Holysloot,0,lon_5028927541061252_lat_5241367298200512_radius_1_d-300_f,lon_5028927541061252_lat_5241367298200512_radius_1,-300,f
ATM_square_equirectangular_boom/Holysloot/lon_5028927541061252_lat_5241367298200512_radius_1_d-300_f/20191211TMX7316010203-001509pano_0000_000175_5.02893446946654_52.4136733306263.jpg,2019,12,11,Holysloot,0,lon_5028927541061252_lat_5241367298200512_radius_1_d-300_f,lon_5028927541061252_lat_5241367298200512_radius_1,-300,f
ATM_square_equirectangular_boom/Holysloot/lon_5028927541061252_lat_5241367298200512_radius_1_d-300_f/20200622TMX7316010203-001753pano_0000_013115_5.02892014533179_52.4136742235067.jpg,2020,6,22,Holysloot,0,lon_5028927541061252_lat_5241367298200512_radius_1_d-300_f,lon_5028927541061252_lat_5241367298200512_radius_1,-300,f
ATM_square_equirectangular_boom/Holysloot/lon_5028927541061252_lat_5241367298200512_radius_1_d-300_f/20210225TMX7316010203-002028pano_0008_000034_5.02891671512324_52.4136743914615.jpg,2021,2,25,Holysloot,0,lon_5028927541061252_lat_5241367298200512_radius_1_d-300_f,lon_5028927541061252_lat_5241367298200512_radius_1,-300,f
ATM_square_equirectangular_boom/Holysloot/lon_5028927541061252_lat_5241367298200512_radius_1_d-300_f/20221223TMX7316010203-002888pano_0000_000101_5.028914810829_52.4136753949465.jpg,2022,12,23,Holysloot,1,lon_5028927541061252_lat_5241367298200512_radius_1_d-300_f,lon_5028927541061252_lat_5241367298200512_radius_1,-300,f
ATM_square_equirectangular_boom/Swammerdambuurt/lon_4908625688794789_lat_5235772901191325_radius_1_d300_f/20160517TMX7315120208-000050pano_0001_000721_4.90861727890533_52.3577322222707.jpg,2016,5,17,Swammerdambuurt,0,lon_4908625688794789_lat_5235772901191325_radius_1_d300_f,lon_4908625688794789_lat_5235772901191325_radius_1,300,f
ATM_square_equirectangular_boom/Swammerdambuurt/lon_4908625688794789_lat_5235772901191325_radius_1_d300_f/20160526TMX7315120208-000059pano_0001_000024_4.90862664706767_52.3577278701713.jpg,2016,5,26,Swammerdambuurt,0,lon_4908625688794789_lat_5235772901191325_radius_1_d300_f,lon_4908625688794789_lat_5235772901191325_radius_1,300,f
ATM_square_equirectangular_boom/Swammerdambuurt/lon_4908625688794789_lat_5235772901191325_radius_1_d300_f/20200429TMX7316010203-001681pano_0000_000280_4.90863193869851_52.3577242376717.jpg,2020,4,29,Swammerdambuurt,0,lon_4908625688794789_lat_5235772901191325_radius_1_d300_f,lon_4908625688794789_lat_5235772901191325_radius_1,300,f
ATM_square_equirectangular_boom/Swammerdambuurt/lon_4908625688794789_lat_5235772901191325_radius_1_d300_f/20210512TMX7316010203-002137pano_0000_002116_4.90862689050765_52.3577317175393.jpg,2021,5,12,Swammerdambuurt,0,lon_4908625688794789_lat_5235772901191325_radius_1_d300_f,lon_4908625688794789_lat_5235772901191325_radius_1,300,f
ATM_square_equirectangular_boom/Duivelseiland/lon_4882622707864433_lat_5235386426958632_radius_1_d0_l/20160803TMX7316060226-000012pano_0000_004586_4.88262410605276_52.3538589945344.jpg,2016,8,3,Duivelseiland,0,lon_4882622707864433_lat_5235386426958632_radius_1_d0_l,lon_4882622707864433_lat_5235386426958632_radius_1,0,l
ATM_square_equirectangular_boom/Duivelseiland/lon_4882622707864433_lat_5235386426958632_radius_1_d0_l/20180611TMX7316010203-000784pano_0000_001464_4.88261259938656_52.3538682250982.jpg,2018,6,11,Duivelseiland,0,lon_4882622707864433_lat_5235386426958632_radius_1_d0_l,lon_4882622707864433_lat_5235386426958632_radius_1,0,l
ATM_square_equirectangular_boom/Duivelseiland/lon_4882622707864433_lat_5235386426958632_radius_1_d0_l/20200513TMX7316010203-001705pano_0000_003769_4.88263071356937_52.3538604365756.jpg,2020,5,13,Duivelseiland,0,lon_4882622707864433_lat_5235386426958632_radius_1_d0_l,lon_4882622707864433_lat_5235386426958632_radius_1,0,l
ATM_square_equirectangular_boom/Duivelseiland/lon_4882622707864433_lat_5235386426958632_radius_1_d0_l/20210426TMX7316010203-002117pano_0000_003075_4.88263159835347_52.3538621365405.jpg,2021,4,26,Duivelseiland,1,lon_4882622707864433_lat_5235386426958632_radius_1_d0_l,lon_4882622707864433_lat_5235386426958632_radius_1,0,l
ATM_square_equirectangular_boom/Duivelseiland/lon_4882622707864433_lat_5235386426958632_radius_1_d0_l/20220111TMX7316010203-002411pano_0012_000130_4.88262096477742_52.3538621317618.jpg,2022,1,11,Duivelseiland,0,lon_4882622707864433_lat_5235386426958632_radius_1_d0_l,lon_4882622707864433_lat_5235386426958632_radius_1,0,l
ATM_square_equirectangular_boom/Sportpark_Middenmeer_Zuid/lon_4943090066915831_lat_5234932642580772_radius_1_d0_b/20170404TMX7316010203-000242pano_0000_002142_4.94308441769504_52.3493222832827.jpg,2017,4,4,Sportpark_Middenmeer_Zuid,0,lon_4943090066915831_lat_5234932642580772_radius_1_d0_b,lon_4943090066915831_lat_5234932642580772_radius_1,0,b
ATM_square_equirectangular_boom/Sportpark_Middenmeer_Zuid/lon_4943090066915831_lat_5234932642580772_radius_1_d0_b/20180525TMX7316010203-000752pano_0000_006634_4.9430849494594_52.3493242343987.jpg,2018,5,25,Sportpark_Middenmeer_Zuid,0,lon_4943090066915831_lat_5234932642580772_radius_1_d0_b,lon_4943090066915831_lat_5234932642580772_radius_1,0,b
ATM_square_equirectangular_boom/Sportpark_Middenmeer_Zuid/lon_4943090066915831_lat_5234932642580772_radius_1_d0_b/20190522TMX7316010203-001203pano_0000_000627_4.94309859898479_52.349329227089.jpg,2019,5,22,Sportpark_Middenmeer_Zuid,0,lon_4943090066915831_lat_5234932642580772_radius_1_d0_b,lon_4943090066915831_lat_5234932642580772_radius_1,0,b
ATM_square_equirectangular_boom/Sportpark_Middenmeer_Zuid/lon_4943090066915831_lat_5234932642580772_radius_1_d0_b/20200430TMX7316010203-001685pano_0000_004018_4.94309471721528_52.3493280094153.jpg,2020,4,30,Sportpark_Middenmeer_Zuid,0,lon_4943090066915831_lat_5234932642580772_radius_1_d0_b,lon_4943090066915831_lat_5234932642580772_radius_1,0,b
ATM_square_equirectangular_boom/Sportpark_Middenmeer_Zuid/lon_4943090066915831_lat_5234932642580772_radius_1_d0_b/20210531TMX7316010203-002143pano_0000_006870_4.94308765122464_52.3493283748529.jpg,2021,5,31,Sportpark_Middenmeer_Zuid,1,lon_4943090066915831_lat_5234932642580772_radius_1_d0_b,lon_4943090066915831_lat_5234932642580772_radius_1,0,b
ATM_square_equirectangular_boom/Sportpark_Middenmeer_Zuid/lon_4943090066915831_lat_5234932642580772_radius_1_d0_b/20220517TMX7316010203-002582pano_0012_002987_4.94309093987476_52.3493251566913.jpg,2022,5,17,Sportpark_Middenmeer_Zuid,0,lon_4943090066915831_lat_5234932642580772_radius_1_d0_b,lon_4943090066915831_lat_5234932642580772_radius_1,0,b
ATM_square_equirectangular_boom/Mercatorpark/lon_484502506362697_lat_5237019781427603_radius_1_d-100_b/20190426TMX7316010203-001141pano_0001_000152_4.84502351893217_52.3701990962296.jpg,2019,4,26,Mercatorpark,0,lon_484502506362697_lat_5237019781427603_radius_1_d-100_b,lon_484502506362697_lat_5237019781427603_radius_1,-100,b
ATM_square_equirectangular_boom/Mercatorpark/lon_484502506362697_lat_5237019781427603_radius_1_d-100_b/20191209TMX7316010203-001502pano_0001_002806_4.84502715737668_52.3701922424185.jpg,2019,12,9,Mercatorpark,1,lon_484502506362697_lat_5237019781427603_radius_1_d-100_b,lon_484502506362697_lat_5237019781427603_radius_1,-100,b
ATM_square_equirectangular_boom/Mercatorpark/lon_484502506362697_lat_5237019781427603_radius_1_d-100_b/20200827TMX7316010203-001893pano_0001_001117_4.84502451457206_52.37020210418.jpg,2020,8,27,Mercatorpark,0,lon_484502506362697_lat_5237019781427603_radius_1_d-100_b,lon_484502506362697_lat_5237019781427603_radius_1,-100,b
ATM_square_equirectangular_boom/Mercatorpark/lon_484502506362697_lat_5237019781427603_radius_1_d-100_b/20220503TMX7316010203-002556pano_0000_001482_4.8450225076319_52.3702052567801.jpg,2022,5,3,Mercatorpark,0,lon_484502506362697_lat_5237019781427603_radius_1_d-100_b,lon_484502506362697_lat_5237019781427603_radius_1,-100,b
ATM_square_equirectangular_boom/Mercatorpark/lon_4845042872420015_lat_52369824290761244_radius_1_d200_r/20190426TMX7316010203-001141pano_0001_000160_4.84504558507127_52.3698204569303.jpg,2019,4,26,Mercatorpark,0,lon_4845042872420015_lat_52369824290761244_radius_1_d200_r,lon_4845042872420015_lat_52369824290761244_radius_1,200,r
ATM_square_equirectangular_boom/Mercatorpark/lon_4845042872420015_lat_52369824290761244_radius_1_d200_r/20191209TMX7316010203-001502pano_0001_002814_4.84504026080561_52.369819925123.jpg,2019,12,9,Mercatorpark,1,lon_4845042872420015_lat_52369824290761244_radius_1_d200_r,lon_4845042872420015_lat_52369824290761244_radius_1,200,r
ATM_square_equirectangular_boom/Mercatorpark/lon_4845042872420015_lat_52369824290761244_radius_1_d200_r/20200506TMX7316010203-001688pano_0000_004520_4.84504415417882_52.369818765191.jpg,2020,5,6,Mercatorpark,0,lon_4845042872420015_lat_52369824290761244_radius_1_d200_r,lon_4845042872420015_lat_52369824290761244_radius_1,200,r
ATM_square_equirectangular_boom/Mercatorpark/lon_4845042872420015_lat_52369824290761244_radius_1_d200_r/20210409TMX7316010203-002083pano_0000_000253_4.84504464870569_52.3698275674108.jpg,2021,4,9,Mercatorpark,0,lon_4845042872420015_lat_52369824290761244_radius_1_d200_r,lon_4845042872420015_lat_52369824290761244_radius_1,200,r
ATM_square_equirectangular_boom/Venserpolder_Oost/lon_4945470360795014_lat_5232450530566464_radius_1_d0_f/20170621TMX7316010203-000351pano_0000_001377_4.94547236486793_52.3245033851363.jpg,2017,6,21,Venserpolder_Oost,0,lon_4945470360795014_lat_5232450530566464_radius_1_d0_f,lon_4945470360795014_lat_5232450530566464_radius_1,0,f
ATM_square_equirectangular_boom/Venserpolder_Oost/lon_4945470360795014_lat_5232450530566464_radius_1_d0_f/20200630TMX7316010203-001780pano_0000_000650_4.94547449028623_52.3245055028317.jpg,2020,6,30,Venserpolder_Oost,0,lon_4945470360795014_lat_5232450530566464_radius_1_d0_f,lon_4945470360795014_lat_5232450530566464_radius_1,0,f
ATM_square_equirectangular_boom/Venserpolder_Oost/lon_4945470360795014_lat_5232450530566464_radius_1_d0_f/20210604TMX7316010203-002157pano_0000_001580_4.94546422723088_52.3245070290259.jpg,2021,6,4,Venserpolder_Oost,0,lon_4945470360795014_lat_5232450530566464_radius_1_d0_f,lon_4945470360795014_lat_5232450530566464_radius_1,0,f
ATM_square_equirectangular_boom/Museumplein/lon_488051478488154_lat_5235860404885379_radius_1_d0_f/20180607TMX7316010203-000781pano_0000_005274_4.88052258435684_52.3586083246715.jpg,2018,6,7,Museumplein,0,lon_488051478488154_lat_5235860404885379_radius_1_d0_f,lon_488051478488154_lat_5235860404885379_radius_1,0,f
ATM_square_equirectangular_boom/Museumplein/lon_488051478488154_lat_5235860404885379_radius_1_d0_f/20190502TMX7316010203-001156pano_0000_001081_4.88050764305039_52.3586017408918.jpg,2019,5,2,Museumplein,0,lon_488051478488154_lat_5235860404885379_radius_1_d0_f,lon_488051478488154_lat_5235860404885379_radius_1,0,f
ATM_square_equirectangular_boom/Museumplein/lon_488051478488154_lat_5235860404885379_radius_1_d0_f/20210426TMX7316010203-002117pano_0000_001960_4.88051074173929_52.3586041563525.jpg,2021,4,26,Museumplein,1,lon_488051478488154_lat_5235860404885379_radius_1_d0_f,lon_488051478488154_lat_5235860404885379_radius_1,0,f
ATM_square_equirectangular_boom/Museumplein/lon_488051478488154_lat_5235860404885379_radius_1_d0_f/20220321TMX7316010203-002455pano_0001_000252_4.88052596067647_52.3585996571821.jpg,2022,3,21,Museumplein,0,lon_488051478488154_lat_5235860404885379_radius_1_d0_f,lon_488051478488154_lat_5235860404885379_radius_1,0,f
ATM_square_equirectangular_boom/Gein_Zuidwest/lon_4984209386828915_lat_522943980451058_radius_1_d-200_l/20170612TMX7316010203-000333pano_0000_003748_4.98419784019704_52.2943991518517.jpg,2017,6,12,Gein_Zuidwest,0,lon_4984209386828915_lat_522943980451058_radius_1_d-200_l,lon_4984209386828915_lat_522943980451058_radius_1,-200,l
ATM_square_equirectangular_boom/Gein_Zuidwest/lon_4984209386828915_lat_522943980451058_radius_1_d-200_l/20190611TMX7316010203-001213pano_0000_003568_4.984217537265_52.2943938362201.jpg,2019,6,11,Gein_Zuidwest,0,lon_4984209386828915_lat_522943980451058_radius_1_d-200_l,lon_4984209386828915_lat_522943980451058_radius_1,-200,l
ATM_square_equirectangular_boom/Gein_Zuidwest/lon_4984209386828915_lat_522943980451058_radius_1_d-200_l/20200701TMX7316010203-001783pano_0001_006038_4.98421681104984_52.2944003221187.jpg,2020,7,1,Gein_Zuidwest,0,lon_4984209386828915_lat_522943980451058_radius_1_d-200_l,lon_4984209386828915_lat_522943980451058_radius_1,-200,l
ATM_square_equirectangular_boom/Gein_Zuidwest/lon_4984209386828915_lat_522943980451058_radius_1_d-200_l/20210609TMX7316010203-002163pano_0000_009146_4.9842080517104_52.2943970430392.jpg,2021,6,9,Gein_Zuidwest,1,lon_4984209386828915_lat_522943980451058_radius_1_d-200_l,lon_4984209386828915_lat_522943980451058_radius_1,-200,l
ATM_square_equirectangular_boom/Gouden_Bocht/lon_4890513071418063_lat_52365706169208195_radius_1_d0_l/20160815TMX7316060226-000019pano_0000_003992_4.89050473778824_52.3657042508439.jpg,2016,8,15,Gouden_Bocht,0,lon_4890513071418063_lat_52365706169208195_radius_1_d0_l,lon_4890513071418063_lat_52365706169208195_radius_1,0,l
ATM_square_equirectangular_boom/Gouden_Bocht/lon_4890513071418063_lat_52365706169208195_radius_1_d0_l/20160816TMX7316060226-000022pano_0002_000026_4.89051390844386_52.3657006845545.jpg,2016,8,16,Gouden_Bocht,0,lon_4890513071418063_lat_52365706169208195_radius_1_d0_l,lon_4890513071418063_lat_52365706169208195_radius_1,0,l
ATM_square_equirectangular_boom/Gouden_Bocht/lon_4890513071418063_lat_52365706169208195_radius_1_d0_l/20190114TMX7316010203-001053pano_0000_002824_4.89051743338882_52.3657112637382.jpg,2019,1,14,Gouden_Bocht,0,lon_4890513071418063_lat_52365706169208195_radius_1_d0_l,lon_4890513071418063_lat_52365706169208195_radius_1,0,l
ATM_square_equirectangular_boom/Gouden_Bocht/lon_4890513071418063_lat_52365706169208195_radius_1_d0_l/20210909TMX7316010203-002306pano_0001_001757_4.89051620605133_52.3657084776962.jpg,2021,9,9,Gouden_Bocht,1,lon_4890513071418063_lat_52365706169208195_radius_1_d0_l,lon_4890513071418063_lat_52365706169208195_radius_1,0,l
ATM_square_equirectangular_boom/Gouden_Bocht/lon_4890513071418063_lat_52365706169208195_radius_1_d0_l/20230306TMX7316010203-002988pano_0022_000039_4.89052006331352_52.3656994648828.jpg,2023,3,6,Gouden_Bocht,0,lon_4890513071418063_lat_52365706169208195_radius_1_d0_l,lon_4890513071418063_lat_52365706169208195_radius_1,0,l
ATM_square_equirectangular_boom/Gouden_Bocht/lon_489192840783972_lat_5236546510454487_radius_1_d0_l/20191111TMX7316060226-000478pano_0002_001641_4.89192059855024_52.3654607895066.jpg,2019,11,11,Gouden_Bocht,0,lon_489192840783972_lat_5236546510454487_radius_1_d0_l,lon_489192840783972_lat_5236546510454487_radius_1,0,l
ATM_square_equirectangular_boom/Gouden_Bocht/lon_489192840783972_lat_5236546510454487_radius_1_d0_l/20191308TMX7316010203-001543pano_0000_003475_4.89192659456691_52.3654648328236.jpg,2020,1,8,Gouden_Bocht,1,lon_489192840783972_lat_5236546510454487_radius_1_d0_l,lon_489192840783972_lat_5236546510454487_radius_1,0,l
ATM_square_equirectangular_boom/Gouden_Bocht/lon_489192840783972_lat_5236546510454487_radius_1_d0_l/20210909TMX7316010203-002306pano_0001_001735_4.89193251936248_52.36546832574.jpg,2021,9,9,Gouden_Bocht,0,lon_489192840783972_lat_5236546510454487_radius_1_d0_l,lon_489192840783972_lat_5236546510454487_radius_1,0,l
ATM_square_equirectangular_boom/Gouden_Bocht/lon_489192840783972_lat_5236546510454487_radius_1_d0_l/20230220TMX7316010203-002976pano_0004_000006_4.89192183463932_52.3654588329832.jpg,2023,2,20,Gouden_Bocht,0,lon_489192840783972_lat_5236546510454487_radius_1_d0_l,lon_489192840783972_lat_5236546510454487_radius_1,0,l
ATM_square_equirectangular_boom/Minervabuurt_Zuid/lon_487303024327265_lat_52346686280110724_radius_1_d0_b/20190509TMX7316010203-001173pano_0002_001170_4.87304301526506_52.3466853634224.jpg,2019,5,9,Minervabuurt_Zuid,0,lon_487303024327265_lat_52346686280110724_radius_1_d0_b,lon_487303024327265_lat_52346686280110724_radius_1,0,b
ATM_square_equirectangular_boom/Minervabuurt_Zuid/lon_487303024327265_lat_52346686280110724_radius_1_d0_b/20191209TMX7316010203-001499pano_0000_000663_4.87303306834853_52.3466877282708.jpg,2019,12,9,Minervabuurt_Zuid,0,lon_487303024327265_lat_52346686280110724_radius_1_d0_b,lon_487303024327265_lat_52346686280110724_radius_1,0,b
ATM_square_equirectangular_boom/Minervabuurt_Zuid/lon_487303024327265_lat_52346686280110724_radius_1_d0_b/20210420TMX7316010203-002107pano_0008_000639_4.87302309854889_52.3466899469396.jpg,2021,4,20,Minervabuurt_Zuid,1,lon_487303024327265_lat_52346686280110724_radius_1_d0_b,lon_487303024327265_lat_52346686280110724_radius_1,0,b
ATM_square_equirectangular_boom/Minervabuurt_Zuid/lon_487303024327265_lat_52346686280110724_radius_1_d0_b/20210428TMX7316010203-002120pano_0000_002596_4.87302179092812_52.3466820818101.jpg,2021,4,28,Minervabuurt_Zuid,0,lon_487303024327265_lat_52346686280110724_radius_1_d0_b,lon_487303024327265_lat_52346686280110724_radius_1,0,b
ATM_square_equirectangular_boom/John_Franklinbuurt/lon_4855163326640385_lat_52374337290908976_radius_1_d0_f/20160622TMX7315080123-000312pano_0000_002183_4.85516296927789_52.374339662749.jpg,2016,6,22,John_Franklinbuurt,0,lon_4855163326640385_lat_52374337290908976_radius_1_d0_f,lon_4855163326640385_lat_52374337290908976_radius_1,0,f
ATM_square_equirectangular_boom/John_Franklinbuurt/lon_4855163326640385_lat_52374337290908976_radius_1_d0_f/20190418TMX7316010203-001135pano_0000_002539_4.85517336765698_52.3743404371868.jpg,2019,4,18,John_Franklinbuurt,0,lon_4855163326640385_lat_52374337290908976_radius_1_d0_f,lon_4855163326640385_lat_52374337290908976_radius_1,0,f
ATM_square_equirectangular_boom/John_Franklinbuurt/lon_4855163326640385_lat_52374337290908976_radius_1_d0_f/20200817TMX7316010203-001878pano_0005_001925_4.85516006791922_52.374337089522.jpg,2020,8,17,John_Franklinbuurt,0,lon_4855163326640385_lat_52374337290908976_radius_1_d0_f,lon_4855163326640385_lat_52374337290908976_radius_1,0,f
ATM_square_equirectangular_boom/John_Franklinbuurt/lon_4855163326640385_lat_52374337290908976_radius_1_d0_f/20200827TMX7316010203-001893pano_0001_000929_4.85516072419415_52.3743317676135.jpg,2020,8,27,John_Franklinbuurt,0,lon_4855163326640385_lat_52374337290908976_radius_1_d0_f,lon_4855163326640385_lat_52374337290908976_radius_1,0,f
ATM_square_equirectangular_boom/John_Franklinbuurt/lon_4855163326640385_lat_52374337290908976_radius_1_d0_f/20220103TMX7316010203-002378pano_0003_000004_4.85515950415369_52.3743374974736.jpg,2022,1,3,John_Franklinbuurt,1,lon_4855163326640385_lat_52374337290908976_radius_1_d0_f,lon_4855163326640385_lat_52374337290908976_radius_1,0,f
ATM_square_equirectangular_boom/John_Franklinbuurt/lon_4855163326640385_lat_52374337290908976_radius_1_d0_f/20220429TMX7316010203-002552pano_0002_001149_4.8551713364108_52.374330799949.jpg,2022,4,29,John_Franklinbuurt,0,lon_4855163326640385_lat_52374337290908976_radius_1_d0_f,lon_4855163326640385_lat_52374337290908976_radius_1,0,f
ATM_square_equirectangular_boom/Meer_en_Oever/lon_4806046702890835_lat_5236221268677392_radius_1_d0_f/20160808TMX7316010203-000051pano_0000_001887_4.80604137060415_52.3622120601595.jpg,2016,8,8,Meer_en_Oever,0,lon_4806046702890835_lat_5236221268677392_radius_1_d0_f,lon_4806046702890835_lat_5236221268677392_radius_1,0,f
ATM_square_equirectangular_boom/Meer_en_Oever/lon_4806046702890835_lat_5236221268677392_radius_1_d0_f/20170503TMX7316010203-000284pano_0000_003583_4.80604554603069_52.3622114309635.jpg,2017,5,3,Meer_en_Oever,0,lon_4806046702890835_lat_5236221268677392_radius_1_d0_f,lon_4806046702890835_lat_5236221268677392_radius_1,0,f
ATM_square_equirectangular_boom/Meer_en_Oever/lon_4806046702890835_lat_5236221268677392_radius_1_d0_f/20180703TMX7316010203-000822pano_0000_000055_4.80605287571383_52.3622149754379.jpg,2018,7,3,Meer_en_Oever,1,lon_4806046702890835_lat_5236221268677392_radius_1_d0_f,lon_4806046702890835_lat_5236221268677392_radius_1,0,f
ATM_square_equirectangular_boom/Meer_en_Oever/lon_4806046702890835_lat_5236221268677392_radius_1_d0_f/20200821TMX7316010203-001885pano_0000_002290_4.80604163568697_52.3622197727307.jpg,2020,8,21,Meer_en_Oever,0,lon_4806046702890835_lat_5236221268677392_radius_1_d0_f,lon_4806046702890835_lat_5236221268677392_radius_1,0,f
ATM_square_equirectangular_boom/Meer_en_Oever/lon_4806046702890835_lat_5236221268677392_radius_1_d0_f/20200824TMX7316010203-001890pano_0000_004006_4.80605208641853_52.362205194578.jpg,2020,8,24,Meer_en_Oever,0,lon_4806046702890835_lat_5236221268677392_radius_1_d0_f,lon_4806046702890835_lat_5236221268677392_radius_1,0,f
ATM_square_equirectangular_boom/Valeriusbuurt_West/lon_486215869822525_lat_52351104982451695_radius_1_d700_r/20180606TMX7316010203-000778pano_0000_003298_4.86215317744157_52.3511043839898.jpg,2018,6,6,Valeriusbuurt_West,0,lon_486215869822525_lat_52351104982451695_radius_1_d700_r,lon_486215869822525_lat_52351104982451695_radius_1,700,r
ATM_square_equirectangular_boom/Valeriusbuurt_West/lon_486215869822525_lat_52351104982451695_radius_1_d700_r/20190503TMX7316010203-001160pano_0000_000984_4.8621659495303_52.3511064209453.jpg,2019,5,3,Valeriusbuurt_West,0,lon_486215869822525_lat_52351104982451695_radius_1_d700_r,lon_486215869822525_lat_52351104982451695_radius_1,700,r
ATM_square_equirectangular_boom/Valeriusbuurt_West/lon_486215869822525_lat_52351104982451695_radius_1_d700_r/20220111TMX7316010203-002412pano_0016_000024_4.86215696770388_52.35110414242.jpg,2022,1,11,Valeriusbuurt_West,1,lon_486215869822525_lat_52351104982451695_radius_1_d700_r,lon_486215869822525_lat_52351104982451695_radius_1,700,r
ATM_square_equirectangular_boom/Valeriusbuurt_West/lon_4864267371706734_lat_52351586274182125_radius_1_d0_l/20170413TMX7316010203-000259pano_0008_000381_4.86427261695384_52.3515856681385.jpg,2017,4,13,Valeriusbuurt_West,0,lon_4864267371706734_lat_52351586274182125_radius_1_d0_l,lon_4864267371706734_lat_52351586274182125_radius_1,0,l
ATM_square_equirectangular_boom/Valeriusbuurt_West/lon_4864267371706734_lat_52351586274182125_radius_1_d0_l/20180607TMX7316010203-000780pano_0000_001047_4.8642638366695_52.351586471479.jpg,2018,6,7,Valeriusbuurt_West,1,lon_4864267371706734_lat_52351586274182125_radius_1_d0_l,lon_4864267371706734_lat_52351586274182125_radius_1,0,l
ATM_square_equirectangular_boom/Valeriusbuurt_West/lon_4864267371706734_lat_52351586274182125_radius_1_d0_l/20210426TMX7316010203-002118pano_0000_004571_4.86426566149686_52.3515866829289.jpg,2021,4,26,Valeriusbuurt_West,0,lon_4864267371706734_lat_52351586274182125_radius_1_d0_l,lon_4864267371706734_lat_52351586274182125_radius_1,0,l
ATM_square_equirectangular_boom/Jan_Maijenbuurt/lon_4852327669782415_lat_5237160686322985_radius_1_d70_b/20160622TMX7315080123-000310pano_0000_001837_4.85231872941554_52.3716043247333.jpg,2016,6,22,Jan_Maijenbuurt,0,lon_4852327669782415_lat_5237160686322985_radius_1_d70_b,lon_4852327669782415_lat_5237160686322985_radius_1,70,b
ATM_square_equirectangular_boom/Jan_Maijenbuurt/lon_4852327669782415_lat_5237160686322985_radius_1_d70_b/20190430TMX7316010203-001149pano_0000_003405_4.85232729563185_52.3716090505749.jpg,2019,4,30,Jan_Maijenbuurt,0,lon_4852327669782415_lat_5237160686322985_radius_1_d70_b,lon_4852327669782415_lat_5237160686322985_radius_1,70,b
ATM_square_equirectangular_boom/Jan_Maijenbuurt/lon_4852327669782415_lat_5237160686322985_radius_1_d70_b/20200511TMX7316010203-001701pano_0000_007869_4.85232905533283_52.371600504777.jpg,2020,5,11,Jan_Maijenbuurt,0,lon_4852327669782415_lat_5237160686322985_radius_1_d70_b,lon_4852327669782415_lat_5237160686322985_radius_1,70,b
ATM_square_equirectangular_boom/Jan_Maijenbuurt/lon_4852327669782415_lat_5237160686322985_radius_1_d70_b/20210326TMX7316010203-002064pano_0000_001751_4.85233559874944_52.3716135728342.jpg,2021,3,26,Jan_Maijenbuurt,0,lon_4852327669782415_lat_5237160686322985_radius_1_d70_b,lon_4852327669782415_lat_5237160686322985_radius_1,70,b
ATM_square_equirectangular_boom/Jan_Maijenbuurt/lon_4852327669782415_lat_5237160686322985_radius_1_d70_b/20220502TMX7316010203-002554pano_0000_002645_4.85233504880309_52.3716098700363.jpg,2022,5,2,Jan_Maijenbuurt,1,lon_4852327669782415_lat_5237160686322985_radius_1_d70_b,lon_4852327669782415_lat_5237160686322985_radius_1,70,b
ATM_square_equirectangular_boom/Sporenburg/lon_4945849168967511_lat_52373537388655485_radius_1_d0_f/20160517TMX7315120208-000052pano_0000_001751_4.94585577796587_52.3735369794508.jpg,2016,5,17,Sporenburg,0,lon_4945849168967511_lat_52373537388655485_radius_1_d0_f,lon_4945849168967511_lat_52373537388655485_radius_1,0,f
ATM_square_equirectangular_boom/Sporenburg/lon_4945849168967511_lat_52373537388655485_radius_1_d0_f/20160517TMX7315120208-000052pano_0000_001752_4.94585357567353_52.3735320953106.jpg,2016,5,17,Sporenburg,0,lon_4945849168967511_lat_52373537388655485_radius_1_d0_f,lon_4945849168967511_lat_52373537388655485_radius_1,0,f
ATM_square_equirectangular_boom/Sporenburg/lon_4945849168967511_lat_52373537388655485_radius_1_d0_f/20170405TMX7316010203-000245pano_0000_002972_4.9458382104979_52.3735408366269.jpg,2017,4,5,Sporenburg,1,lon_4945849168967511_lat_52373537388655485_radius_1_d0_f,lon_4945849168967511_lat_52373537388655485_radius_1,0,f
ATM_square_equirectangular_boom/Sporenburg/lon_4945849168967511_lat_52373537388655485_radius_1_d0_f/20200422TMX7316010203-001667pano_0000_003795_4.9458405684724_52.3735333299568.jpg,2020,4,22,Sporenburg,0,lon_4945849168967511_lat_52373537388655485_radius_1_d0_f,lon_4945849168967511_lat_52373537388655485_radius_1,0,f
ATM_square_equirectangular_boom/Sporenburg/lon_4945849168967511_lat_52373537388655485_radius_1_d0_f/20200907TMX7316010203-001908pano_0000_001618_4.94585771222786_52.3735437019323.jpg,2020,9,7,Sporenburg,0,lon_4945849168967511_lat_52373537388655485_radius_1_d0_f,lon_4945849168967511_lat_52373537388655485_radius_1,0,f
ATM_square_equirectangular_boom/Betondorp/lon_4942815030326643_lat_5233936549730935_radius_1_d200_r/20160419TMX7315120208-000032pano_0000_000218_4.94280426888959_52.3393613784344.jpg,2016,4,19,Betondorp,0,lon_4942815030326643_lat_5233936549730935_radius_1_d200_r,lon_4942815030326643_lat_5233936549730935_radius_1,200,r
ATM_square_equirectangular_boom/Betondorp/lon_4942815030326643_lat_5233936549730935_radius_1_d200_r/20200701TMX7316010203-001782pano_0001_000386_4.94281420081754_52.3393633193465.jpg,2020,7,1,Betondorp,1,lon_4942815030326643_lat_5233936549730935_radius_1_d200_r,lon_4942815030326643_lat_5233936549730935_radius_1,200,r
ATM_square_equirectangular_boom/Betondorp/lon_4942815030326643_lat_5233936549730935_radius_1_d200_r/20200904TMX7316010203-001907pano_0000_000335_4.94281901911419_52.3393647201831.jpg,2020,9,4,Betondorp,0,lon_4942815030326643_lat_5233936549730935_radius_1_d200_r,lon_4942815030326643_lat_5233936549730935_radius_1,200,r
ATM_square_equirectangular_boom/Betondorp/lon_4942815030326643_lat_5233936549730935_radius_1_d200_r/20210602TMX7316010203-002152pano_0000_002405_4.94282263248525_52.3393725712734.jpg,2021,6,2,Betondorp,1,lon_4942815030326643_lat_5233936549730935_radius_1_d200_r,lon_4942815030326643_lat_5233936549730935_radius_1,200,r
ATM_square_equirectangular_boom/Betondorp/lon_49430505692826_lat_5233828297825687_radius_1_d-200_r/20180528TMX7316010203-000755pano_0000_003117_4.94304466744699_52.3382847160083.jpg,2018,5,28,Betondorp,0,lon_49430505692826_lat_5233828297825687_radius_1_d-200_r,lon_49430505692826_lat_5233828297825687_radius_1,-200,r
ATM_square_equirectangular_boom/Betondorp/lon_49430505692826_lat_5233828297825687_radius_1_d-200_r/20190522TMX7316010203-001197pano_0000_004688_4.94305760674671_52.3382862899112.jpg,2019,5,22,Betondorp,0,lon_49430505692826_lat_5233828297825687_radius_1_d-200_r,lon_49430505692826_lat_5233828297825687_radius_1,-200,r
ATM_square_equirectangular_boom/Betondorp/lon_49430505692826_lat_5233828297825687_radius_1_d-200_r/20200507TMX7316010203-001692pano_0000_003012_4.9430494336541_52.3382779288511.jpg,2020,5,7,Betondorp,1,lon_49430505692826_lat_5233828297825687_radius_1_d-200_r,lon_49430505692826_lat_5233828297825687_radius_1,-200,r
ATM_square_equirectangular_boom/Betondorp/lon_49430505692826_lat_5233828297825687_radius_1_d-200_r/20220517TMX7316010203-002583pano_0002_001970_4.94304041156259_52.3382772575953.jpg,2022,5,17,Betondorp,0,lon_49430505692826_lat_5233828297825687_radius_1_d-200_r,lon_49430505692826_lat_5233828297825687_radius_1,-200,r
ATM_square_equirectangular_boom/Spaarndammerbuurt_Noordwest/lon_48719544042499505_lat_523922498523822_radius_1_d0_l/20160615TMX7315080123-000291pano_0000_001144_4.87195069048118_52.3922526527241.jpg,2016,6,15,Spaarndammerbuurt_Noordwest,0,lon_48719544042499505_lat_523922498523822_radius_1_d0_l,lon_48719544042499505_lat_523922498523822_radius_1,0,l
ATM_square_equirectangular_boom/Spaarndammerbuurt_Noordwest/lon_48719544042499505_lat_523922498523822_radius_1_d0_l/20170424TMX7316010203-000277pano_0001_000892_4.87195555891131_52.3922479896391.jpg,2017,4,24,Spaarndammerbuurt_Noordwest,0,lon_48719544042499505_lat_523922498523822_radius_1_d0_l,lon_48719544042499505_lat_523922498523822_radius_1,0,l
ATM_square_equirectangular_boom/Spaarndammerbuurt_Noordwest/lon_48719544042499505_lat_523922498523822_radius_1_d0_l/20180621TMX7316010203-000801pano_0000_000348_4.8719563546791_52.3922489873005.jpg,2018,6,21,Spaarndammerbuurt_Noordwest,0,lon_48719544042499505_lat_523922498523822_radius_1_d0_l,lon_48719544042499505_lat_523922498523822_radius_1,0,l
ATM_square_equirectangular_boom/Spaarndammerbuurt_Noordwest/lon_48719544042499505_lat_523922498523822_radius_1_d0_l/20190415TMX7316010203-001128pano_0002_002321_4.87195435533079_52.3922454836012.jpg,2019,4,15,Spaarndammerbuurt_Noordwest,0,lon_48719544042499505_lat_523922498523822_radius_1_d0_l,lon_48719544042499505_lat_523922498523822_radius_1,0,l
ATM_square_equirectangular_boom/Spaarndammerbuurt_Noordwest/lon_48719544042499505_lat_523922498523822_radius_1_d0_l/20200814TMX7316010203-001875pano_0002_000084_4.87195783642436_52.3922457412843.jpg,2020,8,14,Spaarndammerbuurt_Noordwest,1,lon_48719544042499505_lat_523922498523822_radius_1_d0_l,lon_48719544042499505_lat_523922498523822_radius_1,0,l
ATM_square_equirectangular_boom/Spaarndammerbuurt_Noordwest/lon_48719544042499505_lat_523922498523822_radius_1_d0_l/20210319TMX7316010203-002052pano_0000_001932_4.87195162967296_52.392258259744.jpg,2021,3,19,Spaarndammerbuurt_Noordwest,1,lon_48719544042499505_lat_523922498523822_radius_1_d0_l,lon_48719544042499505_lat_523922498523822_radius_1,0,l
ATM_square_equirectangular_boom/Harmoniehofbuurt/lon_4880379317936653_lat_5235191770188943_radius_1_d0_l/20180606TMX7316010203-000777pano_0000_001678_4.88038532989661_52.3519239778841.jpg,2018,6,6,Harmoniehofbuurt,0,lon_4880379317936653_lat_5235191770188943_radius_1_d0_l,lon_4880379317936653_lat_5235191770188943_radius_1,0,l
ATM_square_equirectangular_boom/Harmoniehofbuurt/lon_4880379317936653_lat_5235191770188943_radius_1_d0_l/20191206TMX7316010203-001497pano_0003_000170_4.88037738731261_52.3519162252777.jpg,2019,12,6,Harmoniehofbuurt,1,lon_4880379317936653_lat_5235191770188943_radius_1_d0_l,lon_4880379317936653_lat_5235191770188943_radius_1,0,l
ATM_square_equirectangular_boom/Harmoniehofbuurt/lon_4880379317936653_lat_5235191770188943_radius_1_d0_l/20200513TMX7316010203-001707pano_0000_001492_4.8803788491672_52.351923011492.jpg,2020,5,13,Harmoniehofbuurt,0,lon_4880379317936653_lat_5235191770188943_radius_1_d0_l,lon_4880379317936653_lat_5235191770188943_radius_1,0,l
ATM_square_equirectangular_boom/Kalverdriehoek/lon_4891288884455651_lat_5236713605053504_radius_1_d0_l/20160815TMX7316060226-000019pano_0000_004282_4.89130174036041_52.3671389118297.jpg,2016,8,15,Kalverdriehoek,0,lon_4891288884455651_lat_5236713605053504_radius_1_d0_l,lon_4891288884455651_lat_5236713605053504_radius_1,0,l
ATM_square_equirectangular_boom/Kalverdriehoek/lon_4891288884455651_lat_5236713605053504_radius_1_d0_l/20181121TMX7316010203-000998pano_0004_000355_4.89127934303022_52.3671391940768.jpg,2018,11,21,Kalverdriehoek,1,lon_4891288884455651_lat_5236713605053504_radius_1_d0_l,lon_4891288884455651_lat_5236713605053504_radius_1,0,l
ATM_square_equirectangular_boom/Kalverdriehoek/lon_4891288884455651_lat_5236713605053504_radius_1_d0_l/20190114TMX7316010203-001053pano_0000_003512_4.89129916950119_52.3671394723587.jpg,2019,1,14,Kalverdriehoek,0,lon_4891288884455651_lat_5236713605053504_radius_1_d0_l,lon_4891288884455651_lat_5236713605053504_radius_1,0,l
ATM_square_equirectangular_boom/Kalverdriehoek/lon_4891288884455651_lat_5236713605053504_radius_1_d0_l/20191308TMX7316010203-001543pano_0000_003164_4.89130117411257_52.3671371215566.jpg,2020,1,8,Kalverdriehoek,0,lon_4891288884455651_lat_5236713605053504_radius_1_d0_l,lon_4891288884455651_lat_5236713605053504_radius_1,0,l
ATM_square_equirectangular_boom/Kalverdriehoek/lon_4891288884455651_lat_5236713605053504_radius_1_d0_l/20210308TMX7316010203-002033pano_0001_000108_4.89128695141484_52.3671356417802.jpg,2021,3,8,Kalverdriehoek,0,lon_4891288884455651_lat_5236713605053504_radius_1_d0_l,lon_4891288884455651_lat_5236713605053504_radius_1,0,l
ATM_square_equirectangular_boom/Frederik_Hendrikbuurt_Zuidwest/lon_4869913235591326_lat_52374303645276235_radius_1_d0_r/20160803TMX7316010203-000044pano_0000_001026_4.86991897634512_52.3743077069577.jpg,2016,8,3,Frederik_Hendrikbuurt_Zuidwest,0,lon_4869913235591326_lat_52374303645276235_radius_1_d0_r,lon_4869913235591326_lat_52374303645276235_radius_1,0,r
ATM_square_equirectangular_boom/Frederik_Hendrikbuurt_Zuidwest/lon_4869913235591326_lat_52374303645276235_radius_1_d0_r/20200817TMX7316010203-001878pano_0005_001076_4.86991114972869_52.3743022064599.jpg,2020,8,17,Frederik_Hendrikbuurt_Zuidwest,0,lon_4869913235591326_lat_52374303645276235_radius_1_d0_r,lon_4869913235591326_lat_52374303645276235_radius_1,0,r
ATM_square_equirectangular_boom/Frederik_Hendrikbuurt_Zuidwest/lon_4869913235591326_lat_52374303645276235_radius_1_d0_r/20210322TMX7316010203-002055pano_0000_000505_4.86990958070017_52.3743010224111.jpg,2021,3,22,Frederik_Hendrikbuurt_Zuidwest,1,lon_4869913235591326_lat_52374303645276235_radius_1_d0_r,lon_4869913235591326_lat_52374303645276235_radius_1,0,r
ATM_square_equirectangular_boom/Filips_van_Almondekwartier/lon_4857658097826514_lat_52368651520050115_radius_1_d200_b/20160812TMX7316060226-000017pano_0001_001361_4.85766657363224_52.3686488092128.jpg,2016,8,12,Filips_van_Almondekwartier,0,lon_4857658097826514_lat_52368651520050115_radius_1_d200_b,lon_4857658097826514_lat_52368651520050115_radius_1,200,b
ATM_square_equirectangular_boom/Filips_van_Almondekwartier/lon_4857658097826514_lat_52368651520050115_radius_1_d200_b/20181119TMX7316010203-000994pano_0000_002999_4.85765344406571_52.3686530026729.jpg,2018,11,19,Filips_van_Almondekwartier,1,lon_4857658097826514_lat_52368651520050115_radius_1_d200_b,lon_4857658097826514_lat_52368651520050115_radius_1,200,b
ATM_square_equirectangular_boom/Filips_van_Almondekwartier/lon_4857658097826514_lat_52368651520050115_radius_1_d200_b/20190430TMX7316010203-001149pano_0000_001284_4.85765976790781_52.3686480206011.jpg,2019,4,30,Filips_van_Almondekwartier,0,lon_4857658097826514_lat_52368651520050115_radius_1_d200_b,lon_4857658097826514_lat_52368651520050115_radius_1,200,b
ATM_square_equirectangular_boom/Filips_van_Almondekwartier/lon_4857658097826514_lat_52368651520050115_radius_1_d200_b/20210326TMX7316010203-002063pano_0000_003526_4.85765845301424_52.3686540287287.jpg,2021,3,26,Filips_van_Almondekwartier,0,lon_4857658097826514_lat_52368651520050115_radius_1_d200_b,lon_4857658097826514_lat_52368651520050115_radius_1,200,b
ATM_square_equirectangular_boom/Filips_van_Almondekwartier/lon_4857658097826514_lat_52368651520050115_radius_1_d200_b/20220103TMX7316010203-002378pano_0008_000387_4.85765225051257_52.3686537390351.jpg,2022,1,3,Filips_van_Almondekwartier,0,lon_4857658097826514_lat_52368651520050115_radius_1_d200_b,lon_4857658097826514_lat_52368651520050115_radius_1,200,b
ATM_square_equirectangular_boom/Tuindorp_Oostzaan_Oost/lon_4886186781259849_lat_52414427082068926_radius_1_d0_l/20170529TMX7316010203-000314pano_0000_002012_4.886188213213_52.4144286844907.jpg,2017,5,29,Tuindorp_Oostzaan_Oost,0,lon_4886186781259849_lat_52414427082068926_radius_1_d0_l,lon_4886186781259849_lat_52414427082068926_radius_1,0,l
ATM_square_equirectangular_boom/Tuindorp_Oostzaan_Oost/lon_4886186781259849_lat_52414427082068926_radius_1_d0_l/20180803TMX7316010203-000901pano_0002_001296_4.88619645250261_52.4144278867255.jpg,2018,8,3,Tuindorp_Oostzaan_Oost,0,lon_4886186781259849_lat_52414427082068926_radius_1_d0_l,lon_4886186781259849_lat_52414427082068926_radius_1,0,l
ATM_square_equirectangular_boom/Tuindorp_Oostzaan_Oost/lon_4886186781259849_lat_52414427082068926_radius_1_d0_l/20190705TMX7316010203-001292pano_0000_002884_4.88617567806394_52.4144246749906.jpg,2019,7,5,Tuindorp_Oostzaan_Oost,1,lon_4886186781259849_lat_52414427082068926_radius_1_d0_l,lon_4886186781259849_lat_52414427082068926_radius_1,0,l
ATM_square_equirectangular_boom/Zuidoostkwadrant_Indische_buurt/lon_4941314041287337_lat_5235858061719037_radius_1_d100_b/20160511TMX7315120208-000047pano_0000_000101_4.94131433463565_52.3585847523284.jpg,2016,5,11,Zuidoostkwadrant_Indische_buurt,0,lon_4941314041287337_lat_5235858061719037_radius_1_d100_b,lon_4941314041287337_lat_5235858061719037_radius_1,100,b
ATM_square_equirectangular_boom/Zuidoostkwadrant_Indische_buurt/lon_4941314041287337_lat_5235858061719037_radius_1_d100_b/20180524TMX7316010203-000748pano_0000_001998_4.94131918024001_52.3585793938071.jpg,2018,5,24,Zuidoostkwadrant_Indische_buurt,0,lon_4941314041287337_lat_5235858061719037_radius_1_d100_b,lon_4941314041287337_lat_5235858061719037_radius_1,100,b
ATM_square_equirectangular_boom/Zuidoostkwadrant_Indische_buurt/lon_4941314041287337_lat_5235858061719037_radius_1_d100_b/20181211TMX7316010203-001008pano_0006_000141_4.94132117264619_52.3585799190443.jpg,2018,12,11,Zuidoostkwadrant_Indische_buurt,0,lon_4941314041287337_lat_5235858061719037_radius_1_d100_b,lon_4941314041287337_lat_5235858061719037_radius_1,100,b
ATM_square_equirectangular_boom/Zuidoostkwadrant_Indische_buurt/lon_4941314041287337_lat_5235858061719037_radius_1_d100_b/20200908TMX7316010203-001910pano_0000_001026_4.94130453425467_52.3585804278238.jpg,2020,9,8,Zuidoostkwadrant_Indische_buurt,0,lon_4941314041287337_lat_5235858061719037_radius_1_d100_b,lon_4941314041287337_lat_5235858061719037_radius_1,100,b
ATM_square_equirectangular_boom/Zuidoostkwadrant_Indische_buurt/lon_4941314041287337_lat_5235858061719037_radius_1_d100_b/20220112TMX7316010203-002416pano_0011_000076_4.94132580509332_52.3585810308195.jpg,2022,1,12,Zuidoostkwadrant_Indische_buurt,0,lon_4941314041287337_lat_5235858061719037_radius_1_d100_b,lon_4941314041287337_lat_5235858061719037_radius_1,100,b
ATM_square_equirectangular_boom/Zuidoostkwadrant_Indische_buurt/lon_4941314041287337_lat_5235858061719037_radius_1_d100_b/20220613TMX7316010203-002593pano_0000_002534_4.94131651932386_52.3585771292235.jpg,2022,6,13,Zuidoostkwadrant_Indische_buurt,1,lon_4941314041287337_lat_5235858061719037_radius_1_d100_b,lon_4941314041287337_lat_5235858061719037_radius_1,100,b
ATM_square_equirectangular_boom/Haveneiland_Noord/lon_5008183586162622_lat_5235318018279304_radius_1_d0_r/20160606TMX7315120208-000067pano_0024_000492_5.00818293959927_52.3531785858339.jpg,2016,6,6,Haveneiland_Noord,0,lon_5008183586162622_lat_5235318018279304_radius_1_d0_r,lon_5008183586162622_lat_5235318018279304_radius_1,0,r
ATM_square_equirectangular_boom/Haveneiland_Noord/lon_5008183586162622_lat_5235318018279304_radius_1_d0_r/20180518TMX7316010203-000742pano_0000_000506_5.00817966751379_52.3531798292123.jpg,2018,5,18,Haveneiland_Noord,0,lon_5008183586162622_lat_5235318018279304_radius_1_d0_r,lon_5008183586162622_lat_5235318018279304_radius_1,0,r
ATM_square_equirectangular_boom/Haveneiland_Noord/lon_5008183586162622_lat_5235318018279304_radius_1_d0_r/20190517TMX7316010203-001192pano_0002_001164_5.00817861362846_52.3531856296275.jpg,2019,5,17,Haveneiland_Noord,0,lon_5008183586162622_lat_5235318018279304_radius_1_d0_r,lon_5008183586162622_lat_5235318018279304_radius_1,0,r
ATM_square_equirectangular_boom/Haveneiland_Noord/lon_5008183586162622_lat_5235318018279304_radius_1_d0_r/20191210TMX7316010203-001507pano_0004_000315_5.00818938947032_52.353187157599.jpg,2019,12,10,Haveneiland_Noord,1,lon_5008183586162622_lat_5235318018279304_radius_1_d0_r,lon_5008183586162622_lat_5235318018279304_radius_1,0,r
ATM_square_equirectangular_boom/Haveneiland_Noord/lon_5008183586162622_lat_5235318018279304_radius_1_d0_r/20200622TMX7316010203-001754pano_0000_003374_5.0081892555677_52.3531744104814.jpg,2020,6,22,Haveneiland_Noord,0,lon_5008183586162622_lat_5235318018279304_radius_1_d0_r,lon_5008183586162622_lat_5235318018279304_radius_1,0,r
ATM_square_equirectangular_boom/Haveneiland_Noord/lon_5008230884524284_lat_52353148513621775_radius_1_d0_r/20160606TMX7315120208-000067pano_0024_000493_5.00823601928346_52.3531470862044.jpg,2016,6,6,Haveneiland_Noord,0,lon_5008230884524284_lat_52353148513621775_radius_1_d0_r,lon_5008230884524284_lat_52353148513621775_radius_1,0,r
ATM_square_equirectangular_boom/Haveneiland_Noord/lon_5008230884524284_lat_52353148513621775_radius_1_d0_r/20180518TMX7316010203-000742pano_0000_000507_5.00823333168412_52.3531476709529.jpg,2018,5,18,Haveneiland_Noord,0,lon_5008230884524284_lat_52353148513621775_radius_1_d0_r,lon_5008230884524284_lat_52353148513621775_radius_1,0,r
ATM_square_equirectangular_boom/Haveneiland_Noord/lon_5008230884524284_lat_52353148513621775_radius_1_d0_r/20190517TMX7316010203-001192pano_0002_001165_5.00823154973251_52.3531554174187.jpg,2019,5,17,Haveneiland_Noord,0,lon_5008230884524284_lat_52353148513621775_radius_1_d0_r,lon_5008230884524284_lat_52353148513621775_radius_1,0,r
ATM_square_equirectangular_boom/Haveneiland_Noord/lon_5008230884524284_lat_52353148513621775_radius_1_d0_r/20191128TMX7316010203-001471pano_0004_001149_5.00822221586764_52.3531548870986.jpg,2019,11,28,Haveneiland_Noord,0,lon_5008230884524284_lat_52353148513621775_radius_1_d0_r,lon_5008230884524284_lat_52353148513621775_radius_1,0,r
ATM_square_equirectangular_boom/Haveneiland_Noord/lon_5008230884524284_lat_52353148513621775_radius_1_d0_r/20191210TMX7316010203-001507pano_0004_000312_5.00822305065207_52.3531527378435.jpg,2019,12,10,Haveneiland_Noord,1,lon_5008230884524284_lat_52353148513621775_radius_1_d0_r,lon_5008230884524284_lat_52353148513621775_radius_1,0,r
ATM_square_equirectangular_boom/Haveneiland_Noord/lon_5008230884524284_lat_52353148513621775_radius_1_d0_r/20200622TMX7316010203-001754pano_0000_003375_5.0082380056658_52.3531441168634.jpg,2020,6,22,Haveneiland_Noord,0,lon_5008230884524284_lat_52353148513621775_radius_1_d0_r,lon_5008230884524284_lat_52353148513621775_radius_1,0,r
ATM_square_equirectangular_boom/Haveneiland_Noord/lon_5008230884524284_lat_52353148513621775_radius_1_d0_r/20210601TMX7316010203-002149pano_0001_005501_5.00821684786017_52.3531477698103.jpg,2021,6,1,Haveneiland_Noord,0,lon_5008230884524284_lat_52353148513621775_radius_1_d0_r,lon_5008230884524284_lat_52353148513621775_radius_1,0,r
ATM_square_equirectangular_boom/Werengouw_Noord/lon_4942691794306388_lat_52395659277690946_radius_1_d0_f/20170517TMX7316010203-000299pano_0002_000847_4.94268418019948_52.3956579840727.jpg,2017,5,17,Werengouw_Noord,0,lon_4942691794306388_lat_52395659277690946_radius_1_d0_f,lon_4942691794306388_lat_52395659277690946_radius_1,0,f
ATM_square_equirectangular_boom/Werengouw_Noord/lon_4942691794306388_lat_52395659277690946_radius_1_d0_f/20180724TMX7316010203-000866pano_0000_003124_4.94269147680019_52.3956588908896.jpg,2018,7,24,Werengouw_Noord,0,lon_4942691794306388_lat_52395659277690946_radius_1_d0_f,lon_4942691794306388_lat_52395659277690946_radius_1,0,f
ATM_square_equirectangular_boom/Werengouw_Noord/lon_4942691794306388_lat_52395659277690946_radius_1_d0_f/20191212TMX7316010203-001513pano_0002_003224_4.9427003984885_52.3956605118089.jpg,2019,12,12,Werengouw_Noord,1,lon_4942691794306388_lat_52395659277690946_radius_1_d0_f,lon_4942691794306388_lat_52395659277690946_radius_1,0,f
ATM_square_equirectangular_boom/Werengouw_Noord/lon_4942691794306388_lat_52395659277690946_radius_1_d0_f/20200528TMX7316010203-001728pano_0000_000115_4.94269112173738_52.3956597239926.jpg,2020,5,28,Werengouw_Noord,0,lon_4942691794306388_lat_52395659277690946_radius_1_d0_f,lon_4942691794306388_lat_52395659277690946_radius_1,0,f
ATM_square_equirectangular_boom/Veluwebuurt/lon_48965102809527306_lat_5233906779220375_radius_1_d0_l/20160725TMX7316010203-000022pano_0000_000875_4.89651171857318_52.3390651412645.jpg,2016,7,25,Veluwebuurt,0,lon_48965102809527306_lat_5233906779220375_radius_1_d0_l,lon_48965102809527306_lat_5233906779220375_radius_1,0,l
ATM_square_equirectangular_boom/Veluwebuurt/lon_48965102809527306_lat_5233906779220375_radius_1_d0_l/20170411TMX7316010203-000255pano_0000_001617_4.89650907465034_52.3390697232817.jpg,2017,4,11,Veluwebuurt,0,lon_48965102809527306_lat_5233906779220375_radius_1_d0_l,lon_48965102809527306_lat_5233906779220375_radius_1,0,l
ATM_square_equirectangular_boom/Veluwebuurt/lon_48965102809527306_lat_5233906779220375_radius_1_d0_l/20190509TMX7316010203-001173pano_0000_000485_4.89651214036657_52.339062649678.jpg,2019,5,9,Veluwebuurt,1,lon_48965102809527306_lat_5233906779220375_radius_1_d0_l,lon_48965102809527306_lat_5233906779220375_radius_1,0,l
ATM_square_equirectangular_boom/Veluwebuurt/lon_48965102809527306_lat_5233906779220375_radius_1_d0_l/20200707TMX7316010203-001794pano_0000_002902_4.89650819022083_52.3390736545908.jpg,2020,7,7,Veluwebuurt,0,lon_48965102809527306_lat_5233906779220375_radius_1_d0_l,lon_48965102809527306_lat_5233906779220375_radius_1,0,l
ATM_square_equirectangular_boom/Veluwebuurt/lon_48965102809527306_lat_5233906779220375_radius_1_d0_l/20220323TMX7316010203-002473pano_0005_000550_4.8965138489424_52.3390731364051.jpg,2022,3,23,Veluwebuurt,0,lon_48965102809527306_lat_5233906779220375_radius_1_d0_l,lon_48965102809527306_lat_5233906779220375_radius_1,0,l
ATM_square_equirectangular_boom/Van_der_Pekbuurt/lon_491241145510996_lat_52389792119399495_radius_1_d0_l/20160808TMX7316060226-000015pano_0005_003163_4.91241378639336_52.3897933409891.jpg,2016,8,8,Van_der_Pekbuurt,0,lon_491241145510996_lat_52389792119399495_radius_1_d0_l,lon_491241145510996_lat_52389792119399495_radius_1,0,l
ATM_square_equirectangular_boom/Van_der_Pekbuurt/lon_491241145510996_lat_52389792119399495_radius_1_d0_l/20190710TMX7316010203-001303pano_0002_000612_4.9124129009991_52.3897888430202.jpg,2019,7,10,Van_der_Pekbuurt,1,lon_491241145510996_lat_52389792119399495_radius_1_d0_l,lon_491241145510996_lat_52389792119399495_radius_1,0,l
ATM_square_equirectangular_boom/Van_der_Pekbuurt/lon_491241145510996_lat_52389792119399495_radius_1_d0_l/20200602TMX7316010203-001734pano_0000_001769_4.91240767793742_52.3897941741892.jpg,2020,6,2,Van_der_Pekbuurt,0,lon_491241145510996_lat_52389792119399495_radius_1_d0_l,lon_491241145510996_lat_52389792119399495_radius_1,0,l
ATM_square_equirectangular_boom/Van_der_Pekbuurt/lon_491241145510996_lat_52389792119399495_radius_1_d0_l/20220512TMX7316010203-002577pano_0006_004803_4.91240611876195_52.389798845685.jpg,2022,5,12,Van_der_Pekbuurt,0,lon_491241145510996_lat_52389792119399495_radius_1_d0_l,lon_491241145510996_lat_52389792119399495_radius_1,0,l
ATM_square_equirectangular_boom/Bertelmanpleinbuurt/lon_4858892791844556_lat_5234803686920066_radius_1_d-200_f/20180606TMX7316010203-000778pano_0000_000729_4.8588921400699_52.3480344479961.jpg,2018,6,6,Bertelmanpleinbuurt,0,lon_4858892791844556_lat_5234803686920066_radius_1_d-200_f,lon_4858892791844556_lat_5234803686920066_radius_1,-200,f
ATM_square_equirectangular_boom/Bertelmanpleinbuurt/lon_4858892791844556_lat_5234803686920066_radius_1_d-200_f/20190503TMX7316010203-001160pano_0000_000853_4.858896722287_52.3480339557689.jpg,2019,5,3,Bertelmanpleinbuurt,0,lon_4858892791844556_lat_5234803686920066_radius_1_d-200_f,lon_4858892791844556_lat_5234803686920066_radius_1,-200,f
ATM_square_equirectangular_boom/Bertelmanpleinbuurt/lon_4858892791844556_lat_5234803686920066_radius_1_d-200_f/20210428TMX7316010203-002120pano_0000_005574_4.85888951317677_52.348042203837.jpg,2021,4,28,Bertelmanpleinbuurt,0,lon_4858892791844556_lat_5234803686920066_radius_1_d-200_f,lon_4858892791844556_lat_5234803686920066_radius_1,-200,f
ATM_square_equirectangular_boom/Bertelmanpleinbuurt/lon_4858892791844556_lat_5234803686920066_radius_1_d-200_f/20220322TMX7316010203-002464pano_0001_000439_4.85888880213434_52.3480393527805.jpg,2022,3,22,Bertelmanpleinbuurt,1,lon_4858892791844556_lat_5234803686920066_radius_1_d-200_f,lon_4858892791844556_lat_5234803686920066_radius_1,-200,f
ATM_square_equirectangular_boom/Bertelmanpleinbuurt/lon_486101419867887_lat_5235050356037712_radius_1_d400_f/20170413TMX7316010203-000259pano_0007_000206_4.86101190820382_52.3505080514799.jpg,2017,4,13,Bertelmanpleinbuurt,0,lon_486101419867887_lat_5235050356037712_radius_1_d400_f,lon_486101419867887_lat_5235050356037712_radius_1,400,f
ATM_square_equirectangular_boom/Bertelmanpleinbuurt/lon_486101419867887_lat_5235050356037712_radius_1_d400_f/20180606TMX7316010203-000778pano_0000_003323_4.86101547895121_52.350502156404.jpg,2018,6,6,Bertelmanpleinbuurt,0,lon_486101419867887_lat_5235050356037712_radius_1_d400_f,lon_486101419867887_lat_5235050356037712_radius_1,400,f
ATM_square_equirectangular_boom/Bertelmanpleinbuurt/lon_486101419867887_lat_5235050356037712_radius_1_d400_f/20190503TMX7316010203-001160pano_0000_000054_4.86101355616064_52.3504952973281.jpg,2019,5,3,Bertelmanpleinbuurt,1,lon_486101419867887_lat_5235050356037712_radius_1_d400_f,lon_486101419867887_lat_5235050356037712_radius_1,400,f
ATM_square_equirectangular_boom/Bertelmanpleinbuurt/lon_486101419867887_lat_5235050356037712_radius_1_d400_f/20190503TMX7316010203-001160pano_0000_001009_4.86101585139981_52.3505087362965.jpg,2019,5,3,Bertelmanpleinbuurt,0,lon_486101419867887_lat_5235050356037712_radius_1_d400_f,lon_486101419867887_lat_5235050356037712_radius_1,400,f
ATM_square_equirectangular_boom/Overhoeks/lon_4900977820705934_lat_52387509324253664_radius_1_d0_f/20160708TMX7315120208-000105pano_0001_007273_4.90096805920265_52.3875082207233.jpg,2016,7,8,Overhoeks,0,lon_4900977820705934_lat_52387509324253664_radius_1_d0_f,lon_4900977820705934_lat_52387509324253664_radius_1,0,f
ATM_square_equirectangular_boom/Overhoeks/lon_4900977820705934_lat_52387509324253664_radius_1_d0_f/20190709TMX7316010203-001299pano_0000_002503_4.90098990603699_52.3875097100363.jpg,2019,7,9,Overhoeks,0,lon_4900977820705934_lat_52387509324253664_radius_1_d0_f,lon_4900977820705934_lat_52387509324253664_radius_1,0,f
ATM_square_equirectangular_boom/Overhoeks/lon_4900977820705934_lat_52387509324253664_radius_1_d0_f/20210616TMX7316010203-002181pano_0000_005287_4.90097549687816_52.3875100420014.jpg,2021,6,16,Overhoeks,1,lon_4900977820705934_lat_52387509324253664_radius_1_d0_f,lon_4900977820705934_lat_52387509324253664_radius_1,0,f
ATM_square_equirectangular_boom/Overhoeks/lon_4900977820705934_lat_52387509324253664_radius_1_d0_f/20220510TMX7316010203-002569pano_0000_002182_4.90098510080941_52.3875093256444.jpg,2022,5,10,Overhoeks,0,lon_4900977820705934_lat_52387509324253664_radius_1_d0_f,lon_4900977820705934_lat_52387509324253664_radius_1,0,f
ATM_square_equirectangular_boom/Marnixbuurt_Noord/lon_4879495885371695_lat_52378990245051924_radius_1_d0_r/20160817TMX7316010203-000077pano_0000_000590_4.87949812708754_52.3789930063445.jpg,2016,8,17,Marnixbuurt_Noord,0,lon_4879495885371695_lat_52378990245051924_radius_1_d0_r,lon_4879495885371695_lat_52378990245051924_radius_1,0,r
ATM_square_equirectangular_boom/Marnixbuurt_Noord/lon_4879495885371695_lat_52378990245051924_radius_1_d0_r/20180502TMX7316010203-000702pano_0000_001221_4.87948828073198_52.3789844020577.jpg,2018,5,2,Marnixbuurt_Noord,0,lon_4879495885371695_lat_52378990245051924_radius_1_d0_r,lon_4879495885371695_lat_52378990245051924_radius_1,0,r
ATM_square_equirectangular_boom/Marnixbuurt_Noord/lon_4879495885371695_lat_52378990245051924_radius_1_d0_r/20190513TMX7316010203-001179pano_0000_004523_4.87949527714247_52.378992104528.jpg,2019,5,13,Marnixbuurt_Noord,1,lon_4879495885371695_lat_52378990245051924_radius_1_d0_r,lon_4879495885371695_lat_52378990245051924_radius_1,0,r
ATM_square_equirectangular_boom/Marnixbuurt_Noord/lon_4879495885371695_lat_52378990245051924_radius_1_d0_r/20210915TMX7316010203-002310pano_0000_002595_4.87950185652479_52.3789914672775.jpg,2021,9,15,Marnixbuurt_Noord,0,lon_4879495885371695_lat_52378990245051924_radius_1_d0_r,lon_4879495885371695_lat_52378990245051924_radius_1,0,r
ATM_square_equirectangular_boom/Schipluidenbuurt/lon_4838655062619025_lat_5235631253702653_radius_1_d0_b/20180108TMX7316010203-000534pano_0000_000189_4.8386504372913_52.3563181600544.jpg,2018,1,8,Schipluidenbuurt,0,lon_4838655062619025_lat_5235631253702653_radius_1_d0_b,lon_4838655062619025_lat_5235631253702653_radius_1,0,b
ATM_square_equirectangular_boom/Schipluidenbuurt/lon_4838655062619025_lat_5235631253702653_radius_1_d0_b/20180108TMX7316010203-000535pano_0000_004633_4.83865357398484_52.3563166591328.jpg,2018,1,8,Schipluidenbuurt,0,lon_4838655062619025_lat_5235631253702653_radius_1_d0_b,lon_4838655062619025_lat_5235631253702653_radius_1,0,b
ATM_square_equirectangular_boom/Schipluidenbuurt/lon_4838655062619025_lat_5235631253702653_radius_1_d0_b/20180704TMX7316010203-000824pano_0000_003940_4.83865706964582_52.3563111942065.jpg,2018,7,4,Schipluidenbuurt,0,lon_4838655062619025_lat_5235631253702653_radius_1_d0_b,lon_4838655062619025_lat_5235631253702653_radius_1,0,b
ATM_square_equirectangular_boom/Schipluidenbuurt/lon_4838655062619025_lat_5235631253702653_radius_1_d0_b/20190102TMX7316010203-001031pano_0009_000707_4.83866081372174_52.3563084229649.jpg,2019,1,2,Schipluidenbuurt,0,lon_4838655062619025_lat_5235631253702653_radius_1_d0_b,lon_4838655062619025_lat_5235631253702653_radius_1,0,b
ATM_square_equirectangular_boom/Schipluidenbuurt/lon_4838655062619025_lat_5235631253702653_radius_1_d0_b/20190712TMX7316010203-001310pano_0000_001188_4.83865513234737_52.3563107203276.jpg,2019,7,12,Schipluidenbuurt,0,lon_4838655062619025_lat_5235631253702653_radius_1_d0_b,lon_4838655062619025_lat_5235631253702653_radius_1,0,b
ATM_square_equirectangular_boom/Schipluidenbuurt/lon_4838655062619025_lat_5235631253702653_radius_1_d0_b/20210219TMX7316010203-002020pano_0000_003417_4.83865334872308_52.356310065473.jpg,2021,2,19,Schipluidenbuurt,0,lon_4838655062619025_lat_5235631253702653_radius_1_d0_b,lon_4838655062619025_lat_5235631253702653_radius_1,0,b
ATM_square_equirectangular_boom/Schipluidenbuurt/lon_4838655062619025_lat_5235631253702653_radius_1_d0_b/20220411TMX7316010203-002502pano_0002_002483_4.83864966843366_52.3563110019447.jpg,2022,4,11,Schipluidenbuurt,1,lon_4838655062619025_lat_5235631253702653_radius_1_d0_b,lon_4838655062619025_lat_5235631253702653_radius_1,0,b
ATM_square_equirectangular_boom/Buurt_6/lon_47993322189943655_lat_52375540805067246_radius_1_d200_l/20160824TMX7316010203-000083pano_0014_001123_4.79934167107788_52.3755389030581.jpg,2016,8,24,Buurt_6,0,lon_47993322189943655_lat_52375540805067246_radius_1_d200_l,lon_47993322189943655_lat_52375540805067246_radius_1,200,l
ATM_square_equirectangular_boom/Buurt_6/lon_47993322189943655_lat_52375540805067246_radius_1_d200_l/20180705TMX7316010203-000826pano_0000_001276_4.79933256500757_52.3755414133299.jpg,2018,7,5,Buurt_6,1,lon_47993322189943655_lat_52375540805067246_radius_1_d200_l,lon_47993322189943655_lat_52375540805067246_radius_1,200,l
ATM_square_equirectangular_boom/Buurt_6/lon_47993322189943655_lat_52375540805067246_radius_1_d200_l/20200819TMX7316010203-001882pano_0000_002940_4.79932535459856_52.3755409561635.jpg,2020,8,19,Buurt_6,0,lon_47993322189943655_lat_52375540805067246_radius_1_d200_l,lon_47993322189943655_lat_52375540805067246_radius_1,200,l
ATM_square_equirectangular_boom/Buurt_6/lon_47993322189943655_lat_52375540805067246_radius_1_d200_l/20210331TMX7316010203-002075pano_0000_001893_4.79932928529345_52.3755419477175.jpg,2021,3,31,Buurt_6,0,lon_47993322189943655_lat_52375540805067246_radius_1_d200_l,lon_47993322189943655_lat_52375540805067246_radius_1,200,l
ATM_square_equirectangular_boom/Buurt_6/lon_47993322189943655_lat_52375540805067246_radius_1_d200_l/20220419TMX7316010203-002524pano_0005_000900_4.7993206796464_52.3755414030856.jpg,2022,4,19,Buurt_6,0,lon_47993322189943655_lat_52375540805067246_radius_1_d200_l,lon_47993322189943655_lat_52375540805067246_radius_1,200,l
ATM_square_equirectangular_boom/Buurt_6/lon_480630765020945_lat_5237613808180289_radius_1_d0_f/20160824TMX7316010203-000083pano_0014_000516_4.80630887391473_52.3761378668729.jpg,2016,8,24,Buurt_6,0,lon_480630765020945_lat_5237613808180289_radius_1_d0_f,lon_480630765020945_lat_5237613808180289_radius_1,0,f
ATM_square_equirectangular_boom/Buurt_6/lon_480630765020945_lat_5237613808180289_radius_1_d0_f/20180108TMX7316010203-000535pano_0000_007719_4.80630949379234_52.3761451707084.jpg,2018,1,8,Buurt_6,1,lon_480630765020945_lat_5237613808180289_radius_1_d0_f,lon_480630765020945_lat_5237613808180289_radius_1,0,f
ATM_square_equirectangular_boom/Buurt_6/lon_480630765020945_lat_5237613808180289_radius_1_d0_f/20200819TMX7316010203-001881pano_0002_002287_4.8063075473776_52.3761309195023.jpg,2020,8,19,Buurt_6,0,lon_480630765020945_lat_5237613808180289_radius_1_d0_f,lon_480630765020945_lat_5237613808180289_radius_1,0,f
ATM_square_equirectangular_boom/Buurt_6/lon_480630765020945_lat_5237613808180289_radius_1_d0_f/20210331TMX7316010203-002075pano_0000_001132_4.80630468575313_52.376138370128.jpg,2021,3,31,Buurt_6,0,lon_480630765020945_lat_5237613808180289_radius_1_d0_f,lon_480630765020945_lat_5237613808180289_radius_1,0,f
ATM_square_equirectangular_boom/Oosterparkbuurt_Zuidoost/lon_4920481795145094_lat_52358840028299596_radius_1_d0_f/20160512TMX7315120208-000048pano_0000_004980_4.92047273600632_52.3588376129961.jpg,2016,5,12,Oosterparkbuurt_Zuidoost,0,lon_4920481795145094_lat_52358840028299596_radius_1_d0_f,lon_4920481795145094_lat_52358840028299596_radius_1,0,f
ATM_square_equirectangular_boom/Oosterparkbuurt_Zuidoost/lon_4920481795145094_lat_52358840028299596_radius_1_d0_f/20160531TMX7315120208-000061pano_0001_000083_4.92049394500443_52.358842959421.jpg,2016,5,31,Oosterparkbuurt_Zuidoost,0,lon_4920481795145094_lat_52358840028299596_radius_1_d0_f,lon_4920481795145094_lat_52358840028299596_radius_1,0,f
ATM_square_equirectangular_boom/Oosterparkbuurt_Zuidoost/lon_4920481795145094_lat_52358840028299596_radius_1_d0_f/20200424TMX7316010203-001675pano_0000_001090_4.9204826366292_52.3588408988473.jpg,2020,4,24,Oosterparkbuurt_Zuidoost,1,lon_4920481795145094_lat_52358840028299596_radius_1_d0_f,lon_4920481795145094_lat_52358840028299596_radius_1,0,f
ATM_square_equirectangular_boom/Oosterparkbuurt_Zuidoost/lon_4920481795145094_lat_52358840028299596_radius_1_d0_f/20210512TMX7316010203-002137pano_0000_003333_4.92049074023576_52.3588439102292.jpg,2021,5,12,Oosterparkbuurt_Zuidoost,0,lon_4920481795145094_lat_52358840028299596_radius_1_d0_f,lon_4920481795145094_lat_52358840028299596_radius_1,0,f
ATM_square_equirectangular_boom/Kolenkitbuurt_Noord/lon_4841373686819443_lat_52378883390078364_radius_1_d0_f/20170522TMX7316010203-000305pano_0000_006001_4.84137648399502_52.3788836080997.jpg,2017,5,22,Kolenkitbuurt_Noord,0,lon_4841373686819443_lat_52378883390078364_radius_1_d0_f,lon_4841373686819443_lat_52378883390078364_radius_1,0,f
ATM_square_equirectangular_boom/Kolenkitbuurt_Noord/lon_4841373686819443_lat_52378883390078364_radius_1_d0_f/20181220TMX7316010203-001028pano_0001_000924_4.84137284980081_52.3788802782557.jpg,2018,12,20,Kolenkitbuurt_Noord,1,lon_4841373686819443_lat_52378883390078364_radius_1_d0_f,lon_4841373686819443_lat_52378883390078364_radius_1,0,f
ATM_square_equirectangular_boom/Kolenkitbuurt_Noord/lon_4841373686819443_lat_52378883390078364_radius_1_d0_f/20200508TMX7316010203-001700pano_0000_000914_4.8413717266625_52.3788862838797.jpg,2020,5,8,Kolenkitbuurt_Noord,0,lon_4841373686819443_lat_52378883390078364_radius_1_d0_f,lon_4841373686819443_lat_52378883390078364_radius_1,0,f
ATM_square_equirectangular_boom/Kolenkitbuurt_Noord/lon_4841373686819443_lat_52378883390078364_radius_1_d0_f/20220419TMX7316010203-002522pano_0000_000076_4.84136474386848_52.3788766091921.jpg,2022,4,19,Kolenkitbuurt_Noord,0,lon_4841373686819443_lat_52378883390078364_radius_1_d0_f,lon_4841373686819443_lat_52378883390078364_radius_1,0,f
ATM_square_equirectangular_boom/Kolenkitbuurt_Noord/lon_4841373686819443_lat_52378883390078364_radius_1_d0_l/20170522TMX7316010203-000305pano_0000_006001_4.84137648399502_52.3788836080997.jpg,2017,5,22,Kolenkitbuurt_Noord,0,lon_4841373686819443_lat_52378883390078364_radius_1_d0_l,lon_4841373686819443_lat_52378883390078364_radius_1,0,l
ATM_square_equirectangular_boom/Kolenkitbuurt_Noord/lon_4841373686819443_lat_52378883390078364_radius_1_d0_l/20181220TMX7316010203-001028pano_0001_000924_4.84137284980081_52.3788802782557.jpg,2018,12,20,Kolenkitbuurt_Noord,1,lon_4841373686819443_lat_52378883390078364_radius_1_d0_l,lon_4841373686819443_lat_52378883390078364_radius_1,0,l
ATM_square_equirectangular_boom/Kolenkitbuurt_Noord/lon_4841373686819443_lat_52378883390078364_radius_1_d0_l/20200508TMX7316010203-001700pano_0000_000914_4.8413717266625_52.3788862838797.jpg,2020,5,8,Kolenkitbuurt_Noord,0,lon_4841373686819443_lat_52378883390078364_radius_1_d0_l,lon_4841373686819443_lat_52378883390078364_radius_1,0,l
ATM_square_equirectangular_boom/Kolenkitbuurt_Noord/lon_4841373686819443_lat_52378883390078364_radius_1_d0_l/20220419TMX7316010203-002522pano_0000_000076_4.84136474386848_52.3788766091921.jpg,2022,4,19,Kolenkitbuurt_Noord,0,lon_4841373686819443_lat_52378883390078364_radius_1_d0_l,lon_4841373686819443_lat_52378883390078364_radius_1,0,l
ATM_square_equirectangular_boom/Czaar_Peterbuurt/lon_492907351198485_lat_523698130240007_radius_1_d0_b/20160519TMX7315120208-000054pano_0000_000009_4.92907657615861_52.3698166482238.jpg,2016,5,19,Czaar_Peterbuurt,0,lon_492907351198485_lat_523698130240007_radius_1_d0_b,lon_492907351198485_lat_523698130240007_radius_1,0,b
ATM_square_equirectangular_boom/Czaar_Peterbuurt/lon_492907351198485_lat_523698130240007_radius_1_d0_b/20180517TMX7316010203-000739pano_0000_002564_4.9290749359463_52.3698124276144.jpg,2018,5,17,Czaar_Peterbuurt,1,lon_492907351198485_lat_523698130240007_radius_1_d0_b,lon_492907351198485_lat_523698130240007_radius_1,0,b
ATM_square_equirectangular_boom/Czaar_Peterbuurt/lon_492907351198485_lat_523698130240007_radius_1_d0_b/20210318TMX7316010203-002048pano_0001_000998_4.92906902384964_52.3698099961639.jpg,2021,3,18,Czaar_Peterbuurt,0,lon_492907351198485_lat_523698130240007_radius_1_d0_b,lon_492907351198485_lat_523698130240007_radius_1,0,b
ATM_square_equirectangular_boom/Buurt_8/lon_4800074845919445_lat_5237791823679858_radius_1_d-300_f/20160824TMX7316010203-000083pano_0014_000848_4.8000630306284_52.3779172281704.jpg,2016,8,24,Buurt_8,0,lon_4800074845919445_lat_5237791823679858_radius_1_d-300_f,lon_4800074845919445_lat_5237791823679858_radius_1,-300,f
ATM_square_equirectangular_boom/Buurt_8/lon_4800074845919445_lat_5237791823679858_radius_1_d-300_f/20180705TMX7316010203-000826pano_0000_002097_4.800082321534_52.377914433085.jpg,2018,7,5,Buurt_8,1,lon_4800074845919445_lat_5237791823679858_radius_1_d-300_f,lon_4800074845919445_lat_5237791823679858_radius_1,-300,f
ATM_square_equirectangular_boom/Buurt_8/lon_4800074845919445_lat_5237791823679858_radius_1_d-300_f/20180705TMX7316010203-000826pano_0000_002111_4.80007824095583_52.3779225551487.jpg,2018,7,5,Buurt_8,0,lon_4800074845919445_lat_5237791823679858_radius_1_d-300_f,lon_4800074845919445_lat_5237791823679858_radius_1,-300,f
ATM_square_equirectangular_boom/Buurt_8/lon_4800074845919445_lat_5237791823679858_radius_1_d-300_f/20200819TMX7316010203-001882pano_0000_003251_4.80007579055955_52.3779187307902.jpg,2020,8,19,Buurt_8,0,lon_4800074845919445_lat_5237791823679858_radius_1_d-300_f,lon_4800074845919445_lat_5237791823679858_radius_1,-300,f
ATM_square_equirectangular_boom/Buurt_8/lon_4803614225047586_lat_5237816369345703_radius_1_d0_f/20160824TMX7316010203-000083pano_0017_000596_4.80361125197919_52.3781653166772.jpg,2016,8,24,Buurt_8,0,lon_4803614225047586_lat_5237816369345703_radius_1_d0_f,lon_4803614225047586_lat_5237816369345703_radius_1,0,f
ATM_square_equirectangular_boom/Buurt_8/lon_4803614225047586_lat_5237816369345703_radius_1_d0_f/20181214TMX7316010203-001016pano_0000_000590_4.80361363123304_52.3781642193679.jpg,2018,12,14,Buurt_8,1,lon_4803614225047586_lat_5237816369345703_radius_1_d0_f,lon_4803614225047586_lat_5237816369345703_radius_1,0,f
ATM_square_equirectangular_boom/Buurt_8/lon_4803614225047586_lat_5237816369345703_radius_1_d0_f/20200820TMX7316010203-001883pano_0001_005663_4.80360681778833_52.378164502599.jpg,2020,8,20,Buurt_8,0,lon_4803614225047586_lat_5237816369345703_radius_1_d0_f,lon_4803614225047586_lat_5237816369345703_radius_1,0,f
ATM_square_equirectangular_boom/Buurt_8/lon_4803614225047586_lat_5237816369345703_radius_1_d0_f/20210331TMX7316010203-002075pano_0000_002593_4.80361360341654_52.3781581676328.jpg,2021,3,31,Buurt_8,0,lon_4803614225047586_lat_5237816369345703_radius_1_d0_f,lon_4803614225047586_lat_5237816369345703_radius_1,0,f
ATM_square_equirectangular_boom/Buurt_8/lon_4803614225047586_lat_5237816369345703_radius_1_d0_f/20220106TMX7316010203-002395pano_0012_000309_4.80361674525662_52.3781590378309.jpg,2022,1,6,Buurt_8,0,lon_4803614225047586_lat_5237816369345703_radius_1_d0_f,lon_4803614225047586_lat_5237816369345703_radius_1,0,f
ATM_square_equirectangular_boom/Buurt_8/lon_4803614225047586_lat_5237816369345703_radius_1_d0_b/20160824TMX7316010203-000083pano_0017_000596_4.80361125197919_52.3781653166772.jpg,2016,8,24,Buurt_8,0,lon_4803614225047586_lat_5237816369345703_radius_1_d0_b,lon_4803614225047586_lat_5237816369345703_radius_1,0,b
ATM_square_equirectangular_boom/Buurt_8/lon_4803614225047586_lat_5237816369345703_radius_1_d0_b/20181214TMX7316010203-001016pano_0000_000590_4.80361363123304_52.3781642193679.jpg,2018,12,14,Buurt_8,0,lon_4803614225047586_lat_5237816369345703_radius_1_d0_b,lon_4803614225047586_lat_5237816369345703_radius_1,0,b
ATM_square_equirectangular_boom/Buurt_8/lon_4803614225047586_lat_5237816369345703_radius_1_d0_b/20200820TMX7316010203-001883pano_0001_005663_4.80360681778833_52.378164502599.jpg,2020,8,20,Buurt_8,1,lon_4803614225047586_lat_5237816369345703_radius_1_d0_b,lon_4803614225047586_lat_5237816369345703_radius_1,0,b
ATM_square_equirectangular_boom/Buurt_8/lon_4803614225047586_lat_5237816369345703_radius_1_d0_b/20210331TMX7316010203-002075pano_0000_002593_4.80361360341654_52.3781581676328.jpg,2021,3,31,Buurt_8,0,lon_4803614225047586_lat_5237816369345703_radius_1_d0_b,lon_4803614225047586_lat_5237816369345703_radius_1,0,b
ATM_square_equirectangular_boom/Buurt_8/lon_4803614225047586_lat_5237816369345703_radius_1_d0_b/20220106TMX7316010203-002395pano_0012_000309_4.80361674525662_52.3781590378309.jpg,2022,1,6,Buurt_8,0,lon_4803614225047586_lat_5237816369345703_radius_1_d0_b,lon_4803614225047586_lat_5237816369345703_radius_1,0,b
ATM_square_equirectangular_boom/Buiksloterdijk_Oost/lon_4922471638961534_lat_5239855707728593_radius_1_d-200_r/20170802TMX7316010203-000369pano_0000_001345_4.9224674529308_52.3985561775492.jpg,2017,8,2,Buiksloterdijk_Oost,0,lon_4922471638961534_lat_5239855707728593_radius_1_d-200_r,lon_4922471638961534_lat_5239855707728593_radius_1,-200,r
ATM_square_equirectangular_boom/Buiksloterdijk_Oost/lon_4922471638961534_lat_5239855707728593_radius_1_d-200_r/20180726TMX7316010203-000875pano_0000_002542_4.92247433732284_52.3985573695866.jpg,2018,7,26,Buiksloterdijk_Oost,0,lon_4922471638961534_lat_5239855707728593_radius_1_d-200_r,lon_4922471638961534_lat_5239855707728593_radius_1,-200,r
ATM_square_equirectangular_boom/Buiksloterdijk_Oost/lon_4922471638961534_lat_5239855707728593_radius_1_d-200_r/20190627TMX7316010203-001254pano_0000_001065_4.92248147002894_52.3985593338948.jpg,2019,6,27,Buiksloterdijk_Oost,1,lon_4922471638961534_lat_5239855707728593_radius_1_d-200_r,lon_4922471638961534_lat_5239855707728593_radius_1,-200,r
ATM_square_equirectangular_boom/Buiksloterdijk_Oost/lon_4922471638961534_lat_5239855707728593_radius_1_d-200_r/20211224TMX7316010203-002346pano_0001_000233_4.92246329556356_52.3985554281131.jpg,2021,12,24,Buiksloterdijk_Oost,0,lon_4922471638961534_lat_5239855707728593_radius_1_d-200_r,lon_4922471638961534_lat_5239855707728593_radius_1,-200,r
ATM_square_equirectangular_boom/Nes_eo/lon_4892706309241579_lat_5237053421715264_radius_1_d0_r/20180507TMX7316010203-000709pano_0000_001157_4.89271244221608_52.3705407965973.jpg,2018,5,7,Nes_eo,0,lon_4892706309241579_lat_5237053421715264_radius_1_d0_r,lon_4892706309241579_lat_5237053421715264_radius_1,0,r
ATM_square_equirectangular_boom/Nes_eo/lon_4892706309241579_lat_5237053421715264_radius_1_d0_r/20190111TMX7316010203-001050pano_0001_000066_4.89270606640763_52.3705349717047.jpg,2019,1,11,Nes_eo,1,lon_4892706309241579_lat_5237053421715264_radius_1_d0_r,lon_4892706309241579_lat_5237053421715264_radius_1,0,r
ATM_square_equirectangular_boom/Nes_eo/lon_4892706309241579_lat_5237053421715264_radius_1_d0_r/20191308TMX7316010203-001544pano_0002_000001_4.89270300526707_52.3705314409758.jpg,2020,1,8,Nes_eo,0,lon_4892706309241579_lat_5237053421715264_radius_1_d0_r,lon_4892706309241579_lat_5237053421715264_radius_1,0,r
ATM_square_equirectangular_boom/Nes_eo/lon_4892706309241579_lat_5237053421715264_radius_1_d0_r/20210308TMX7316010203-002031pano_0002_000371_4.89270505589766_52.3705274317567.jpg,2021,3,8,Nes_eo,1,lon_4892706309241579_lat_5237053421715264_radius_1_d0_r,lon_4892706309241579_lat_5237053421715264_radius_1,0,r
ATM_square_equirectangular_boom/Nes_eo/lon_4892706309241579_lat_5237053421715264_radius_1_d0_r/20211227TMX7316010203-002357pano_0000_000055_4.89270497641945_52.3705364447287.jpg,2021,12,27,Nes_eo,0,lon_4892706309241579_lat_5237053421715264_radius_1_d0_r,lon_4892706309241579_lat_5237053421715264_radius_1,0,r
ATM_square_equirectangular_boom/Spuistraat_Zuid/lon_4888726496572663_lat_5236902577678131_radius_1_d0_f/20190513TMX7316010203-001178pano_0000_001172_4.8887237649101_52.3690274267303.jpg,2019,5,13,Spuistraat_Zuid,0,lon_4888726496572663_lat_5236902577678131_radius_1_d0_f,lon_4888726496572663_lat_5236902577678131_radius_1,0,f
ATM_square_equirectangular_boom/Spuistraat_Zuid/lon_4888726496572663_lat_5236902577678131_radius_1_d0_f/20191308TMX7316010203-001544pano_0001_000595_4.88872747387367_52.3690200438377.jpg,2020,1,8,Spuistraat_Zuid,1,lon_4888726496572663_lat_5236902577678131_radius_1_d0_f,lon_4888726496572663_lat_5236902577678131_radius_1,0,f
ATM_square_equirectangular_boom/Spuistraat_Zuid/lon_4888726496572663_lat_5236902577678131_radius_1_d0_f/20210909TMX7316010203-002306pano_0002_001762_4.88872825093422_52.3690298597759.jpg,2021,9,9,Spuistraat_Zuid,0,lon_4888726496572663_lat_5236902577678131_radius_1_d0_f,lon_4888726496572663_lat_5236902577678131_radius_1,0,f
ATM_square_equirectangular_boom/Spuistraat_Zuid/lon_4888726496572663_lat_5236902577678131_radius_1_d0_l/20190513TMX7316010203-001178pano_0000_001172_4.8887237649101_52.3690274267303.jpg,2019,5,13,Spuistraat_Zuid,0,lon_4888726496572663_lat_5236902577678131_radius_1_d0_l,lon_4888726496572663_lat_5236902577678131_radius_1,0,l
ATM_square_equirectangular_boom/Spuistraat_Zuid/lon_4888726496572663_lat_5236902577678131_radius_1_d0_l/20191308TMX7316010203-001544pano_0001_000595_4.88872747387367_52.3690200438377.jpg,2020,1,8,Spuistraat_Zuid,1,lon_4888726496572663_lat_5236902577678131_radius_1_d0_l,lon_4888726496572663_lat_5236902577678131_radius_1,0,l
ATM_square_equirectangular_boom/Spuistraat_Zuid/lon_4888726496572663_lat_5236902577678131_radius_1_d0_l/20210909TMX7316010203-002306pano_0002_001762_4.88872825093422_52.3690298597759.jpg,2021,9,9,Spuistraat_Zuid,0,lon_4888726496572663_lat_5236902577678131_radius_1_d0_l,lon_4888726496572663_lat_5236902577678131_radius_1,0,l
ATM_square_equirectangular_boom/De_Bongerd/lon_49000586976267675_lat_52408102461672875_radius_1_d0_l/20160614TMX7315120208-000085pano_0000_002526_4.90005228101528_52.4081039143822.jpg,2016,6,14,De_Bongerd,0,lon_49000586976267675_lat_52408102461672875_radius_1_d0_l,lon_49000586976267675_lat_52408102461672875_radius_1,0,l
ATM_square_equirectangular_boom/De_Bongerd/lon_49000586976267675_lat_52408102461672875_radius_1_d0_l/20190709TMX7316010203-001300pano_0000_002331_4.90005667017888_52.4080937963605.jpg,2019,7,9,De_Bongerd,1,lon_49000586976267675_lat_52408102461672875_radius_1_d0_l,lon_49000586976267675_lat_52408102461672875_radius_1,0,l
ATM_square_equirectangular_boom/De_Bongerd/lon_49000586976267675_lat_52408102461672875_radius_1_d0_l/20200916TMX7316060226-000502pano_0000_000706_4.90006553642426_52.4081018280668.jpg,2020,9,16,De_Bongerd,0,lon_49000586976267675_lat_52408102461672875_radius_1_d0_l,lon_49000586976267675_lat_52408102461672875_radius_1,0,l
ATM_square_equirectangular_boom/De_Bongerd/lon_49000586976267675_lat_52408102461672875_radius_1_d0_b/20160614TMX7315120208-000085pano_0000_002526_4.90005228101528_52.4081039143822.jpg,2016,6,14,De_Bongerd,0,lon_49000586976267675_lat_52408102461672875_radius_1_d0_b,lon_49000586976267675_lat_52408102461672875_radius_1,0,b
ATM_square_equirectangular_boom/De_Bongerd/lon_49000586976267675_lat_52408102461672875_radius_1_d0_b/20190709TMX7316010203-001300pano_0000_002331_4.90005667017888_52.4080937963605.jpg,2019,7,9,De_Bongerd,1,lon_49000586976267675_lat_52408102461672875_radius_1_d0_b,lon_49000586976267675_lat_52408102461672875_radius_1,0,b
ATM_square_equirectangular_boom/De_Bongerd/lon_49000586976267675_lat_52408102461672875_radius_1_d0_b/20200916TMX7316060226-000502pano_0000_000706_4.90006553642426_52.4081018280668.jpg,2020,9,16,De_Bongerd,0,lon_49000586976267675_lat_52408102461672875_radius_1_d0_b,lon_49000586976267675_lat_52408102461672875_radius_1,0,b
ATM_square_equirectangular_boom/Buikslotermeerpleinbuurt/lon_494250442692158_lat_5239581774913407_radius_1_d-200_r/20190701TMX7316010203-001262pano_0002_001243_4.94251029507507_52.3958193939951.jpg,2019,7,1,Buikslotermeerpleinbuurt,0,lon_494250442692158_lat_5239581774913407_radius_1_d-200_r,lon_494250442692158_lat_5239581774913407_radius_1,-200,r
ATM_square_equirectangular_boom/Buikslotermeerpleinbuurt/lon_494250442692158_lat_5239581774913407_radius_1_d-200_r/20200528TMX7316010203-001727pano_0001_000041_4.94250486377582_52.3958201077933.jpg,2020,5,28,Buikslotermeerpleinbuurt,1,lon_494250442692158_lat_5239581774913407_radius_1_d-200_r,lon_494250442692158_lat_5239581774913407_radius_1,-200,r
ATM_square_equirectangular_boom/Buikslotermeerpleinbuurt/lon_494250442692158_lat_5239581774913407_radius_1_d-200_r/20210622TMX7316010203-002185pano_0002_000615_4.94249812191385_52.3958137456138.jpg,2021,6,22,Buikslotermeerpleinbuurt,0,lon_494250442692158_lat_5239581774913407_radius_1_d-200_r,lon_494250442692158_lat_5239581774913407_radius_1,-200,r
ATM_square_equirectangular_boom/Spaarndammerbuurt_Midden/lon_4874129673097428_lat_5239029640322658_radius_1_d0_f/20160609TMX7315120208-000073pano_0007_000223_4.87413723382294_52.390295376538.jpg,2016,6,9,Spaarndammerbuurt_Midden,0,lon_4874129673097428_lat_5239029640322658_radius_1_d0_f,lon_4874129673097428_lat_5239029640322658_radius_1,0,f
ATM_square_equirectangular_boom/Spaarndammerbuurt_Midden/lon_4874129673097428_lat_5239029640322658_radius_1_d0_f/20160615TMX7315080123-000292pano_0000_000046_4.87413094060823_52.3903049732582.jpg,2016,6,15,Spaarndammerbuurt_Midden,0,lon_4874129673097428_lat_5239029640322658_radius_1_d0_f,lon_4874129673097428_lat_5239029640322658_radius_1,0,f
ATM_square_equirectangular_boom/Spaarndammerbuurt_Midden/lon_4874129673097428_lat_5239029640322658_radius_1_d0_f/20170424TMX7316010203-000277pano_0001_000605_4.87412711367002_52.3902978940078.jpg,2017,4,24,Spaarndammerbuurt_Midden,0,lon_4874129673097428_lat_5239029640322658_radius_1_d0_f,lon_4874129673097428_lat_5239029640322658_radius_1,0,f
ATM_square_equirectangular_boom/Spaarndammerbuurt_Midden/lon_4874129673097428_lat_5239029640322658_radius_1_d0_f/20171228TMX7316010203-000529pano_0000_000245_4.87412931562988_52.3902961442024.jpg,2017,12,28,Spaarndammerbuurt_Midden,0,lon_4874129673097428_lat_5239029640322658_radius_1_d0_f,lon_4874129673097428_lat_5239029640322658_radius_1,0,f
ATM_square_equirectangular_boom/Spaarndammerbuurt_Midden/lon_4874129673097428_lat_5239029640322658_radius_1_d0_f/20171228TMX7316010203-000529pano_0000_000326_4.87413970293355_52.3902921691814.jpg,2017,12,28,Spaarndammerbuurt_Midden,0,lon_4874129673097428_lat_5239029640322658_radius_1_d0_f,lon_4874129673097428_lat_5239029640322658_radius_1,0,f
ATM_square_equirectangular_boom/Spaarndammerbuurt_Midden/lon_4874129673097428_lat_5239029640322658_radius_1_d0_f/20180621TMX7316010203-000801pano_0000_000576_4.87412357088069_52.3902935085062.jpg,2018,6,21,Spaarndammerbuurt_Midden,0,lon_4874129673097428_lat_5239029640322658_radius_1_d0_f,lon_4874129673097428_lat_5239029640322658_radius_1,0,f
ATM_square_equirectangular_boom/Spaarndammerbuurt_Midden/lon_4874129673097428_lat_5239029640322658_radius_1_d0_f/20180621TMX7316010203-000801pano_0000_001546_4.87412444032649_52.3903012378869.jpg,2018,6,21,Spaarndammerbuurt_Midden,0,lon_4874129673097428_lat_5239029640322658_radius_1_d0_f,lon_4874129673097428_lat_5239029640322658_radius_1,0,f
ATM_square_equirectangular_boom/Spaarndammerbuurt_Midden/lon_4874129673097428_lat_5239029640322658_radius_1_d0_f/20200814TMX7316010203-001875pano_0003_002295_4.87412525652043_52.3902956817371.jpg,2020,8,14,Spaarndammerbuurt_Midden,0,lon_4874129673097428_lat_5239029640322658_radius_1_d0_f,lon_4874129673097428_lat_5239029640322658_radius_1,0,f
ATM_square_equirectangular_boom/Spaarndammerbuurt_Midden/lon_4874129673097428_lat_5239029640322658_radius_1_d0_f/20210319TMX7316010203-002052pano_0000_002839_4.87412948348462_52.3902906437212.jpg,2021,3,19,Spaarndammerbuurt_Midden,0,lon_4874129673097428_lat_5239029640322658_radius_1_d0_f,lon_4874129673097428_lat_5239029640322658_radius_1,0,f
ATM_square_equirectangular_boom/Spaarndammerbuurt_Midden/lon_4874129673097428_lat_5239029640322658_radius_1_d0_f/20220622TMX7316010203-002620pano_0014_001209_4.87413180409229_52.3902999548768.jpg,2022,6,22,Spaarndammerbuurt_Midden,0,lon_4874129673097428_lat_5239029640322658_radius_1_d0_f,lon_4874129673097428_lat_5239029640322658_radius_1,0,f
ATM_square_equirectangular_boom/Spaarndammerbuurt_Midden/lon_4874129673097428_lat_5239029640322658_radius_1_d0_f/20221214TMX7316010203-002854pano_0020_000050_4.87412725631296_52.3903019553663.jpg,2022,12,14,Spaarndammerbuurt_Midden,0,lon_4874129673097428_lat_5239029640322658_radius_1_d0_f,lon_4874129673097428_lat_5239029640322658_radius_1,0,f
ATM_square_equirectangular_boom/Spaarndammerbuurt_Midden/lon_4874129673097428_lat_5239029640322658_radius_1_d0_l/20160609TMX7315120208-000073pano_0007_000223_4.87413723382294_52.390295376538.jpg,2016,6,9,Spaarndammerbuurt_Midden,0,lon_4874129673097428_lat_5239029640322658_radius_1_d0_l,lon_4874129673097428_lat_5239029640322658_radius_1,0,l
ATM_square_equirectangular_boom/Spaarndammerbuurt_Midden/lon_4874129673097428_lat_5239029640322658_radius_1_d0_l/20160615TMX7315080123-000292pano_0000_000046_4.87413094060823_52.3903049732582.jpg,2016,6,15,Spaarndammerbuurt_Midden,0,lon_4874129673097428_lat_5239029640322658_radius_1_d0_l,lon_4874129673097428_lat_5239029640322658_radius_1,0,l
ATM_square_equirectangular_boom/Spaarndammerbuurt_Midden/lon_4874129673097428_lat_5239029640322658_radius_1_d0_l/20170424TMX7316010203-000277pano_0001_000605_4.87412711367002_52.3902978940078.jpg,2017,4,24,Spaarndammerbuurt_Midden,0,lon_4874129673097428_lat_5239029640322658_radius_1_d0_l,lon_4874129673097428_lat_5239029640322658_radius_1,0,l
ATM_square_equirectangular_boom/Spaarndammerbuurt_Midden/lon_4874129673097428_lat_5239029640322658_radius_1_d0_l/20171228TMX7316010203-000529pano_0000_000245_4.87412931562988_52.3902961442024.jpg,2017,12,28,Spaarndammerbuurt_Midden,0,lon_4874129673097428_lat_5239029640322658_radius_1_d0_l,lon_4874129673097428_lat_5239029640322658_radius_1,0,l
ATM_square_equirectangular_boom/Spaarndammerbuurt_Midden/lon_4874129673097428_lat_5239029640322658_radius_1_d0_l/20171228TMX7316010203-000529pano_0000_000326_4.87413970293355_52.3902921691814.jpg,2017,12,28,Spaarndammerbuurt_Midden,0,lon_4874129673097428_lat_5239029640322658_radius_1_d0_l,lon_4874129673097428_lat_5239029640322658_radius_1,0,l
ATM_square_equirectangular_boom/Spaarndammerbuurt_Midden/lon_4874129673097428_lat_5239029640322658_radius_1_d0_l/20180621TMX7316010203-000801pano_0000_000576_4.87412357088069_52.3902935085062.jpg,2018,6,21,Spaarndammerbuurt_Midden,0,lon_4874129673097428_lat_5239029640322658_radius_1_d0_l,lon_4874129673097428_lat_5239029640322658_radius_1,0,l
ATM_square_equirectangular_boom/Spaarndammerbuurt_Midden/lon_4874129673097428_lat_5239029640322658_radius_1_d0_l/20180621TMX7316010203-000801pano_0000_001546_4.87412444032649_52.3903012378869.jpg,2018,6,21,Spaarndammerbuurt_Midden,0,lon_4874129673097428_lat_5239029640322658_radius_1_d0_l,lon_4874129673097428_lat_5239029640322658_radius_1,0,l
ATM_square_equirectangular_boom/Spaarndammerbuurt_Midden/lon_4874129673097428_lat_5239029640322658_radius_1_d0_l/20200814TMX7316010203-001875pano_0003_002295_4.87412525652043_52.3902956817371.jpg,2020,8,14,Spaarndammerbuurt_Midden,0,lon_4874129673097428_lat_5239029640322658_radius_1_d0_l,lon_4874129673097428_lat_5239029640322658_radius_1,0,l
ATM_square_equirectangular_boom/Spaarndammerbuurt_Midden/lon_4874129673097428_lat_5239029640322658_radius_1_d0_l/20210319TMX7316010203-002052pano_0000_002839_4.87412948348462_52.3902906437212.jpg,2021,3,19,Spaarndammerbuurt_Midden,0,lon_4874129673097428_lat_5239029640322658_radius_1_d0_l,lon_4874129673097428_lat_5239029640322658_radius_1,0,l
ATM_square_equirectangular_boom/Spaarndammerbuurt_Midden/lon_4874129673097428_lat_5239029640322658_radius_1_d0_l/20220622TMX7316010203-002620pano_0014_001209_4.87413180409229_52.3902999548768.jpg,2022,6,22,Spaarndammerbuurt_Midden,0,lon_4874129673097428_lat_5239029640322658_radius_1_d0_l,lon_4874129673097428_lat_5239029640322658_radius_1,0,l
ATM_square_equirectangular_boom/Spaarndammerbuurt_Midden/lon_4874129673097428_lat_5239029640322658_radius_1_d0_l/20221214TMX7316010203-002854pano_0020_000050_4.87412725631296_52.3903019553663.jpg,2022,12,14,Spaarndammerbuurt_Midden,0,lon_4874129673097428_lat_5239029640322658_radius_1_d0_l,lon_4874129673097428_lat_5239029640322658_radius_1,0,l
ATM_square_equirectangular_boom/Noordoever_Sloterplas/lon_4826381880728502_lat_5237394621988618_radius_1_d0_l/20160818TMX7316010203-000079pano_0011_000077_4.8263924543489_52.3739452394949.jpg,2016,8,18,Noordoever_Sloterplas,0,lon_4826381880728502_lat_5237394621988618_radius_1_d0_l,lon_4826381880728502_lat_5237394621988618_radius_1,0,l
ATM_square_equirectangular_boom/Noordoever_Sloterplas/lon_4826381880728502_lat_5237394621988618_radius_1_d0_l/20170509TMX7316010203-000289pano_0000_001383_4.82637690400182_52.373948188711.jpg,2017,5,9,Noordoever_Sloterplas,0,lon_4826381880728502_lat_5237394621988618_radius_1_d0_l,lon_4826381880728502_lat_5237394621988618_radius_1,0,l
ATM_square_equirectangular_boom/Noordoever_Sloterplas/lon_4826381880728502_lat_5237394621988618_radius_1_d0_l/20180706TMX7316010203-000828pano_0000_000791_4.82637042726645_52.3739433577225.jpg,2018,7,6,Noordoever_Sloterplas,1,lon_4826381880728502_lat_5237394621988618_radius_1_d0_l,lon_4826381880728502_lat_5237394621988618_radius_1,0,l
ATM_square_equirectangular_boom/Noordoever_Sloterplas/lon_4826381880728502_lat_5237394621988618_radius_1_d0_l/20200508TMX7316010203-001699pano_0000_002466_4.82638259601471_52.3739450680049.jpg,2020,5,8,Noordoever_Sloterplas,1,lon_4826381880728502_lat_5237394621988618_radius_1_d0_l,lon_4826381880728502_lat_5237394621988618_radius_1,0,l
ATM_square_equirectangular_boom/Noordoever_Sloterplas/lon_4826381880728502_lat_5237394621988618_radius_1_d0_l/20210331TMX7316010203-002073pano_0000_002178_4.82638702201063_52.3739492454976.jpg,2021,3,31,Noordoever_Sloterplas,0,lon_4826381880728502_lat_5237394621988618_radius_1_d0_l,lon_4826381880728502_lat_5237394621988618_radius_1,0,l
ATM_square_equirectangular_boom/Noordoever_Sloterplas/lon_4826381880728502_lat_5237394621988618_radius_1_d0_l/20220412TMX7316010203-002506pano_0001_000072_4.82637138161562_52.373945380678.jpg,2022,4,12,Noordoever_Sloterplas,0,lon_4826381880728502_lat_5237394621988618_radius_1_d0_l,lon_4826381880728502_lat_5237394621988618_radius_1,0,l
ATM_square_equirectangular_boom/Noordoever_Sloterplas/lon_4821409274592872_lat_52373887426395626_radius_1_d0_b/20180108TMX7316010203-000535pano_0000_006993_4.82140829588234_52.3738890659346.jpg,2018,1,8,Noordoever_Sloterplas,0,lon_4821409274592872_lat_52373887426395626_radius_1_d0_b,lon_4821409274592872_lat_52373887426395626_radius_1,0,b
ATM_square_equirectangular_boom/Noordoever_Sloterplas/lon_4821409274592872_lat_52373887426395626_radius_1_d0_b/20180706TMX7316010203-000828pano_0000_002325_4.8213988717968_52.3738891777161.jpg,2018,7,6,Noordoever_Sloterplas,1,lon_4821409274592872_lat_52373887426395626_radius_1_d0_b,lon_4821409274592872_lat_52373887426395626_radius_1,0,b
ATM_square_equirectangular_boom/Noordoever_Sloterplas/lon_4821409274592872_lat_52373887426395626_radius_1_d0_b/20190711TMX7316010203-001305pano_0000_003414_4.82141750150768_52.3738918002577.jpg,2019,7,11,Noordoever_Sloterplas,0,lon_4821409274592872_lat_52373887426395626_radius_1_d0_b,lon_4821409274592872_lat_52373887426395626_radius_1,0,b
ATM_square_equirectangular_boom/Noordoever_Sloterplas/lon_4821409274592872_lat_52373887426395626_radius_1_d0_b/20191112TMX7316060226-000479pano_0000_001446_4.82142005857586_52.3738850515663.jpg,2019,11,12,Noordoever_Sloterplas,0,lon_4821409274592872_lat_52373887426395626_radius_1_d0_b,lon_4821409274592872_lat_52373887426395626_radius_1,0,b
ATM_square_equirectangular_boom/Noordoever_Sloterplas/lon_4821409274592872_lat_52373887426395626_radius_1_d0_b/20200508TMX7316010203-001699pano_0000_005214_4.82142247628934_52.3738844435434.jpg,2020,5,8,Noordoever_Sloterplas,0,lon_4821409274592872_lat_52373887426395626_radius_1_d0_b,lon_4821409274592872_lat_52373887426395626_radius_1,0,b
ATM_square_equirectangular_boom/Noordoever_Sloterplas/lon_4821409274592872_lat_52373887426395626_radius_1_d0_b/20210331TMX7316010203-002073pano_0000_001338_4.82140344153464_52.3738861997897.jpg,2021,3,31,Noordoever_Sloterplas,0,lon_4821409274592872_lat_52373887426395626_radius_1_d0_b,lon_4821409274592872_lat_52373887426395626_radius_1,0,b
ATM_square_equirectangular_boom/Noordoever_Sloterplas/lon_4821409274592872_lat_52373887426395626_radius_1_d0_b/20220412TMX7316010203-002508pano_0005_000409_4.82140530927491_52.3738864628852.jpg,2022,4,12,Noordoever_Sloterplas,0,lon_4821409274592872_lat_52373887426395626_radius_1_d0_b,lon_4821409274592872_lat_52373887426395626_radius_1,0,b
ATM_square_equirectangular_boom/Noordoever_Sloterplas/lon_4831013826434353_lat_523717977517733_radius_1_d200_l/20170510TMX7316010203-000293pano_0000_003955_4.83100821257801_52.3717977948745.jpg,2017,5,10,Noordoever_Sloterplas,0,lon_4831013826434353_lat_523717977517733_radius_1_d200_l,lon_4831013826434353_lat_523717977517733_radius_1,200,l
ATM_square_equirectangular_boom/Noordoever_Sloterplas/lon_4831013826434353_lat_523717977517733_radius_1_d200_l/20180706TMX7316010203-000828pano_0000_003006_4.83101413092643_52.3717948833306.jpg,2018,7,6,Noordoever_Sloterplas,0,lon_4831013826434353_lat_523717977517733_radius_1_d200_l,lon_4831013826434353_lat_523717977517733_radius_1,200,l
ATM_square_equirectangular_boom/Noordoever_Sloterplas/lon_4831013826434353_lat_523717977517733_radius_1_d200_l/20200508TMX7316010203-001699pano_0000_002047_4.83101913579862_52.3718005771148.jpg,2020,5,8,Noordoever_Sloterplas,1,lon_4831013826434353_lat_523717977517733_radius_1_d200_l,lon_4831013826434353_lat_523717977517733_radius_1,200,l
ATM_square_equirectangular_boom/Bellamybuurt_Zuid/lon_4866205275382628_lat_523671470957237_radius_1_d0_f/20160809TMX7316010203-000053pano_0000_002399_4.86620706438256_52.3671480085613.jpg,2016,8,9,Bellamybuurt_Zuid,0,lon_4866205275382628_lat_523671470957237_radius_1_d0_f,lon_4866205275382628_lat_523671470957237_radius_1,0,f
ATM_square_equirectangular_boom/Bellamybuurt_Zuid/lon_4866205275382628_lat_523671470957237_radius_1_d0_f/20190109TMX7316010203-001041pano_0002_004286_4.86620583287394_52.3671446523154.jpg,2019,1,9,Bellamybuurt_Zuid,0,lon_4866205275382628_lat_523671470957237_radius_1_d0_f,lon_4866205275382628_lat_523671470957237_radius_1,0,f
ATM_square_equirectangular_boom/Bellamybuurt_Zuid/lon_4866205275382628_lat_523671470957237_radius_1_d0_f/20190430TMX7316010203-001148pano_0000_000384_4.86620958812224_52.3671431414646.jpg,2019,4,30,Bellamybuurt_Zuid,0,lon_4866205275382628_lat_523671470957237_radius_1_d0_f,lon_4866205275382628_lat_523671470957237_radius_1,0,f
ATM_square_equirectangular_boom/Bellamybuurt_Zuid/lon_4866205275382628_lat_523671470957237_radius_1_d0_f/20210325TMX7316010203-002060pano_0000_005249_4.86619861615177_52.3671525805535.jpg,2021,3,25,Bellamybuurt_Zuid,1,lon_4866205275382628_lat_523671470957237_radius_1_d0_f,lon_4866205275382628_lat_523671470957237_radius_1,0,f
ATM_square_equirectangular_boom/Bellamybuurt_Zuid/lon_4866205275382628_lat_523671470957237_radius_1_d0_f/20220902TMX7316010203-002787pano_0000_000795_4.86619924684457_52.3671521724576.jpg,2022,9,2,Bellamybuurt_Zuid,0,lon_4866205275382628_lat_523671470957237_radius_1_d0_f,lon_4866205275382628_lat_523671470957237_radius_1,0,f
ATM_square_equirectangular_boom/Bellamybuurt_Zuid/lon_4866205275382628_lat_523671470957237_radius_1_d0_l/20160809TMX7316010203-000053pano_0000_002399_4.86620706438256_52.3671480085613.jpg,2016,8,9,Bellamybuurt_Zuid,0,lon_4866205275382628_lat_523671470957237_radius_1_d0_l,lon_4866205275382628_lat_523671470957237_radius_1,0,l
ATM_square_equirectangular_boom/Bellamybuurt_Zuid/lon_4866205275382628_lat_523671470957237_radius_1_d0_l/20190109TMX7316010203-001041pano_0002_004286_4.86620583287394_52.3671446523154.jpg,2019,1,9,Bellamybuurt_Zuid,0,lon_4866205275382628_lat_523671470957237_radius_1_d0_l,lon_4866205275382628_lat_523671470957237_radius_1,0,l
ATM_square_equirectangular_boom/Bellamybuurt_Zuid/lon_4866205275382628_lat_523671470957237_radius_1_d0_l/20190430TMX7316010203-001148pano_0000_000384_4.86620958812224_52.3671431414646.jpg,2019,4,30,Bellamybuurt_Zuid,0,lon_4866205275382628_lat_523671470957237_radius_1_d0_l,lon_4866205275382628_lat_523671470957237_radius_1,0,l
ATM_square_equirectangular_boom/Bellamybuurt_Zuid/lon_4866205275382628_lat_523671470957237_radius_1_d0_l/20210325TMX7316010203-002060pano_0000_005249_4.86619861615177_52.3671525805535.jpg,2021,3,25,Bellamybuurt_Zuid,1,lon_4866205275382628_lat_523671470957237_radius_1_d0_l,lon_4866205275382628_lat_523671470957237_radius_1,0,l
ATM_square_equirectangular_boom/Bellamybuurt_Zuid/lon_4866205275382628_lat_523671470957237_radius_1_d0_l/20220902TMX7316010203-002787pano_0000_000795_4.86619924684457_52.3671521724576.jpg,2022,9,2,Bellamybuurt_Zuid,0,lon_4866205275382628_lat_523671470957237_radius_1_d0_l,lon_4866205275382628_lat_523671470957237_radius_1,0,l
ATM_square_equirectangular_boom/Spiegelbuurt/lon_4887275920489645_lat_5236523926320622_radius_1_d0_r/20160816TMX7316060226-000022pano_0000_000445_4.88726597609113_52.3652436890472.jpg,2016,8,16,Spiegelbuurt,0,lon_4887275920489645_lat_5236523926320622_radius_1_d0_r,lon_4887275920489645_lat_5236523926320622_radius_1,0,r
ATM_square_equirectangular_boom/Spiegelbuurt/lon_4887275920489645_lat_5236523926320622_radius_1_d0_r/20180511TMX7316010203-000714pano_0001_002675_4.88727904895343_52.3652349541623.jpg,2018,5,11,Spiegelbuurt,0,lon_4887275920489645_lat_5236523926320622_radius_1_d0_r,lon_4887275920489645_lat_5236523926320622_radius_1,0,r
ATM_square_equirectangular_boom/Spiegelbuurt/lon_4887275920489645_lat_5236523926320622_radius_1_d0_r/20191308TMX7316010203-001543pano_0000_001764_4.88728317475147_52.3652402674808.jpg,2020,1,8,Spiegelbuurt,0,lon_4887275920489645_lat_5236523926320622_radius_1_d0_r,lon_4887275920489645_lat_5236523926320622_radius_1,0,r
ATM_square_equirectangular_boom/Spiegelbuurt/lon_4887275920489645_lat_5236523926320622_radius_1_d0_r/20200422TMX7316010203-001666pano_0000_001879_4.88727548216255_52.3652381421346.jpg,2020,4,22,Spiegelbuurt,0,lon_4887275920489645_lat_5236523926320622_radius_1_d0_r,lon_4887275920489645_lat_5236523926320622_radius_1,0,r
ATM_square_equirectangular_boom/Spiegelbuurt/lon_4887275920489645_lat_5236523926320622_radius_1_d0_r/20221215TMX7316010203-002865pano_0011_000242_4.88726850102785_52.3652376269448.jpg,2022,12,15,Spiegelbuurt,0,lon_4887275920489645_lat_5236523926320622_radius_1_d0_r,lon_4887275920489645_lat_5236523926320622_radius_1,0,r
ATM_square_equirectangular_boom/buurt_5_Zuid/lon_4812312831083146_lat_52373315349923644_radius_1_d0_f/20160815TMX7316010203-000070pano_0002_000174_4.81231220945998_52.3733241974923.jpg,2016,8,15,buurt_5_Zuid,0,lon_4812312831083146_lat_52373315349923644_radius_1_d0_f,lon_4812312831083146_lat_52373315349923644_radius_1,0,f
ATM_square_equirectangular_boom/buurt_5_Zuid/lon_4812312831083146_lat_52373315349923644_radius_1_d0_f/20170519TMX7316010203-000302pano_0001_002632_4.81231669976461_52.3733198393555.jpg,2017,5,19,buurt_5_Zuid,0,lon_4812312831083146_lat_52373315349923644_radius_1_d0_f,lon_4812312831083146_lat_52373315349923644_radius_1,0,f
ATM_square_equirectangular_boom/buurt_5_Zuid/lon_4812312831083146_lat_52373315349923644_radius_1_d0_f/20180706TMX7316010203-000829pano_0000_004717_4.81231842976502_52.3733228963655.jpg,2018,7,6,buurt_5_Zuid,0,lon_4812312831083146_lat_52373315349923644_radius_1_d0_f,lon_4812312831083146_lat_52373315349923644_radius_1,0,f
ATM_square_equirectangular_boom/buurt_5_Zuid/lon_4812312831083146_lat_52373315349923644_radius_1_d0_f/20191112TMX7316060226-000479pano_0000_000589_4.81231289614507_52.3733141424499.jpg,2019,11,12,buurt_5_Zuid,1,lon_4812312831083146_lat_52373315349923644_radius_1_d0_f,lon_4812312831083146_lat_52373315349923644_radius_1,0,f
ATM_square_equirectangular_boom/buurt_5_Zuid/lon_4812312831083146_lat_52373315349923644_radius_1_d0_f/20200819TMX7316010203-001881pano_0002_000263_4.81231441213281_52.3733169147515.jpg,2020,8,19,buurt_5_Zuid,1,lon_4812312831083146_lat_52373315349923644_radius_1_d0_f,lon_4812312831083146_lat_52373315349923644_radius_1,0,f
ATM_square_equirectangular_boom/buurt_5_Zuid/lon_4812312831083146_lat_52373315349923644_radius_1_d0_r/20160815TMX7316010203-000070pano_0002_000174_4.81231220945998_52.3733241974923.jpg,2016,8,15,buurt_5_Zuid,0,lon_4812312831083146_lat_52373315349923644_radius_1_d0_r,lon_4812312831083146_lat_52373315349923644_radius_1,0,r
ATM_square_equirectangular_boom/buurt_5_Zuid/lon_4812312831083146_lat_52373315349923644_radius_1_d0_r/20170519TMX7316010203-000302pano_0001_002632_4.81231669976461_52.3733198393555.jpg,2017,5,19,buurt_5_Zuid,0,lon_4812312831083146_lat_52373315349923644_radius_1_d0_r,lon_4812312831083146_lat_52373315349923644_radius_1,0,r
ATM_square_equirectangular_boom/buurt_5_Zuid/lon_4812312831083146_lat_52373315349923644_radius_1_d0_r/20180706TMX7316010203-000829pano_0000_004717_4.81231842976502_52.3733228963655.jpg,2018,7,6,buurt_5_Zuid,0,lon_4812312831083146_lat_52373315349923644_radius_1_d0_r,lon_4812312831083146_lat_52373315349923644_radius_1,0,r
ATM_square_equirectangular_boom/buurt_5_Zuid/lon_4812312831083146_lat_52373315349923644_radius_1_d0_r/20191112TMX7316060226-000479pano_0000_000589_4.81231289614507_52.3733141424499.jpg,2019,11,12,buurt_5_Zuid,1,lon_4812312831083146_lat_52373315349923644_radius_1_d0_r,lon_4812312831083146_lat_52373315349923644_radius_1,0,r
ATM_square_equirectangular_boom/buurt_5_Zuid/lon_4812312831083146_lat_52373315349923644_radius_1_d0_r/20200819TMX7316010203-001881pano_0002_000263_4.81231441213281_52.3733169147515.jpg,2020,8,19,buurt_5_Zuid,1,lon_4812312831083146_lat_52373315349923644_radius_1_d0_r,lon_4812312831083146_lat_52373315349923644_radius_1,0,r
ATM_square_equirectangular_boom/Rieteiland_Oost/lon_5003703871804632_lat_5234601309286113_radius_1_d100_r/20171130TMX7316010203-000502pano_0001_000348_5.00370513724498_52.3460186458183.jpg,2017,11,30,Rieteiland_Oost,0,lon_5003703871804632_lat_5234601309286113_radius_1_d100_r,lon_5003703871804632_lat_5234601309286113_radius_1,100,r
ATM_square_equirectangular_boom/Rieteiland_Oost/lon_5003703871804632_lat_5234601309286113_radius_1_d100_r/20180517TMX7316010203-000741pano_0000_003806_5.00370502720464_52.3460158745674.jpg,2018,5,17,Rieteiland_Oost,0,lon_5003703871804632_lat_5234601309286113_radius_1_d100_r,lon_5003703871804632_lat_5234601309286113_radius_1,100,r
ATM_square_equirectangular_boom/Rieteiland_Oost/lon_5003703871804632_lat_5234601309286113_radius_1_d100_r/20181217TMX7316010203-001018pano_0001_000733_5.00371662291672_52.3460105405328.jpg,2018,12,17,Rieteiland_Oost,0,lon_5003703871804632_lat_5234601309286113_radius_1_d100_r,lon_5003703871804632_lat_5234601309286113_radius_1,100,r
ATM_square_equirectangular_boom/Rieteiland_Oost/lon_5003703871804632_lat_5234601309286113_radius_1_d100_r/20210915TMX7316010203-002311pano_0004_001034_5.00369926010578_52.3460140228523.jpg,2021,9,15,Rieteiland_Oost,1,lon_5003703871804632_lat_5234601309286113_radius_1_d100_r,lon_5003703871804632_lat_5234601309286113_radius_1,100,r
ATM_square_equirectangular_boom/Rieteiland_Oost/lon_5003703871804632_lat_5234601309286113_radius_1_d100_b/20171130TMX7316010203-000502pano_0001_000348_5.00370513724498_52.3460186458183.jpg,2017,11,30,Rieteiland_Oost,0,lon_5003703871804632_lat_5234601309286113_radius_1_d100_b,lon_5003703871804632_lat_5234601309286113_radius_1,100,b
ATM_square_equirectangular_boom/Rieteiland_Oost/lon_5003703871804632_lat_5234601309286113_radius_1_d100_b/20180517TMX7316010203-000741pano_0000_003806_5.00370502720464_52.3460158745674.jpg,2018,5,17,Rieteiland_Oost,0,lon_5003703871804632_lat_5234601309286113_radius_1_d100_b,lon_5003703871804632_lat_5234601309286113_radius_1,100,b
ATM_square_equirectangular_boom/Rieteiland_Oost/lon_5003703871804632_lat_5234601309286113_radius_1_d100_b/20181217TMX7316010203-001018pano_0001_000733_5.00371662291672_52.3460105405328.jpg,2018,12,17,Rieteiland_Oost,0,lon_5003703871804632_lat_5234601309286113_radius_1_d100_b,lon_5003703871804632_lat_5234601309286113_radius_1,100,b
ATM_square_equirectangular_boom/Rieteiland_Oost/lon_5003703871804632_lat_5234601309286113_radius_1_d100_b/20210915TMX7316010203-002311pano_0004_001034_5.00369926010578_52.3460140228523.jpg,2021,9,15,Rieteiland_Oost,1,lon_5003703871804632_lat_5234601309286113_radius_1_d100_b,lon_5003703871804632_lat_5234601309286113_radius_1,100,b
ATM_square_equirectangular_boom/Rieteiland_Oost/lon_5003703871804632_lat_5234601309286113_radius_1_d100_l/20171130TMX7316010203-000502pano_0001_000348_5.00370513724498_52.3460186458183.jpg,2017,11,30,Rieteiland_Oost,0,lon_5003703871804632_lat_5234601309286113_radius_1_d100_l,lon_5003703871804632_lat_5234601309286113_radius_1,100,l
ATM_square_equirectangular_boom/Rieteiland_Oost/lon_5003703871804632_lat_5234601309286113_radius_1_d100_l/20180517TMX7316010203-000741pano_0000_003806_5.00370502720464_52.3460158745674.jpg,2018,5,17,Rieteiland_Oost,0,lon_5003703871804632_lat_5234601309286113_radius_1_d100_l,lon_5003703871804632_lat_5234601309286113_radius_1,100,l
ATM_square_equirectangular_boom/Rieteiland_Oost/lon_5003703871804632_lat_5234601309286113_radius_1_d100_l/20181217TMX7316010203-001018pano_0001_000733_5.00371662291672_52.3460105405328.jpg,2018,12,17,Rieteiland_Oost,0,lon_5003703871804632_lat_5234601309286113_radius_1_d100_l,lon_5003703871804632_lat_5234601309286113_radius_1,100,l
ATM_square_equirectangular_boom/Rieteiland_Oost/lon_5003703871804632_lat_5234601309286113_radius_1_d100_l/20210915TMX7316010203-002311pano_0004_001034_5.00369926010578_52.3460140228523.jpg,2021,9,15,Rieteiland_Oost,1,lon_5003703871804632_lat_5234601309286113_radius_1_d100_l,lon_5003703871804632_lat_5234601309286113_radius_1,100,l
ATM_square_equirectangular_boom/Rieteiland_Oost/lon_5001089991267414_lat_52346826914132066_radius_1_d0_f/20160606TMX7315120208-000068pano_0005_000921_5.00108901057935_52.3468210572468.jpg,2016,6,6,Rieteiland_Oost,0,lon_5001089991267414_lat_52346826914132066_radius_1_d0_f,lon_5001089991267414_lat_52346826914132066_radius_1,0,f
ATM_square_equirectangular_boom/Rieteiland_Oost/lon_5001089991267414_lat_52346826914132066_radius_1_d0_f/20170403TMX7316010203-000241pano_0000_001818_5.00108621258133_52.3468320737861.jpg,2017,4,3,Rieteiland_Oost,0,lon_5001089991267414_lat_52346826914132066_radius_1_d0_f,lon_5001089991267414_lat_52346826914132066_radius_1,0,f
ATM_square_equirectangular_boom/Rieteiland_Oost/lon_5001089991267414_lat_52346826914132066_radius_1_d0_f/20171130TMX7316010203-000502pano_0001_000195_5.00109173561041_52.3468264179588.jpg,2017,11,30,Rieteiland_Oost,0,lon_5001089991267414_lat_52346826914132066_radius_1_d0_f,lon_5001089991267414_lat_52346826914132066_radius_1,0,f
ATM_square_equirectangular_boom/Rieteiland_Oost/lon_5001089991267414_lat_52346826914132066_radius_1_d0_f/20171130TMX7316010203-000502pano_0001_000197_5.00109027284466_52.3468275820188.jpg,2017,11,30,Rieteiland_Oost,0,lon_5001089991267414_lat_52346826914132066_radius_1_d0_f,lon_5001089991267414_lat_52346826914132066_radius_1,0,f
ATM_square_equirectangular_boom/Rieteiland_Oost/lon_5001089991267414_lat_52346826914132066_radius_1_d0_f/20200622TMX7316010203-001754pano_0000_006377_5.00109272472132_52.3468274396498.jpg,2020,6,22,Rieteiland_Oost,1,lon_5001089991267414_lat_52346826914132066_radius_1_d0_f,lon_5001089991267414_lat_52346826914132066_radius_1,0,f
ATM_square_equirectangular_boom/Rieteiland_Oost/lon_5001089991267414_lat_52346826914132066_radius_1_d0_f/20220513TMX7316010203-002580pano_0001_000899_5.00109709265905_52.3468237017342.jpg,2022,5,13,Rieteiland_Oost,0,lon_5001089991267414_lat_52346826914132066_radius_1_d0_f,lon_5001089991267414_lat_52346826914132066_radius_1,0,f
ATM_square_equirectangular_boom/Amsterdamse_Poort/lon_4951783701915252_lat_5231563536925615_radius_1_d0_f/20160707TMX7315120208-000104pano_0001_007706_4.95178510415072_52.3156375173453.jpg,2016,7,7,Amsterdamse_Poort,0,lon_4951783701915252_lat_5231563536925615_radius_1_d0_f,lon_4951783701915252_lat_5231563536925615_radius_1,0,f
ATM_square_equirectangular_boom/Amsterdamse_Poort/lon_4951783701915252_lat_5231563536925615_radius_1_d0_f/20181213TMX7316010203-001011pano_0018_000090_4.95177632924954_52.3156319162326.jpg,2018,12,13,Amsterdamse_Poort,1,lon_4951783701915252_lat_5231563536925615_radius_1_d0_f,lon_4951783701915252_lat_5231563536925615_radius_1,0,f
ATM_square_equirectangular_boom/Amsterdamse_Poort/lon_4951783701915252_lat_5231563536925615_radius_1_d0_f/20190613TMX7316010203-001217pano_0000_003123_4.95179512724884_52.3156367624064.jpg,2019,6,13,Amsterdamse_Poort,0,lon_4951783701915252_lat_5231563536925615_radius_1_d0_f,lon_4951783701915252_lat_5231563536925615_radius_1,0,f
ATM_square_equirectangular_boom/Amsterdamse_Poort/lon_4951783701915252_lat_5231563536925615_radius_1_d0_f/20190625TMX7316010203-001246pano_0000_000344_4.95177824701191_52.3156352810403.jpg,2019,6,25,Amsterdamse_Poort,0,lon_4951783701915252_lat_5231563536925615_radius_1_d0_f,lon_4951783701915252_lat_5231563536925615_radius_1,0,f
ATM_square_equirectangular_boom/Amsterdamse_Poort/lon_4951783701915252_lat_5231563536925615_radius_1_d0_f/20220620TMX7316010203-002611pano_0007_005357_4.95176968505448_52.3156359479767.jpg,2022,6,20,Amsterdamse_Poort,0,lon_4951783701915252_lat_5231563536925615_radius_1_d0_f,lon_4951783701915252_lat_5231563536925615_radius_1,0,f
ATM_square_equirectangular_boom/Amsterdamse_Poort/lon_4951783701915252_lat_5231563536925615_radius_1_d0_r/20160707TMX7315120208-000104pano_0001_007706_4.95178510415072_52.3156375173453.jpg,2016,7,7,Amsterdamse_Poort,0,lon_4951783701915252_lat_5231563536925615_radius_1_d0_r,lon_4951783701915252_lat_5231563536925615_radius_1,0,r
ATM_square_equirectangular_boom/Amsterdamse_Poort/lon_4951783701915252_lat_5231563536925615_radius_1_d0_r/20181213TMX7316010203-001011pano_0018_000090_4.95177632924954_52.3156319162326.jpg,2018,12,13,Amsterdamse_Poort,1,lon_4951783701915252_lat_5231563536925615_radius_1_d0_r,lon_4951783701915252_lat_5231563536925615_radius_1,0,r
ATM_square_equirectangular_boom/Amsterdamse_Poort/lon_4951783701915252_lat_5231563536925615_radius_1_d0_r/20190613TMX7316010203-001217pano_0000_003123_4.95179512724884_52.3156367624064.jpg,2019,6,13,Amsterdamse_Poort,0,lon_4951783701915252_lat_5231563536925615_radius_1_d0_r,lon_4951783701915252_lat_5231563536925615_radius_1,0,r
ATM_square_equirectangular_boom/Amsterdamse_Poort/lon_4951783701915252_lat_5231563536925615_radius_1_d0_r/20190625TMX7316010203-001246pano_0000_000344_4.95177824701191_52.3156352810403.jpg,2019,6,25,Amsterdamse_Poort,0,lon_4951783701915252_lat_5231563536925615_radius_1_d0_r,lon_4951783701915252_lat_5231563536925615_radius_1,0,r
ATM_square_equirectangular_boom/Amsterdamse_Poort/lon_4951783701915252_lat_5231563536925615_radius_1_d0_r/20220620TMX7316010203-002611pano_0007_005357_4.95176968505448_52.3156359479767.jpg,2022,6,20,Amsterdamse_Poort,0,lon_4951783701915252_lat_5231563536925615_radius_1_d0_r,lon_4951783701915252_lat_5231563536925615_radius_1,0,r
ATM_square_equirectangular_boom/Holendrecht_West/lon_4962436829831708_lat_52300389041530366_radius_1_d0_r/20160722TMX7315120208-000161pano_0001_000065_4.96243028399281_52.300387034493.jpg,2016,7,22,Holendrecht_West,0,lon_4962436829831708_lat_52300389041530366_radius_1_d0_r,lon_4962436829831708_lat_52300389041530366_radius_1,0,r
ATM_square_equirectangular_boom/Holendrecht_West/lon_4962436829831708_lat_52300389041530366_radius_1_d0_r/20180723TMX7316010203-000853pano_0000_005427_4.96243845308663_52.3003864450466.jpg,2018,7,23,Holendrecht_West,1,lon_4962436829831708_lat_52300389041530366_radius_1_d0_r,lon_4962436829831708_lat_52300389041530366_radius_1,0,r
ATM_square_equirectangular_boom/Holendrecht_West/lon_4962436829831708_lat_52300389041530366_radius_1_d0_r/20190619TMX7316010203-001230pano_0000_000968_4.96244481183014_52.3003824371277.jpg,2019,6,19,Holendrecht_West,0,lon_4962436829831708_lat_52300389041530366_radius_1_d0_r,lon_4962436829831708_lat_52300389041530366_radius_1,0,r
ATM_square_equirectangular_boom/Holendrecht_West/lon_4962436829831708_lat_52300389041530366_radius_1_d0_r/20190621TMX7316010203-001238pano_0000_002464_4.96243597643275_52.3003974908303.jpg,2019,6,21,Holendrecht_West,0,lon_4962436829831708_lat_52300389041530366_radius_1_d0_r,lon_4962436829831708_lat_52300389041530366_radius_1,0,r
ATM_square_equirectangular_boom/Holendrecht_West/lon_4962436829831708_lat_52300389041530366_radius_1_d0_r/20200911TMX7316010203-001925pano_0000_000724_4.96243462381621_52.3003918001542.jpg,2020,9,11,Holendrecht_West,0,lon_4962436829831708_lat_52300389041530366_radius_1_d0_r,lon_4962436829831708_lat_52300389041530366_radius_1,0,r
ATM_square_equirectangular_boom/Holendrecht_West/lon_4963142837288644_lat_5230411187462264_radius_1_d0_l/20170613TMX7316010203-000335pano_0000_009671_4.96314161833679_52.3041175802961.jpg,2017,6,13,Holendrecht_West,0,lon_4963142837288644_lat_5230411187462264_radius_1_d0_l,lon_4963142837288644_lat_5230411187462264_radius_1,0,l
ATM_square_equirectangular_boom/Holendrecht_West/lon_4963142837288644_lat_5230411187462264_radius_1_d0_l/20190626TMX7316010203-001253pano_0000_002331_4.96315057843619_52.3041097380977.jpg,2019,6,26,Holendrecht_West,0,lon_4963142837288644_lat_5230411187462264_radius_1_d0_l,lon_4963142837288644_lat_5230411187462264_radius_1,0,l
ATM_square_equirectangular_boom/Holendrecht_West/lon_4963142837288644_lat_5230411187462264_radius_1_d0_l/20200626TMX7316010203-001773pano_0000_002477_4.9631458051849_52.3041097183926.jpg,2020,6,26,Holendrecht_West,0,lon_4963142837288644_lat_5230411187462264_radius_1_d0_l,lon_4963142837288644_lat_5230411187462264_radius_1,0,l
ATM_square_equirectangular_boom/Holendrecht_West/lon_4963142837288644_lat_5230411187462264_radius_1_d0_l/20220617TMX7316010203-002609pano_0002_002298_4.96313692868091_52.3041147549481.jpg,2022,6,17,Holendrecht_West,1,lon_4963142837288644_lat_5230411187462264_radius_1_d0_l,lon_4963142837288644_lat_5230411187462264_radius_1,0,l
ATM_square_equirectangular_boom/Holendrecht_West/lon_496387063092383_lat_5230268801595377_radius_1_d0_l/20160715TMX7315120208-000136pano_0001_000010_4.96387021933289_52.3026859062812.jpg,2016,7,15,Holendrecht_West,0,lon_496387063092383_lat_5230268801595377_radius_1_d0_l,lon_496387063092383_lat_5230268801595377_radius_1,0,l
ATM_square_equirectangular_boom/Holendrecht_West/lon_496387063092383_lat_5230268801595377_radius_1_d0_l/20170613TMX7316010203-000335pano_0000_009775_4.96386951775397_52.3026863427787.jpg,2017,6,13,Holendrecht_West,0,lon_496387063092383_lat_5230268801595377_radius_1_d0_l,lon_496387063092383_lat_5230268801595377_radius_1,0,l
ATM_square_equirectangular_boom/Holendrecht_West/lon_496387063092383_lat_5230268801595377_radius_1_d0_l/20200703TMX7316010203-001786pano_0000_008223_4.96387215568463_52.3026917988014.jpg,2020,7,3,Holendrecht_West,1,lon_496387063092383_lat_5230268801595377_radius_1_d0_l,lon_496387063092383_lat_5230268801595377_radius_1,0,l
ATM_square_equirectangular_boom/Holendrecht_West/lon_496387063092383_lat_5230268801595377_radius_1_d0_b/20160715TMX7315120208-000136pano_0001_000010_4.96387021933289_52.3026859062812.jpg,2016,7,15,Holendrecht_West,0,lon_496387063092383_lat_5230268801595377_radius_1_d0_b,lon_496387063092383_lat_5230268801595377_radius_1,0,b
ATM_square_equirectangular_boom/Holendrecht_West/lon_496387063092383_lat_5230268801595377_radius_1_d0_b/20170613TMX7316010203-000335pano_0000_009775_4.96386951775397_52.3026863427787.jpg,2017,6,13,Holendrecht_West,0,lon_496387063092383_lat_5230268801595377_radius_1_d0_b,lon_496387063092383_lat_5230268801595377_radius_1,0,b
ATM_square_equirectangular_boom/Holendrecht_West/lon_496387063092383_lat_5230268801595377_radius_1_d0_b/20200703TMX7316010203-001786pano_0000_008223_4.96387215568463_52.3026917988014.jpg,2020,7,3,Holendrecht_West,1,lon_496387063092383_lat_5230268801595377_radius_1_d0_b,lon_496387063092383_lat_5230268801595377_radius_1,0,b
ATM_square_equirectangular_boom/Groenmarktkadebuurt/lon_4877127312255052_lat_5236994691579677_radius_1_d200_f/20160817TMX7316010203-000076pano_0000_006276_4.87712387209916_52.3699527880578.jpg,2016,8,17,Groenmarktkadebuurt,0,lon_4877127312255052_lat_5236994691579677_radius_1_d200_f,lon_4877127312255052_lat_5236994691579677_radius_1,200,f
ATM_square_equirectangular_boom/Groenmarktkadebuurt/lon_4877127312255052_lat_5236994691579677_radius_1_d200_f/20180502TMX7316010203-000703pano_0000_007518_4.87713041990595_52.3699398678493.jpg,2018,5,2,Groenmarktkadebuurt,1,lon_4877127312255052_lat_5236994691579677_radius_1_d200_f,lon_4877127312255052_lat_5236994691579677_radius_1,200,f
ATM_square_equirectangular_boom/Groenmarktkadebuurt/lon_4877127312255052_lat_5236994691579677_radius_1_d200_f/20200424TMX7316010203-001675pano_0000_005029_4.87713135670541_52.3699465684859.jpg,2020,4,24,Groenmarktkadebuurt,0,lon_4877127312255052_lat_5236994691579677_radius_1_d200_f,lon_4877127312255052_lat_5236994691579677_radius_1,200,f
ATM_square_equirectangular_boom/Groenmarktkadebuurt/lon_4877127312255052_lat_5236994691579677_radius_1_d200_f/20211230TMX7316010203-002369pano_0000_000022_4.87712442144352_52.3699514392272.jpg,2021,12,30,Groenmarktkadebuurt,0,lon_4877127312255052_lat_5236994691579677_radius_1_d200_f,lon_4877127312255052_lat_5236994691579677_radius_1,200,f
ATM_square_equirectangular_boom/Groenmarktkadebuurt/lon_4877127312255052_lat_5236994691579677_radius_1_d200_f/20211230TMX7316010203-002369pano_0004_000157_4.87712324925811_52.3699533250756.jpg,2021,12,30,Groenmarktkadebuurt,0,lon_4877127312255052_lat_5236994691579677_radius_1_d200_f,lon_4877127312255052_lat_5236994691579677_radius_1,200,f
ATM_square_equirectangular_boom/Groenmarktkadebuurt/lon_4877127312255052_lat_5236994691579677_radius_1_d200_f/20230306TMX7316010203-002989pano_0007_000037_4.87712821883007_52.3699471576109.jpg,2023,3,6,Groenmarktkadebuurt,0,lon_4877127312255052_lat_5236994691579677_radius_1_d200_f,lon_4877127312255052_lat_5236994691579677_radius_1,200,f
ATM_square_equirectangular_boom/Groenmarktkadebuurt/lon_4877127312255052_lat_5236994691579677_radius_1_d200_l/20160817TMX7316010203-000076pano_0000_006276_4.87712387209916_52.3699527880578.jpg,2016,8,17,Groenmarktkadebuurt,0,lon_4877127312255052_lat_5236994691579677_radius_1_d200_l,lon_4877127312255052_lat_5236994691579677_radius_1,200,l
ATM_square_equirectangular_boom/Groenmarktkadebuurt/lon_4877127312255052_lat_5236994691579677_radius_1_d200_l/20180502TMX7316010203-000703pano_0000_007518_4.87713041990595_52.3699398678493.jpg,2018,5,2,Groenmarktkadebuurt,0,lon_4877127312255052_lat_5236994691579677_radius_1_d200_l,lon_4877127312255052_lat_5236994691579677_radius_1,200,l
ATM_square_equirectangular_boom/Groenmarktkadebuurt/lon_4877127312255052_lat_5236994691579677_radius_1_d200_l/20200424TMX7316010203-001675pano_0000_005029_4.87713135670541_52.3699465684859.jpg,2020,4,24,Groenmarktkadebuurt,0,lon_4877127312255052_lat_5236994691579677_radius_1_d200_l,lon_4877127312255052_lat_5236994691579677_radius_1,200,l
ATM_square_equirectangular_boom/Groenmarktkadebuurt/lon_4877127312255052_lat_5236994691579677_radius_1_d200_l/20211230TMX7316010203-002369pano_0000_000022_4.87712442144352_52.3699514392272.jpg,2021,12,30,Groenmarktkadebuurt,0,lon_4877127312255052_lat_5236994691579677_radius_1_d200_l,lon_4877127312255052_lat_5236994691579677_radius_1,200,l
ATM_square_equirectangular_boom/Groenmarktkadebuurt/lon_4877127312255052_lat_5236994691579677_radius_1_d200_l/20211230TMX7316010203-002369pano_0004_000157_4.87712324925811_52.3699533250756.jpg,2021,12,30,Groenmarktkadebuurt,0,lon_4877127312255052_lat_5236994691579677_radius_1_d200_l,lon_4877127312255052_lat_5236994691579677_radius_1,200,l
ATM_square_equirectangular_boom/Groenmarktkadebuurt/lon_4877127312255052_lat_5236994691579677_radius_1_d200_l/20230306TMX7316010203-002989pano_0007_000037_4.87712821883007_52.3699471576109.jpg,2023,3,6,Groenmarktkadebuurt,0,lon_4877127312255052_lat_5236994691579677_radius_1_d200_l,lon_4877127312255052_lat_5236994691579677_radius_1,200,l
ATM_square_equirectangular_boom/Groenmarktkadebuurt/lon_4876981245831093_lat_5237020127119628_radius_1_d0_r/20160817TMX7316010203-000076pano_0000_006270_4.87698066435394_52.3702088464953.jpg,2016,8,17,Groenmarktkadebuurt,0,lon_4876981245831093_lat_5237020127119628_radius_1_d0_r,lon_4876981245831093_lat_5237020127119628_radius_1,0,r
ATM_square_equirectangular_boom/Groenmarktkadebuurt/lon_4876981245831093_lat_5237020127119628_radius_1_d0_r/20200424TMX7316010203-001675pano_0000_005023_4.87698416478182_52.3701957067894.jpg,2020,4,24,Groenmarktkadebuurt,1,lon_4876981245831093_lat_5237020127119628_radius_1_d0_r,lon_4876981245831093_lat_5237020127119628_radius_1,0,r
ATM_square_equirectangular_boom/Groenmarktkadebuurt/lon_4876981245831093_lat_5237020127119628_radius_1_d0_r/20211230TMX7316010203-002369pano_0000_000016_4.87697951111163_52.3701993254284.jpg,2021,12,30,Groenmarktkadebuurt,0,lon_4876981245831093_lat_5237020127119628_radius_1_d0_r,lon_4876981245831093_lat_5237020127119628_radius_1,0,r
ATM_square_equirectangular_boom/Groenmarktkadebuurt/lon_4876981245831093_lat_5237020127119628_radius_1_d0_r/20211230TMX7316010203-002369pano_0004_000151_4.87698064307698_52.370201206072.jpg,2021,12,30,Groenmarktkadebuurt,0,lon_4876981245831093_lat_5237020127119628_radius_1_d0_r,lon_4876981245831093_lat_5237020127119628_radius_1,0,r
ATM_square_equirectangular_boom/Groenmarktkadebuurt/lon_4876981245831093_lat_5237020127119628_radius_1_d0_r/20230306TMX7316010203-002989pano_0007_000031_4.87698173257597_52.3702000239486.jpg,2023,3,6,Groenmarktkadebuurt,0,lon_4876981245831093_lat_5237020127119628_radius_1_d0_r,lon_4876981245831093_lat_5237020127119628_radius_1,0,r
ATM_square_equirectangular_boom/Tuindorp_Nieuwendam_Oost/lon_4949339176625887_lat_5239145785975575_radius_1_d300_r/20160805TMX7316060226-000014pano_0000_008764_4.94934393097317_52.3914587717274.jpg,2016,8,5,Tuindorp_Nieuwendam_Oost,0,lon_4949339176625887_lat_5239145785975575_radius_1_d300_r,lon_4949339176625887_lat_5239145785975575_radius_1,300,r
ATM_square_equirectangular_boom/Tuindorp_Nieuwendam_Oost/lon_4949339176625887_lat_5239145785975575_radius_1_d300_r/20170515TMX7316010203-000297pano_0000_004321_4.94934099029881_52.3914643741241.jpg,2017,5,15,Tuindorp_Nieuwendam_Oost,0,lon_4949339176625887_lat_5239145785975575_radius_1_d300_r,lon_4949339176625887_lat_5239145785975575_radius_1,300,r
ATM_square_equirectangular_boom/Tuindorp_Nieuwendam_Oost/lon_4949339176625887_lat_5239145785975575_radius_1_d300_r/20190708TMX7316010203-001297pano_0000_001341_4.94933785738035_52.3914548988803.jpg,2019,7,8,Tuindorp_Nieuwendam_Oost,0,lon_4949339176625887_lat_5239145785975575_radius_1_d300_r,lon_4949339176625887_lat_5239145785975575_radius_1,300,r
ATM_square_equirectangular_boom/Tuindorp_Nieuwendam_Oost/lon_4949339176625887_lat_5239145785975575_radius_1_d300_r/20210615TMX7316010203-002180pano_0000_001295_4.94933392785122_52.3914533942912.jpg,2021,6,15,Tuindorp_Nieuwendam_Oost,1,lon_4949339176625887_lat_5239145785975575_radius_1_d300_r,lon_4949339176625887_lat_5239145785975575_radius_1,300,r
ATM_square_equirectangular_boom/Tuindorp_Nieuwendam_Oost/lon_4949339176625887_lat_5239145785975575_radius_1_d300_r/20220509TMX7316010203-002563pano_0000_002556_4.94933505631738_52.3914537833953.jpg,2022,5,9,Tuindorp_Nieuwendam_Oost,0,lon_4949339176625887_lat_5239145785975575_radius_1_d300_r,lon_4949339176625887_lat_5239145785975575_radius_1,300,r
ATM_square_equirectangular_boom/Tuindorp_Nieuwendam_Oost/lon_4949339176625887_lat_5239145785975575_radius_1_d300_b/20160805TMX7316060226-000014pano_0000_008764_4.94934393097317_52.3914587717274.jpg,2016,8,5,Tuindorp_Nieuwendam_Oost,0,lon_4949339176625887_lat_5239145785975575_radius_1_d300_b,lon_4949339176625887_lat_5239145785975575_radius_1,300,b
ATM_square_equirectangular_boom/Tuindorp_Nieuwendam_Oost/lon_4949339176625887_lat_5239145785975575_radius_1_d300_b/20170515TMX7316010203-000297pano_0000_004321_4.94934099029881_52.3914643741241.jpg,2017,5,15,Tuindorp_Nieuwendam_Oost,0,lon_4949339176625887_lat_5239145785975575_radius_1_d300_b,lon_4949339176625887_lat_5239145785975575_radius_1,300,b
ATM_square_equirectangular_boom/Tuindorp_Nieuwendam_Oost/lon_4949339176625887_lat_5239145785975575_radius_1_d300_b/20190708TMX7316010203-001297pano_0000_001341_4.94933785738035_52.3914548988803.jpg,2019,7,8,Tuindorp_Nieuwendam_Oost,1,lon_4949339176625887_lat_5239145785975575_radius_1_d300_b,lon_4949339176625887_lat_5239145785975575_radius_1,300,b
ATM_square_equirectangular_boom/Tuindorp_Nieuwendam_Oost/lon_4949339176625887_lat_5239145785975575_radius_1_d300_b/20210615TMX7316010203-002180pano_0000_001295_4.94933392785122_52.3914533942912.jpg,2021,6,15,Tuindorp_Nieuwendam_Oost,1,lon_4949339176625887_lat_5239145785975575_radius_1_d300_b,lon_4949339176625887_lat_5239145785975575_radius_1,300,b
ATM_square_equirectangular_boom/Tuindorp_Nieuwendam_Oost/lon_4949339176625887_lat_5239145785975575_radius_1_d300_b/20220509TMX7316010203-002563pano_0000_002556_4.94933505631738_52.3914537833953.jpg,2022,5,9,Tuindorp_Nieuwendam_Oost,1,lon_4949339176625887_lat_5239145785975575_radius_1_d300_b,lon_4949339176625887_lat_5239145785975575_radius_1,300,b
ATM_square_equirectangular_boom/Tuindorp_Nieuwendam_Oost/lon_495079755585721_lat_5238971851883105_radius_1_d0_r/20160805TMX7316060226-000014pano_0000_009022_4.95079948348763_52.3897239164148.jpg,2016,8,5,Tuindorp_Nieuwendam_Oost,0,lon_495079755585721_lat_5238971851883105_radius_1_d0_r,lon_495079755585721_lat_5238971851883105_radius_1,0,r
ATM_square_equirectangular_boom/Tuindorp_Nieuwendam_Oost/lon_495079755585721_lat_5238971851883105_radius_1_d0_r/20170515TMX7316010203-000297pano_0000_004580_4.9508011753673_52.3897172658673.jpg,2017,5,15,Tuindorp_Nieuwendam_Oost,0,lon_495079755585721_lat_5238971851883105_radius_1_d0_r,lon_495079755585721_lat_5238971851883105_radius_1,0,r
ATM_square_equirectangular_boom/Tuindorp_Nieuwendam_Oost/lon_495079755585721_lat_5238971851883105_radius_1_d0_r/20180725TMX7316010203-000870pano_0000_000155_4.95079713141068_52.3897195996695.jpg,2018,7,25,Tuindorp_Nieuwendam_Oost,0,lon_495079755585721_lat_5238971851883105_radius_1_d0_r,lon_495079755585721_lat_5238971851883105_radius_1,0,r
ATM_square_equirectangular_boom/Tuindorp_Nieuwendam_Oost/lon_495079755585721_lat_5238971851883105_radius_1_d0_r/20200526TMX7316010203-001724pano_0000_001353_4.95079243316323_52.3897132933726.jpg,2020,5,26,Tuindorp_Nieuwendam_Oost,1,lon_495079755585721_lat_5238971851883105_radius_1_d0_r,lon_495079755585721_lat_5238971851883105_radius_1,0,r
ATM_square_equirectangular_boom/Koningin_Wilhelminaplein/lon_484068728936724_lat_5235594054762685_radius_1_d400_l/20190712TMX7316010203-001310pano_0000_000901_4.84068698702643_52.3559415854422.jpg,2019,7,12,Koningin_Wilhelminaplein,0,lon_484068728936724_lat_5235594054762685_radius_1_d400_l,lon_484068728936724_lat_5235594054762685_radius_1,400,l
ATM_square_equirectangular_boom/Koningin_Wilhelminaplein/lon_484068728936724_lat_5235594054762685_radius_1_d400_l/20200506TMX7316010203-001691pano_0001_006591_4.84068714412537_52.3559343401542.jpg,2020,5,6,Koningin_Wilhelminaplein,0,lon_484068728936724_lat_5235594054762685_radius_1_d400_l,lon_484068728936724_lat_5235594054762685_radius_1,400,l
ATM_square_equirectangular_boom/Koningin_Wilhelminaplein/lon_484068728936724_lat_5235594054762685_radius_1_d400_l/20200827TMX7316010203-001893pano_0001_001784_4.84068742969561_52.3559361581679.jpg,2020,8,27,Koningin_Wilhelminaplein,0,lon_484068728936724_lat_5235594054762685_radius_1_d400_l,lon_484068728936724_lat_5235594054762685_radius_1,400,l
ATM_square_equirectangular_boom/Koningin_Wilhelminaplein/lon_484068728936724_lat_5235594054762685_radius_1_d400_l/20220411TMX7316010203-002505pano_0002_000007_4.84067293934449_52.3559391012978.jpg,2022,4,11,Koningin_Wilhelminaplein,1,lon_484068728936724_lat_5235594054762685_radius_1_d400_l,lon_484068728936724_lat_5235594054762685_radius_1,400,l
ATM_square_equirectangular_boom/Nintermanterrein/lon_49233940322205365_lat_52397927351065796_radius_1_d300_b/20160718TMX7315120208-000143pano_0002_000826_4.92340728916041_52.3979276178877.jpg,2016,7,18,Nintermanterrein,0,lon_49233940322205365_lat_52397927351065796_radius_1_d300_b,lon_49233940322205365_lat_52397927351065796_radius_1,300,b
ATM_square_equirectangular_boom/Nintermanterrein/lon_49233940322205365_lat_52397927351065796_radius_1_d300_b/20170516TMX7316010203-000298pano_0000_000052_4.92340048547894_52.3979199777635.jpg,2017,5,16,Nintermanterrein,0,lon_49233940322205365_lat_52397927351065796_radius_1_d300_b,lon_49233940322205365_lat_52397927351065796_radius_1,300,b
ATM_square_equirectangular_boom/Nintermanterrein/lon_49233940322205365_lat_52397927351065796_radius_1_d300_b/20170802TMX7316010203-000369pano_0000_001374_4.92339625509352_52.3979233102222.jpg,2017,8,2,Nintermanterrein,0,lon_49233940322205365_lat_52397927351065796_radius_1_d300_b,lon_49233940322205365_lat_52397927351065796_radius_1,300,b
ATM_square_equirectangular_boom/Nintermanterrein/lon_49233940322205365_lat_52397927351065796_radius_1_d300_b/20190627TMX7316010203-001254pano_0000_000744_4.92338571695937_52.3979344748284.jpg,2019,6,27,Nintermanterrein,1,lon_49233940322205365_lat_52397927351065796_radius_1_d300_b,lon_49233940322205365_lat_52397927351065796_radius_1,300,b
ATM_square_equirectangular_boom/Nintermanterrein/lon_49233940322205365_lat_52397927351065796_radius_1_d300_b/20200602TMX7316010203-001732pano_0000_000637_4.92339325234587_52.3979287470378.jpg,2020,6,2,Nintermanterrein,0,lon_49233940322205365_lat_52397927351065796_radius_1_d300_b,lon_49233940322205365_lat_52397927351065796_radius_1,300,b
ATM_square_equirectangular_boom/Nintermanterrein/lon_49233940322205365_lat_52397927351065796_radius_1_d300_b/20210623TMX7316010203-002187pano_0000_000485_4.92338119428511_52.3979299786552.jpg,2021,6,23,Nintermanterrein,0,lon_49233940322205365_lat_52397927351065796_radius_1_d300_b,lon_49233940322205365_lat_52397927351065796_radius_1,300,b
ATM_square_equirectangular_boom/Nintermanterrein/lon_49233940322205365_lat_52397927351065796_radius_1_d300_b/20220512TMX7316010203-002577pano_0004_000311_4.92340202224181_52.3979274971316.jpg,2022,5,12,Nintermanterrein,0,lon_49233940322205365_lat_52397927351065796_radius_1_d300_b,lon_49233940322205365_lat_52397927351065796_radius_1,300,b
ATM_square_equirectangular_boom/Nintermanterrein/lon_49233940322205365_lat_52397927351065796_radius_1_d300_l/20160718TMX7315120208-000143pano_0002_000826_4.92340728916041_52.3979276178877.jpg,2016,7,18,Nintermanterrein,0,lon_49233940322205365_lat_52397927351065796_radius_1_d300_l,lon_49233940322205365_lat_52397927351065796_radius_1,300,l
ATM_square_equirectangular_boom/Nintermanterrein/lon_49233940322205365_lat_52397927351065796_radius_1_d300_l/20170516TMX7316010203-000298pano_0000_000052_4.92340048547894_52.3979199777635.jpg,2017,5,16,Nintermanterrein,0,lon_49233940322205365_lat_52397927351065796_radius_1_d300_l,lon_49233940322205365_lat_52397927351065796_radius_1,300,l
ATM_square_equirectangular_boom/Nintermanterrein/lon_49233940322205365_lat_52397927351065796_radius_1_d300_l/20170802TMX7316010203-000369pano_0000_001374_4.92339625509352_52.3979233102222.jpg,2017,8,2,Nintermanterrein,0,lon_49233940322205365_lat_52397927351065796_radius_1_d300_l,lon_49233940322205365_lat_52397927351065796_radius_1,300,l
ATM_square_equirectangular_boom/Nintermanterrein/lon_49233940322205365_lat_52397927351065796_radius_1_d300_l/20190627TMX7316010203-001254pano_0000_000744_4.92338571695937_52.3979344748284.jpg,2019,6,27,Nintermanterrein,1,lon_49233940322205365_lat_52397927351065796_radius_1_d300_l,lon_49233940322205365_lat_52397927351065796_radius_1,300,l
ATM_square_equirectangular_boom/Nintermanterrein/lon_49233940322205365_lat_52397927351065796_radius_1_d300_l/20200602TMX7316010203-001732pano_0000_000637_4.92339325234587_52.3979287470378.jpg,2020,6,2,Nintermanterrein,0,lon_49233940322205365_lat_52397927351065796_radius_1_d300_l,lon_49233940322205365_lat_52397927351065796_radius_1,300,l
ATM_square_equirectangular_boom/Nintermanterrein/lon_49233940322205365_lat_52397927351065796_radius_1_d300_l/20210623TMX7316010203-002187pano_0000_000485_4.92338119428511_52.3979299786552.jpg,2021,6,23,Nintermanterrein,0,lon_49233940322205365_lat_52397927351065796_radius_1_d300_l,lon_49233940322205365_lat_52397927351065796_radius_1,300,l
ATM_square_equirectangular_boom/Nintermanterrein/lon_49233940322205365_lat_52397927351065796_radius_1_d300_l/20220512TMX7316010203-002577pano_0004_000311_4.92340202224181_52.3979274971316.jpg,2022,5,12,Nintermanterrein,0,lon_49233940322205365_lat_52397927351065796_radius_1_d300_l,lon_49233940322205365_lat_52397927351065796_radius_1,300,l
ATM_square_equirectangular_boom/Nintermanterrein/lon_4925840232844419_lat_523975512339631_radius_1_d300_b/20190627TMX7316010203-001255pano_0000_003013_4.92583126077494_52.397548372357.jpg,2019,6,27,Nintermanterrein,0,lon_4925840232844419_lat_523975512339631_radius_1_d300_b,lon_4925840232844419_lat_523975512339631_radius_1,300,b
ATM_square_equirectangular_boom/Nintermanterrein/lon_4925840232844419_lat_523975512339631_radius_1_d300_b/20200602TMX7316010203-001732pano_0000_000936_4.92584005141003_52.3975509081171.jpg,2020,6,2,Nintermanterrein,0,lon_4925840232844419_lat_523975512339631_radius_1_d300_b,lon_4925840232844419_lat_523975512339631_radius_1,300,b
ATM_square_equirectangular_boom/Nintermanterrein/lon_4925840232844419_lat_523975512339631_radius_1_d300_b/20210617TMX7316010203-002184pano_0000_001961_4.92584938634829_52.3975544214152.jpg,2021,6,17,Nintermanterrein,1,lon_4925840232844419_lat_523975512339631_radius_1_d300_b,lon_4925840232844419_lat_523975512339631_radius_1,300,b
ATM_square_equirectangular_boom/Tuindorp_Frankendael/lon_4933714570734465_lat_5234742970506986_radius_1_d0_f/20160419TMX7315120208-000032pano_0000_004752_4.93371318709579_52.3474257974639.jpg,2016,4,19,Tuindorp_Frankendael,0,lon_4933714570734465_lat_5234742970506986_radius_1_d0_f,lon_4933714570734465_lat_5234742970506986_radius_1,0,f
ATM_square_equirectangular_boom/Tuindorp_Frankendael/lon_4933714570734465_lat_5234742970506986_radius_1_d0_f/20170330TMX7316010203-000232pano_0000_000970_4.93370543602627_52.3474276460352.jpg,2017,3,30,Tuindorp_Frankendael,0,lon_4933714570734465_lat_5234742970506986_radius_1_d0_f,lon_4933714570734465_lat_5234742970506986_radius_1,0,f
ATM_square_equirectangular_boom/Tuindorp_Frankendael/lon_4933714570734465_lat_5234742970506986_radius_1_d0_f/20200430TMX7316010203-001684pano_0000_002097_4.93371877905901_52.3474325197186.jpg,2020,4,30,Tuindorp_Frankendael,1,lon_4933714570734465_lat_5234742970506986_radius_1_d0_f,lon_4933714570734465_lat_5234742970506986_radius_1,0,f
ATM_square_equirectangular_boom/Tuindorp_Frankendael/lon_4933714570734465_lat_5234742970506986_radius_1_d0_f/20210531TMX7316010203-002144pano_0000_001476_4.93372492970539_52.3474339580124.jpg,2021,5,31,Tuindorp_Frankendael,0,lon_4933714570734465_lat_5234742970506986_radius_1_d0_f,lon_4933714570734465_lat_5234742970506986_radius_1,0,f
ATM_square_equirectangular_boom/Tuindorp_Frankendael/lon_49337053661775_lat_523486000778211_radius_1_d0_f/20181211TMX7316010203-001008pano_0000_000615_4.9337083118701_52.3485990077122.jpg,2018,12,11,Tuindorp_Frankendael,0,lon_49337053661775_lat_523486000778211_radius_1_d0_f,lon_49337053661775_lat_523486000778211_radius_1,0,f
ATM_square_equirectangular_boom/Tuindorp_Frankendael/lon_49337053661775_lat_523486000778211_radius_1_d0_f/20181211TMX7316010203-001008pano_0000_000625_4.93371110497616_52.3485980403391.jpg,2018,12,11,Tuindorp_Frankendael,0,lon_49337053661775_lat_523486000778211_radius_1_d0_f,lon_49337053661775_lat_523486000778211_radius_1,0,f
ATM_square_equirectangular_boom/Tuindorp_Frankendael/lon_49337053661775_lat_523486000778211_radius_1_d0_f/20200904TMX7316010203-001906pano_0009_000160_4.93369668168624_52.348603185412.jpg,2020,9,4,Tuindorp_Frankendael,1,lon_49337053661775_lat_523486000778211_radius_1_d0_f,lon_49337053661775_lat_523486000778211_radius_1,0,f
ATM_square_equirectangular_boom/Jacques_Veldmanbuurt/lon_483046159572802_lat_5235289611824936_radius_1_d0_f/20180704TMX7316010203-000824pano_0000_003609_4.8304539529913_52.3528969537397.jpg,2018,7,4,Jacques_Veldmanbuurt,0,lon_483046159572802_lat_5235289611824936_radius_1_d0_f,lon_483046159572802_lat_5235289611824936_radius_1,0,f
ATM_square_equirectangular_boom/Jacques_Veldmanbuurt/lon_483046159572802_lat_5235289611824936_radius_1_d0_f/20190712TMX7316010203-001308pano_0000_002883_4.83046241652604_52.3528973087468.jpg,2019,7,12,Jacques_Veldmanbuurt,1,lon_483046159572802_lat_5235289611824936_radius_1_d0_f,lon_483046159572802_lat_5235289611824936_radius_1,0,f
ATM_square_equirectangular_boom/Jacques_Veldmanbuurt/lon_483046159572802_lat_5235289611824936_radius_1_d0_f/20210412TMX7316010203-002086pano_0000_005355_4.83046931206849_52.352894335941.jpg,2021,4,12,Jacques_Veldmanbuurt,0,lon_483046159572802_lat_5235289611824936_radius_1_d0_f,lon_483046159572802_lat_5235289611824936_radius_1,0,f
ATM_square_equirectangular_boom/Jacques_Veldmanbuurt/lon_483046159572802_lat_5235289611824936_radius_1_d0_l/20180704TMX7316010203-000824pano_0000_003609_4.8304539529913_52.3528969537397.jpg,2018,7,4,Jacques_Veldmanbuurt,0,lon_483046159572802_lat_5235289611824936_radius_1_d0_l,lon_483046159572802_lat_5235289611824936_radius_1,0,l
ATM_square_equirectangular_boom/Jacques_Veldmanbuurt/lon_483046159572802_lat_5235289611824936_radius_1_d0_l/20190712TMX7316010203-001308pano_0000_002883_4.83046241652604_52.3528973087468.jpg,2019,7,12,Jacques_Veldmanbuurt,0,lon_483046159572802_lat_5235289611824936_radius_1_d0_l,lon_483046159572802_lat_5235289611824936_radius_1,0,l
ATM_square_equirectangular_boom/Jacques_Veldmanbuurt/lon_483046159572802_lat_5235289611824936_radius_1_d0_l/20210412TMX7316010203-002086pano_0000_005355_4.83046931206849_52.352894335941.jpg,2021,4,12,Jacques_Veldmanbuurt,0,lon_483046159572802_lat_5235289611824936_radius_1_d0_l,lon_483046159572802_lat_5235289611824936_radius_1,0,l
ATM_square_equirectangular_boom/Osdorper_Bovenpolder/lon_4786389211652423_lat_52362612526426936_radius_1_d0_r/20160802TMX7316010203-000041pano_0000_000507_4.78638947161581_52.3626140340915.jpg,2016,8,2,Osdorper_Bovenpolder,0,lon_4786389211652423_lat_52362612526426936_radius_1_d0_r,lon_4786389211652423_lat_52362612526426936_radius_1,0,r
ATM_square_equirectangular_boom/Osdorper_Bovenpolder/lon_4786389211652423_lat_52362612526426936_radius_1_d0_r/20180628TMX7316010203-000813pano_0000_000753_4.78639208941592_52.3626172676891.jpg,2018,6,28,Osdorper_Bovenpolder,0,lon_4786389211652423_lat_52362612526426936_radius_1_d0_r,lon_4786389211652423_lat_52362612526426936_radius_1,0,r
ATM_square_equirectangular_boom/Osdorper_Bovenpolder/lon_4786389211652423_lat_52362612526426936_radius_1_d0_r/20210331TMX7316010203-002073pano_0000_000379_4.78638607392554_52.3626062775002.jpg,2021,3,31,Osdorper_Bovenpolder,1,lon_4786389211652423_lat_52362612526426936_radius_1_d0_r,lon_4786389211652423_lat_52362612526426936_radius_1,0,r
ATM_square_equirectangular_boom/Osdorper_Bovenpolder/lon_4786389211652423_lat_52362612526426936_radius_1_d0_b/20160802TMX7316010203-000041pano_0000_000507_4.78638947161581_52.3626140340915.jpg,2016,8,2,Osdorper_Bovenpolder,0,lon_4786389211652423_lat_52362612526426936_radius_1_d0_b,lon_4786389211652423_lat_52362612526426936_radius_1,0,b
ATM_square_equirectangular_boom/Osdorper_Bovenpolder/lon_4786389211652423_lat_52362612526426936_radius_1_d0_b/20180628TMX7316010203-000813pano_0000_000753_4.78639208941592_52.3626172676891.jpg,2018,6,28,Osdorper_Bovenpolder,0,lon_4786389211652423_lat_52362612526426936_radius_1_d0_b,lon_4786389211652423_lat_52362612526426936_radius_1,0,b
ATM_square_equirectangular_boom/Osdorper_Bovenpolder/lon_4786389211652423_lat_52362612526426936_radius_1_d0_b/20210331TMX7316010203-002073pano_0000_000379_4.78638607392554_52.3626062775002.jpg,2021,3,31,Osdorper_Bovenpolder,1,lon_4786389211652423_lat_52362612526426936_radius_1_d0_b,lon_4786389211652423_lat_52362612526426936_radius_1,0,b
ATM_square_equirectangular_boom/Overtoomse_veld_Zuid/lon_48362026746298135_lat_5236410953867255_radius_1_d0_f/20160810TMX7316010203-000054pano_0006_000297_4.8362109442144_52.364112312172.jpg,2016,8,10,Overtoomse_veld_Zuid,0,lon_48362026746298135_lat_5236410953867255_radius_1_d0_f,lon_48362026746298135_lat_5236410953867255_radius_1,0,f
ATM_square_equirectangular_boom/Overtoomse_veld_Zuid/lon_48362026746298135_lat_5236410953867255_radius_1_d0_f/20170510TMX7316010203-000293pano_0000_001880_4.83619523641489_52.3641071147755.jpg,2017,5,10,Overtoomse_veld_Zuid,0,lon_48362026746298135_lat_5236410953867255_radius_1_d0_f,lon_48362026746298135_lat_5236410953867255_radius_1,0,f
ATM_square_equirectangular_boom/Overtoomse_veld_Zuid/lon_48362026746298135_lat_5236410953867255_radius_1_d0_f/20180108TMX7316010203-000535pano_0000_006055_4.83619074474795_52.3641072131065.jpg,2018,1,8,Overtoomse_veld_Zuid,0,lon_48362026746298135_lat_5236410953867255_radius_1_d0_f,lon_48362026746298135_lat_5236410953867255_radius_1,0,f
ATM_square_equirectangular_boom/Overtoomse_veld_Zuid/lon_48362026746298135_lat_5236410953867255_radius_1_d0_f/20180704TMX7316010203-000825pano_0000_005866_4.83618921547559_52.3641059986907.jpg,2018,7,4,Overtoomse_veld_Zuid,0,lon_48362026746298135_lat_5236410953867255_radius_1_d0_f,lon_48362026746298135_lat_5236410953867255_radius_1,0,f
ATM_square_equirectangular_boom/Overtoomse_veld_Zuid/lon_48362026746298135_lat_5236410953867255_radius_1_d0_f/20190717TMX7316010203-001316pano_0000_002179_4.83620039942467_52.3641120053951.jpg,2019,7,17,Overtoomse_veld_Zuid,0,lon_48362026746298135_lat_5236410953867255_radius_1_d0_f,lon_48362026746298135_lat_5236410953867255_radius_1,0,f
ATM_square_equirectangular_boom/Overtoomse_veld_Zuid/lon_48362026746298135_lat_5236410953867255_radius_1_d0_f/20191218TMX7316010203-001523pano_0000_001349_4.83619897803893_52.3641073982902.jpg,2019,12,18,Overtoomse_veld_Zuid,1,lon_48362026746298135_lat_5236410953867255_radius_1_d0_f,lon_48362026746298135_lat_5236410953867255_radius_1,0,f
ATM_square_equirectangular_boom/Overtoomse_veld_Zuid/lon_48362026746298135_lat_5236410953867255_radius_1_d0_f/20200506TMX7316010203-001689pano_0000_002390_4.83620857530872_52.3641166289601.jpg,2020,5,6,Overtoomse_veld_Zuid,0,lon_48362026746298135_lat_5236410953867255_radius_1_d0_f,lon_48362026746298135_lat_5236410953867255_radius_1,0,f
ATM_square_equirectangular_boom/Overtoomse_veld_Zuid/lon_48362026746298135_lat_5236410953867255_radius_1_d0_f/20200827TMX7316010203-001893pano_0001_001387_4.83620691767873_52.3641127105913.jpg,2020,8,27,Overtoomse_veld_Zuid,0,lon_48362026746298135_lat_5236410953867255_radius_1_d0_f,lon_48362026746298135_lat_5236410953867255_radius_1,0,f
ATM_square_equirectangular_boom/Overtoomse_veld_Zuid/lon_48362026746298135_lat_5236410953867255_radius_1_d0_f/20220408TMX7316010203-002500pano_0001_001612_4.83620919197728_52.3641101928784.jpg,2022,4,8,Overtoomse_veld_Zuid,0,lon_48362026746298135_lat_5236410953867255_radius_1_d0_f,lon_48362026746298135_lat_5236410953867255_radius_1,0,f
ATM_square_equirectangular_boom/Leidsebuurt_Noordwest/lon_48830689347117096_lat_52364325837265106_radius_1_d0_b/20160816TMX7316060226-000022pano_0000_000771_4.88307130386604_52.3643242720961.jpg,2016,8,16,Leidsebuurt_Noordwest,0,lon_48830689347117096_lat_52364325837265106_radius_1_d0_b,lon_48830689347117096_lat_52364325837265106_radius_1,0,b
ATM_square_equirectangular_boom/Leidsebuurt_Noordwest/lon_48830689347117096_lat_52364325837265106_radius_1_d0_b/20180511TMX7316010203-000714pano_0001_001657_4.88307488519242_52.3643233742411.jpg,2018,5,11,Leidsebuurt_Noordwest,1,lon_48830689347117096_lat_52364325837265106_radius_1_d0_b,lon_48830689347117096_lat_52364325837265106_radius_1,0,b
ATM_square_equirectangular_boom/Leidsebuurt_Noordwest/lon_48830689347117096_lat_52364325837265106_radius_1_d0_b/20191308TMX7316010203-001542pano_0004_000001_4.88306061507667_52.3643298654581.jpg,2020,1,8,Leidsebuurt_Noordwest,0,lon_48830689347117096_lat_52364325837265106_radius_1_d0_b,lon_48830689347117096_lat_52364325837265106_radius_1,0,b
ATM_square_equirectangular_boom/Leidsebuurt_Noordwest/lon_48830689347117096_lat_52364325837265106_radius_1_d0_b/20220622TMX7316010203-002619pano_0024_000045_4.88307543672406_52.3643266077123.jpg,2022,6,22,Leidsebuurt_Noordwest,0,lon_48830689347117096_lat_52364325837265106_radius_1_d0_b,lon_48830689347117096_lat_52364325837265106_radius_1,0,b
ATM_square_equirectangular_boom/Oosterpark/lon_4920559597399556_lat_5236187465565572_radius_1_d0_l/20160601TMX7315120208-000062pano_0010_000522_4.92056229467553_52.3618738938872.jpg,2016,6,1,Oosterpark,0,lon_4920559597399556_lat_5236187465565572_radius_1_d0_l,lon_4920559597399556_lat_5236187465565572_radius_1,0,l
ATM_square_equirectangular_boom/Oosterpark/lon_4920559597399556_lat_5236187465565572_radius_1_d0_l/20181212TMX7316010203-001009pano_0001_000024_4.92055689750549_52.3618789655458.jpg,2018,12,12,Oosterpark,0,lon_4920559597399556_lat_5236187465565572_radius_1_d0_l,lon_4920559597399556_lat_5236187465565572_radius_1,0,l
ATM_square_equirectangular_boom/Oosterpark/lon_4920559597399556_lat_5236187465565572_radius_1_d0_l/20181212TMX7316010203-001009pano_0001_000050_4.92056547618754_52.361871447892.jpg,2018,12,12,Oosterpark,0,lon_4920559597399556_lat_5236187465565572_radius_1_d0_l,lon_4920559597399556_lat_5236187465565572_radius_1,0,l
ATM_square_equirectangular_boom/Oosterpark/lon_4920559597399556_lat_5236187465565572_radius_1_d0_l/20210512TMX7316010203-002138pano_0000_002086_4.92055687233389_52.3618741999079.jpg,2021,5,12,Oosterpark,1,lon_4920559597399556_lat_5236187465565572_radius_1_d0_l,lon_4920559597399556_lat_5236187465565572_radius_1,0,l
ATM_square_equirectangular_boom/Dorp_Driemond/lon_5016682844584456_lat_52307128693357036_radius_1_d-200_f/20170602TMX7316010203-000324pano_0000_001098_5.01668113506061_52.3071318443629.jpg,2017,6,2,Dorp_Driemond,0,lon_5016682844584456_lat_52307128693357036_radius_1_d-200_f,lon_5016682844584456_lat_52307128693357036_radius_1,-200,f
ATM_square_equirectangular_boom/Dorp_Driemond/lon_5016682844584456_lat_52307128693357036_radius_1_d-200_f/20190612TMX7316010203-001215pano_0001_001290_5.01669200614464_52.3071294158974.jpg,2019,6,12,Dorp_Driemond,0,lon_5016682844584456_lat_52307128693357036_radius_1_d-200_f,lon_5016682844584456_lat_52307128693357036_radius_1,-200,f
ATM_square_equirectangular_boom/Dorp_Driemond/lon_5016682844584456_lat_52307128693357036_radius_1_d-200_f/20210611TMX7316010203-002169pano_0000_005773_5.01667539254812_52.3071248198108.jpg,2021,6,11,Dorp_Driemond,1,lon_5016682844584456_lat_52307128693357036_radius_1_d-200_f,lon_5016682844584456_lat_52307128693357036_radius_1,-200,f
ATM_square_equirectangular_boom/Dorp_Driemond/lon_5016585644079672_lat_5230618129382847_radius_1_d-300_r/20160615TMX7315120208-000086pano_0000_001014_5.01659079294311_52.3061814354954.jpg,2016,6,15,Dorp_Driemond,0,lon_5016585644079672_lat_5230618129382847_radius_1_d-300_r,lon_5016585644079672_lat_5230618129382847_radius_1,-300,r
ATM_square_equirectangular_boom/Dorp_Driemond/lon_5016585644079672_lat_5230618129382847_radius_1_d-300_r/20180713TMX7316010203-000838pano_0002_000492_5.01658889938642_52.3061731003036.jpg,2018,7,13,Dorp_Driemond,0,lon_5016585644079672_lat_5230618129382847_radius_1_d-300_r,lon_5016585644079672_lat_5230618129382847_radius_1,-300,r
ATM_square_equirectangular_boom/Dorp_Driemond/lon_5016585644079672_lat_5230618129382847_radius_1_d-300_r/20190612TMX7316010203-001215pano_0001_001323_5.01658369947354_52.3061836853376.jpg,2019,6,12,Dorp_Driemond,0,lon_5016585644079672_lat_5230618129382847_radius_1_d-300_r,lon_5016585644079672_lat_5230618129382847_radius_1,-300,r
ATM_square_equirectangular_boom/Dorp_Driemond/lon_5016585644079672_lat_5230618129382847_radius_1_d-300_r/20210611TMX7316010203-002169pano_0000_005965_5.01657918451562_52.3061869541773.jpg,2021,6,11,Dorp_Driemond,0,lon_5016585644079672_lat_5230618129382847_radius_1_d-300_r,lon_5016585644079672_lat_5230618129382847_radius_1,-300,r
ATM_square_equirectangular_boom/Dorp_Driemond/lon_5016585644079672_lat_5230618129382847_radius_1_d-300_r/20220615TMX7316010203-002599pano_0000_000617_5.01658251021744_52.3061751752811.jpg,2022,6,15,Dorp_Driemond,1,lon_5016585644079672_lat_5230618129382847_radius_1_d-300_r,lon_5016585644079672_lat_5230618129382847_radius_1,-300,r
ATM_square_equirectangular_boom/Osdorp_Zuidoost/lon_48093939238553_lat_52353616045334824_radius_1_d0_f/20160812TMX7316010203-000058pano_0000_004014_4.80939783040211_52.3536163562828.jpg,2016,8,12,Osdorp_Zuidoost,0,lon_48093939238553_lat_52353616045334824_radius_1_d0_f,lon_48093939238553_lat_52353616045334824_radius_1,0,f
ATM_square_equirectangular_boom/Osdorp_Zuidoost/lon_48093939238553_lat_52353616045334824_radius_1_d0_f/20170503TMX7316010203-000284pano_0000_003728_4.80938309534114_52.3536165996114.jpg,2017,5,3,Osdorp_Zuidoost,0,lon_48093939238553_lat_52353616045334824_radius_1_d0_f,lon_48093939238553_lat_52353616045334824_radius_1,0,f
ATM_square_equirectangular_boom/Osdorp_Zuidoost/lon_48093939238553_lat_52353616045334824_radius_1_d0_f/20180629TMX7316010203-000816pano_0000_001112_4.80939691441086_52.353616004825.jpg,2018,6,29,Osdorp_Zuidoost,1,lon_48093939238553_lat_52353616045334824_radius_1_d0_f,lon_48093939238553_lat_52353616045334824_radius_1,0,f
ATM_square_equirectangular_boom/Osdorp_Zuidoost/lon_48093939238553_lat_52353616045334824_radius_1_d0_f/20200507TMX7316010203-001695pano_0000_004364_4.80939785526709_52.3536152206201.jpg,2020,5,7,Osdorp_Zuidoost,0,lon_48093939238553_lat_52353616045334824_radius_1_d0_f,lon_48093939238553_lat_52353616045334824_radius_1,0,f
ATM_square_equirectangular_boom/Osdorp_Zuidoost/lon_48093939238553_lat_52353616045334824_radius_1_d0_f/20220413TMX7316010203-002514pano_0000_001769_4.80939832931276_52.3536236590806.jpg,2022,4,13,Osdorp_Zuidoost,0,lon_48093939238553_lat_52353616045334824_radius_1_d0_f,lon_48093939238553_lat_52353616045334824_radius_1,0,f
ATM_square_equirectangular_boom/Osdorp_Zuidoost/lon_48093939238553_lat_52353616045334824_radius_1_d0_r/20160812TMX7316010203-000058pano_0000_004014_4.80939783040211_52.3536163562828.jpg,2016,8,12,Osdorp_Zuidoost,0,lon_48093939238553_lat_52353616045334824_radius_1_d0_r,lon_48093939238553_lat_52353616045334824_radius_1,0,r
ATM_square_equirectangular_boom/Osdorp_Zuidoost/lon_48093939238553_lat_52353616045334824_radius_1_d0_r/20170503TMX7316010203-000284pano_0000_003728_4.80938309534114_52.3536165996114.jpg,2017,5,3,Osdorp_Zuidoost,0,lon_48093939238553_lat_52353616045334824_radius_1_d0_r,lon_48093939238553_lat_52353616045334824_radius_1,0,r
ATM_square_equirectangular_boom/Osdorp_Zuidoost/lon_48093939238553_lat_52353616045334824_radius_1_d0_r/20180629TMX7316010203-000816pano_0000_001112_4.80939691441086_52.353616004825.jpg,2018,6,29,Osdorp_Zuidoost,1,lon_48093939238553_lat_52353616045334824_radius_1_d0_r,lon_48093939238553_lat_52353616045334824_radius_1,0,r
ATM_square_equirectangular_boom/Osdorp_Zuidoost/lon_48093939238553_lat_52353616045334824_radius_1_d0_r/20200507TMX7316010203-001695pano_0000_004364_4.80939785526709_52.3536152206201.jpg,2020,5,7,Osdorp_Zuidoost,0,lon_48093939238553_lat_52353616045334824_radius_1_d0_r,lon_48093939238553_lat_52353616045334824_radius_1,0,r
ATM_square_equirectangular_boom/Osdorp_Zuidoost/lon_48093939238553_lat_52353616045334824_radius_1_d0_r/20220413TMX7316010203-002514pano_0000_001769_4.80939832931276_52.3536236590806.jpg,2022,4,13,Osdorp_Zuidoost,0,lon_48093939238553_lat_52353616045334824_radius_1_d0_r,lon_48093939238553_lat_52353616045334824_radius_1,0,r
ATM_square_equirectangular_boom/Aalsmeerwegbuurt_West/lon_4847931469068961_lat_52351617828897_radius_1_d300_l/20160804TMX7316060226-000013pano_0000_005418_4.84792980895257_52.3516208531187.jpg,2016,8,4,Aalsmeerwegbuurt_West,0,lon_4847931469068961_lat_52351617828897_radius_1_d300_l,lon_4847931469068961_lat_52351617828897_radius_1,300,l
ATM_square_equirectangular_boom/Aalsmeerwegbuurt_West/lon_4847931469068961_lat_52351617828897_radius_1_d300_l/20180612TMX7316010203-000786pano_0001_000050_4.84792122668974_52.351620864571.jpg,2018,6,12,Aalsmeerwegbuurt_West,0,lon_4847931469068961_lat_52351617828897_radius_1_d300_l,lon_4847931469068961_lat_52351617828897_radius_1,300,l
ATM_square_equirectangular_boom/Aalsmeerwegbuurt_West/lon_4847931469068961_lat_52351617828897_radius_1_d300_l/20181115TMX7316010203-000985pano_0001_004417_4.84793828209289_52.3516187414817.jpg,2018,11,15,Aalsmeerwegbuurt_West,0,lon_4847931469068961_lat_52351617828897_radius_1_d300_l,lon_4847931469068961_lat_52351617828897_radius_1,300,l
ATM_square_equirectangular_boom/Aalsmeerwegbuurt_West/lon_4847931469068961_lat_52351617828897_radius_1_d300_l/20190426TMX7316010203-001143pano_0001_001883_4.84793268814982_52.3516149719748.jpg,2019,4,26,Aalsmeerwegbuurt_West,0,lon_4847931469068961_lat_52351617828897_radius_1_d300_l,lon_4847931469068961_lat_52351617828897_radius_1,300,l
ATM_square_equirectangular_boom/Aalsmeerwegbuurt_West/lon_4847931469068961_lat_52351617828897_radius_1_d300_l/20191218TMX7316010203-001523pano_0000_002183_4.8479296742929_52.3516198769356.jpg,2019,12,18,Aalsmeerwegbuurt_West,0,lon_4847931469068961_lat_52351617828897_radius_1_d300_l,lon_4847931469068961_lat_52351617828897_radius_1,300,l
ATM_square_equirectangular_boom/Aalsmeerwegbuurt_West/lon_4847931469068961_lat_52351617828897_radius_1_d300_l/20200508TMX7316010203-001697pano_0000_000462_4.8479292705936_52.3516144517222.jpg,2020,5,8,Aalsmeerwegbuurt_West,1,lon_4847931469068961_lat_52351617828897_radius_1_d300_l,lon_4847931469068961_lat_52351617828897_radius_1,300,l
ATM_square_equirectangular_boom/Aalsmeerwegbuurt_West/lon_4847931469068961_lat_52351617828897_radius_1_d300_l/20210420TMX7316010203-002107pano_0003_000135_4.84793933271121_52.351615042475.jpg,2021,4,20,Aalsmeerwegbuurt_West,0,lon_4847931469068961_lat_52351617828897_radius_1_d300_l,lon_4847931469068961_lat_52351617828897_radius_1,300,l
ATM_square_equirectangular_boom/Aalsmeerwegbuurt_West/lon_4847931469068961_lat_52351617828897_radius_1_d300_f/20160804TMX7316060226-000013pano_0000_005418_4.84792980895257_52.3516208531187.jpg,2016,8,4,Aalsmeerwegbuurt_West,0,lon_4847931469068961_lat_52351617828897_radius_1_d300_f,lon_4847931469068961_lat_52351617828897_radius_1,300,f
ATM_square_equirectangular_boom/Aalsmeerwegbuurt_West/lon_4847931469068961_lat_52351617828897_radius_1_d300_f/20180612TMX7316010203-000786pano_0001_000050_4.84792122668974_52.351620864571.jpg,2018,6,12,Aalsmeerwegbuurt_West,0,lon_4847931469068961_lat_52351617828897_radius_1_d300_f,lon_4847931469068961_lat_52351617828897_radius_1,300,f
ATM_square_equirectangular_boom/Aalsmeerwegbuurt_West/lon_4847931469068961_lat_52351617828897_radius_1_d300_f/20181115TMX7316010203-000985pano_0001_004417_4.84793828209289_52.3516187414817.jpg,2018,11,15,Aalsmeerwegbuurt_West,0,lon_4847931469068961_lat_52351617828897_radius_1_d300_f,lon_4847931469068961_lat_52351617828897_radius_1,300,f
ATM_square_equirectangular_boom/Aalsmeerwegbuurt_West/lon_4847931469068961_lat_52351617828897_radius_1_d300_f/20190426TMX7316010203-001143pano_0001_001883_4.84793268814982_52.3516149719748.jpg,2019,4,26,Aalsmeerwegbuurt_West,0,lon_4847931469068961_lat_52351617828897_radius_1_d300_f,lon_4847931469068961_lat_52351617828897_radius_1,300,f
ATM_square_equirectangular_boom/Aalsmeerwegbuurt_West/lon_4847931469068961_lat_52351617828897_radius_1_d300_f/20191218TMX7316010203-001523pano_0000_002183_4.8479296742929_52.3516198769356.jpg,2019,12,18,Aalsmeerwegbuurt_West,0,lon_4847931469068961_lat_52351617828897_radius_1_d300_f,lon_4847931469068961_lat_52351617828897_radius_1,300,f
ATM_square_equirectangular_boom/Aalsmeerwegbuurt_West/lon_4847931469068961_lat_52351617828897_radius_1_d300_f/20200508TMX7316010203-001697pano_0000_000462_4.8479292705936_52.3516144517222.jpg,2020,5,8,Aalsmeerwegbuurt_West,1,lon_4847931469068961_lat_52351617828897_radius_1_d300_f,lon_4847931469068961_lat_52351617828897_radius_1,300,f
ATM_square_equirectangular_boom/Aalsmeerwegbuurt_West/lon_4847931469068961_lat_52351617828897_radius_1_d300_f/20210420TMX7316010203-002107pano_0003_000135_4.84793933271121_52.351615042475.jpg,2021,4,20,Aalsmeerwegbuurt_West,0,lon_4847931469068961_lat_52351617828897_radius_1_d300_f,lon_4847931469068961_lat_52351617828897_radius_1,300,f
ATM_square_equirectangular_boom/Aalsmeerwegbuurt_West/lon_4847931469068961_lat_52351617828897_radius_1_d300_r/20160804TMX7316060226-000013pano_0000_005418_4.84792980895257_52.3516208531187.jpg,2016,8,4,Aalsmeerwegbuurt_West,0,lon_4847931469068961_lat_52351617828897_radius_1_d300_r,lon_4847931469068961_lat_52351617828897_radius_1,300,r
ATM_square_equirectangular_boom/Aalsmeerwegbuurt_West/lon_4847931469068961_lat_52351617828897_radius_1_d300_r/20180612TMX7316010203-000786pano_0001_000050_4.84792122668974_52.351620864571.jpg,2018,6,12,Aalsmeerwegbuurt_West,0,lon_4847931469068961_lat_52351617828897_radius_1_d300_r,lon_4847931469068961_lat_52351617828897_radius_1,300,r
ATM_square_equirectangular_boom/Aalsmeerwegbuurt_West/lon_4847931469068961_lat_52351617828897_radius_1_d300_r/20181115TMX7316010203-000985pano_0001_004417_4.84793828209289_52.3516187414817.jpg,2018,11,15,Aalsmeerwegbuurt_West,0,lon_4847931469068961_lat_52351617828897_radius_1_d300_r,lon_4847931469068961_lat_52351617828897_radius_1,300,r
ATM_square_equirectangular_boom/Aalsmeerwegbuurt_West/lon_4847931469068961_lat_52351617828897_radius_1_d300_r/20190426TMX7316010203-001143pano_0001_001883_4.84793268814982_52.3516149719748.jpg,2019,4,26,Aalsmeerwegbuurt_West,0,lon_4847931469068961_lat_52351617828897_radius_1_d300_r,lon_4847931469068961_lat_52351617828897_radius_1,300,r
ATM_square_equirectangular_boom/Aalsmeerwegbuurt_West/lon_4847931469068961_lat_52351617828897_radius_1_d300_r/20191218TMX7316010203-001523pano_0000_002183_4.8479296742929_52.3516198769356.jpg,2019,12,18,Aalsmeerwegbuurt_West,0,lon_4847931469068961_lat_52351617828897_radius_1_d300_r,lon_4847931469068961_lat_52351617828897_radius_1,300,r
ATM_square_equirectangular_boom/Aalsmeerwegbuurt_West/lon_4847931469068961_lat_52351617828897_radius_1_d300_r/20200508TMX7316010203-001697pano_0000_000462_4.8479292705936_52.3516144517222.jpg,2020,5,8,Aalsmeerwegbuurt_West,1,lon_4847931469068961_lat_52351617828897_radius_1_d300_r,lon_4847931469068961_lat_52351617828897_radius_1,300,r
ATM_square_equirectangular_boom/Aalsmeerwegbuurt_West/lon_4847931469068961_lat_52351617828897_radius_1_d300_r/20210420TMX7316010203-002107pano_0003_000135_4.84793933271121_52.351615042475.jpg,2021,4,20,Aalsmeerwegbuurt_West,0,lon_4847931469068961_lat_52351617828897_radius_1_d300_r,lon_4847931469068961_lat_52351617828897_radius_1,300,r
ATM_square_equirectangular_boom/Vondelparkbuurt_Oost/lon_48770532063071_lat_5236319777821437_radius_1_d0_f/20190429TMX7316010203-001147pano_0002_000167_4.87704375457472_52.3631937161518.jpg,2019,4,29,Vondelparkbuurt_Oost,0,lon_48770532063071_lat_5236319777821437_radius_1_d0_f,lon_48770532063071_lat_5236319777821437_radius_1,0,f
ATM_square_equirectangular_boom/Vondelparkbuurt_Oost/lon_48770532063071_lat_5236319777821437_radius_1_d0_f/20210324TMX7316010203-002059pano_0000_003410_4.87704971609386_52.3631928734557.jpg,2021,3,24,Vondelparkbuurt_Oost,1,lon_48770532063071_lat_5236319777821437_radius_1_d0_f,lon_48770532063071_lat_5236319777821437_radius_1,0,f
ATM_square_equirectangular_boom/Vondelparkbuurt_Oost/lon_48770532063071_lat_5236319777821437_radius_1_d0_f/20211231TMX7316010203-002374pano_0003_000546_4.87705786986502_52.3631992679439.jpg,2021,12,31,Vondelparkbuurt_Oost,0,lon_48770532063071_lat_5236319777821437_radius_1_d0_f,lon_48770532063071_lat_5236319777821437_radius_1,0,f
ATM_square_equirectangular_boom/Buurt_7/lon_4794547759708458_lat_5237882047635673_radius_1_d0_f/20160815TMX7316010203-000061pano_0000_000013_4.79455786133296_52.3788250285014.jpg,2016,8,15,Buurt_7,0,lon_4794547759708458_lat_5237882047635673_radius_1_d0_f,lon_4794547759708458_lat_5237882047635673_radius_1,0,f
ATM_square_equirectangular_boom/Buurt_7/lon_4794547759708458_lat_5237882047635673_radius_1_d0_f/20191112TMX7316060226-000483pano_0001_001741_4.79454386169241_52.378823201067.jpg,2019,11,12,Buurt_7,1,lon_4794547759708458_lat_5237882047635673_radius_1_d0_f,lon_4794547759708458_lat_5237882047635673_radius_1,0,f
ATM_square_equirectangular_boom/Buurt_7/lon_4794547759708458_lat_5237882047635673_radius_1_d0_f/20200819TMX7316010203-001882pano_0000_001506_4.79454908442375_52.3788182682722.jpg,2020,8,19,Buurt_7,0,lon_4794547759708458_lat_5237882047635673_radius_1_d0_f,lon_4794547759708458_lat_5237882047635673_radius_1,0,f
ATM_square_equirectangular_boom/Buurt_7/lon_4794547759708458_lat_5237882047635673_radius_1_d0_f/20210401TMX7316010203-002077pano_0000_002653_4.79454023138471_52.3788154075863.jpg,2021,4,1,Buurt_7,0,lon_4794547759708458_lat_5237882047635673_radius_1_d0_f,lon_4794547759708458_lat_5237882047635673_radius_1,0,f
ATM_square_equirectangular_boom/Buurt_7/lon_4794547759708458_lat_5237882047635673_radius_1_d0_l/20160815TMX7316010203-000061pano_0000_000013_4.79455786133296_52.3788250285014.jpg,2016,8,15,Buurt_7,0,lon_4794547759708458_lat_5237882047635673_radius_1_d0_l,lon_4794547759708458_lat_5237882047635673_radius_1,0,l
ATM_square_equirectangular_boom/Buurt_7/lon_4794547759708458_lat_5237882047635673_radius_1_d0_l/20191112TMX7316060226-000483pano_0001_001741_4.79454386169241_52.378823201067.jpg,2019,11,12,Buurt_7,1,lon_4794547759708458_lat_5237882047635673_radius_1_d0_l,lon_4794547759708458_lat_5237882047635673_radius_1,0,l
ATM_square_equirectangular_boom/Buurt_7/lon_4794547759708458_lat_5237882047635673_radius_1_d0_l/20200819TMX7316010203-001882pano_0000_001506_4.79454908442375_52.3788182682722.jpg,2020,8,19,Buurt_7,0,lon_4794547759708458_lat_5237882047635673_radius_1_d0_l,lon_4794547759708458_lat_5237882047635673_radius_1,0,l
ATM_square_equirectangular_boom/Buurt_7/lon_4794547759708458_lat_5237882047635673_radius_1_d0_l/20210401TMX7316010203-002077pano_0000_002653_4.79454023138471_52.3788154075863.jpg,2021,4,1,Buurt_7,0,lon_4794547759708458_lat_5237882047635673_radius_1_d0_l,lon_4794547759708458_lat_5237882047635673_radius_1,0,l
ATM_square_equirectangular_boom/Buurt_7/lon_4794547759708458_lat_5237882047635673_radius_1_d0_b/20160815TMX7316010203-000061pano_0000_000013_4.79455786133296_52.3788250285014.jpg,2016,8,15,Buurt_7,0,lon_4794547759708458_lat_5237882047635673_radius_1_d0_b,lon_4794547759708458_lat_5237882047635673_radius_1,0,b
ATM_square_equirectangular_boom/Buurt_7/lon_4794547759708458_lat_5237882047635673_radius_1_d0_b/20191112TMX7316060226-000483pano_0001_001741_4.79454386169241_52.378823201067.jpg,2019,11,12,Buurt_7,1,lon_4794547759708458_lat_5237882047635673_radius_1_d0_b,lon_4794547759708458_lat_5237882047635673_radius_1,0,b
ATM_square_equirectangular_boom/Buurt_7/lon_4794547759708458_lat_5237882047635673_radius_1_d0_b/20200819TMX7316010203-001882pano_0000_001506_4.79454908442375_52.3788182682722.jpg,2020,8,19,Buurt_7,0,lon_4794547759708458_lat_5237882047635673_radius_1_d0_b,lon_4794547759708458_lat_5237882047635673_radius_1,0,b
ATM_square_equirectangular_boom/Buurt_7/lon_4794547759708458_lat_5237882047635673_radius_1_d0_b/20210401TMX7316010203-002077pano_0000_002653_4.79454023138471_52.3788154075863.jpg,2021,4,1,Buurt_7,0,lon_4794547759708458_lat_5237882047635673_radius_1_d0_b,lon_4794547759708458_lat_5237882047635673_radius_1,0,b
ATM_square_equirectangular_boom/Willibrordusbuurt/lon_4905333381026183_lat_5235559325882442_radius_1_d0_r/20180611TMX7316010203-000783pano_0000_005027_4.90533691483699_52.3555854686232.jpg,2018,6,11,Willibrordusbuurt,0,lon_4905333381026183_lat_5235559325882442_radius_1_d0_r,lon_4905333381026183_lat_5235559325882442_radius_1,0,r
ATM_square_equirectangular_boom/Willibrordusbuurt/lon_4905333381026183_lat_5235559325882442_radius_1_d0_r/20190502TMX7316010203-001153pano_0000_004264_4.90533628258997_52.3555960806739.jpg,2019,5,2,Willibrordusbuurt,0,lon_4905333381026183_lat_5235559325882442_radius_1_d0_r,lon_4905333381026183_lat_5235559325882442_radius_1,0,r
ATM_square_equirectangular_boom/Willibrordusbuurt/lon_4905333381026183_lat_5235559325882442_radius_1_d0_r/20200707TMX7316010203-001794pano_0000_000074_4.90533635009868_52.3555913434887.jpg,2020,7,7,Willibrordusbuurt,1,lon_4905333381026183_lat_5235559325882442_radius_1_d0_r,lon_4905333381026183_lat_5235559325882442_radius_1,0,r
ATM_square_equirectangular_boom/Willibrordusbuurt/lon_4905333381026183_lat_5235559325882442_radius_1_d0_r/20210421TMX7316010203-002112pano_0001_001114_4.90532645363901_52.3555907752047.jpg,2021,4,21,Willibrordusbuurt,0,lon_4905333381026183_lat_5235559325882442_radius_1_d0_r,lon_4905333381026183_lat_5235559325882442_radius_1,0,r
ATM_square_equirectangular_boom/De_Wittenbuurt_Zuid/lon_4876899226941196_lat_5238154145144486_radius_1_d150_r/20170426TMX7316010203-000280pano_0000_000245_4.87690076483998_52.3815413902456.jpg,2017,4,26,De_Wittenbuurt_Zuid,0,lon_4876899226941196_lat_5238154145144486_radius_1_d150_r,lon_4876899226941196_lat_5238154145144486_radius_1,150,r
ATM_square_equirectangular_boom/De_Wittenbuurt_Zuid/lon_4876899226941196_lat_5238154145144486_radius_1_d150_r/20180620TMX7316010203-000799pano_0000_002534_4.87688892067823_52.3815401946317.jpg,2018,6,20,De_Wittenbuurt_Zuid,0,lon_4876899226941196_lat_5238154145144486_radius_1_d150_r,lon_4876899226941196_lat_5238154145144486_radius_1,150,r
ATM_square_equirectangular_boom/De_Wittenbuurt_Zuid/lon_4876899226941196_lat_5238154145144486_radius_1_d150_r/20190107TMX7316010203-001040pano_0007_000215_4.87690809020238_52.3815453687473.jpg,2019,1,7,De_Wittenbuurt_Zuid,0,lon_4876899226941196_lat_5238154145144486_radius_1_d150_r,lon_4876899226941196_lat_5238154145144486_radius_1,150,r
ATM_square_equirectangular_boom/De_Wittenbuurt_Zuid/lon_4876899226941196_lat_5238154145144486_radius_1_d150_r/20200814TMX7316010203-001876pano_0000_000887_4.8769027067647_52.3815364360431.jpg,2020,8,14,De_Wittenbuurt_Zuid,0,lon_4876899226941196_lat_5238154145144486_radius_1_d150_r,lon_4876899226941196_lat_5238154145144486_radius_1,150,r
ATM_square_equirectangular_boom/De_Wittenbuurt_Zuid/lon_4876899226941196_lat_5238154145144486_radius_1_d150_r/20220502TMX7316010203-002554pano_0000_006679_4.87689600505877_52.381538253169.jpg,2022,5,2,De_Wittenbuurt_Zuid,1,lon_4876899226941196_lat_5238154145144486_radius_1_d150_r,lon_4876899226941196_lat_5238154145144486_radius_1,150,r
ATM_square_equirectangular_boom/De_Wittenbuurt_Zuid/lon_4876899226941196_lat_5238154145144486_radius_1_d150_b/20170426TMX7316010203-000280pano_0000_000245_4.87690076483998_52.3815413902456.jpg,2017,4,26,De_Wittenbuurt_Zuid,0,lon_4876899226941196_lat_5238154145144486_radius_1_d150_b,lon_4876899226941196_lat_5238154145144486_radius_1,150,b
ATM_square_equirectangular_boom/De_Wittenbuurt_Zuid/lon_4876899226941196_lat_5238154145144486_radius_1_d150_b/20180620TMX7316010203-000799pano_0000_002534_4.87688892067823_52.3815401946317.jpg,2018,6,20,De_Wittenbuurt_Zuid,0,lon_4876899226941196_lat_5238154145144486_radius_1_d150_b,lon_4876899226941196_lat_5238154145144486_radius_1,150,b
ATM_square_equirectangular_boom/De_Wittenbuurt_Zuid/lon_4876899226941196_lat_5238154145144486_radius_1_d150_b/20190107TMX7316010203-001040pano_0007_000215_4.87690809020238_52.3815453687473.jpg,2019,1,7,De_Wittenbuurt_Zuid,0,lon_4876899226941196_lat_5238154145144486_radius_1_d150_b,lon_4876899226941196_lat_5238154145144486_radius_1,150,b
ATM_square_equirectangular_boom/De_Wittenbuurt_Zuid/lon_4876899226941196_lat_5238154145144486_radius_1_d150_b/20200814TMX7316010203-001876pano_0000_000887_4.8769027067647_52.3815364360431.jpg,2020,8,14,De_Wittenbuurt_Zuid,1,lon_4876899226941196_lat_5238154145144486_radius_1_d150_b,lon_4876899226941196_lat_5238154145144486_radius_1,150,b
ATM_square_equirectangular_boom/De_Wittenbuurt_Zuid/lon_4876899226941196_lat_5238154145144486_radius_1_d150_b/20220502TMX7316010203-002554pano_0000_006679_4.87689600505877_52.381538253169.jpg,2022,5,2,De_Wittenbuurt_Zuid,1,lon_4876899226941196_lat_5238154145144486_radius_1_d150_b,lon_4876899226941196_lat_5238154145144486_radius_1,150,b
ATM_square_equirectangular_boom/Leliegracht_eo/lon_4889086958392248_lat_52375723714282636_radius_1_d-400_l/20170329TMX7316010203-000227pano_0000_002095_4.88908659842333_52.3757248903856.jpg,2017,3,29,Leliegracht_eo,0,lon_4889086958392248_lat_52375723714282636_radius_1_d-400_l,lon_4889086958392248_lat_52375723714282636_radius_1,-400,l
ATM_square_equirectangular_boom/Leliegracht_eo/lon_4889086958392248_lat_52375723714282636_radius_1_d-400_l/20190114TMX7316010203-001053pano_0000_003070_4.88908135393636_52.3757194925629.jpg,2019,1,14,Leliegracht_eo,0,lon_4889086958392248_lat_52375723714282636_radius_1_d-400_l,lon_4889086958392248_lat_52375723714282636_radius_1,-400,l
ATM_square_equirectangular_boom/Leliegracht_eo/lon_4889086958392248_lat_52375723714282636_radius_1_d-400_l/20190115TMX7316010203-001054pano_0000_006252_4.88909037889383_52.375726239276.jpg,2019,1,15,Leliegracht_eo,0,lon_4889086958392248_lat_52375723714282636_radius_1_d-400_l,lon_4889086958392248_lat_52375723714282636_radius_1,-400,l
ATM_square_equirectangular_boom/Leliegracht_eo/lon_4889086958392248_lat_52375723714282636_radius_1_d-400_l/20200422TMX7316010203-001666pano_0000_003178_4.88908302534571_52.3757243901859.jpg,2020,4,22,Leliegracht_eo,1,lon_4889086958392248_lat_52375723714282636_radius_1_d-400_l,lon_4889086958392248_lat_52375723714282636_radius_1,-400,l
ATM_square_equirectangular_boom/Leliegracht_eo/lon_4889086958392248_lat_52375723714282636_radius_1_d-400_l/20200424TMX7316010203-001672pano_0000_001073_4.88908781476293_52.3757167691853.jpg,2020,4,24,Leliegracht_eo,0,lon_4889086958392248_lat_52375723714282636_radius_1_d-400_l,lon_4889086958392248_lat_52375723714282636_radius_1,-400,l
ATM_square_equirectangular_boom/Leliegracht_eo/lon_4889086958392248_lat_52375723714282636_radius_1_d-400_l/20210317TMX7316010203-002045pano_0001_001270_4.88907909681385_52.3757220376964.jpg,2021,3,17,Leliegracht_eo,0,lon_4889086958392248_lat_52375723714282636_radius_1_d-400_l,lon_4889086958392248_lat_52375723714282636_radius_1,-400,l
ATM_square_equirectangular_boom/Leliegracht_eo/lon_4889086958392248_lat_52375723714282636_radius_1_d-400_l/20230130TMX7316010203-002950pano_0000_000229_4.88908173058161_52.3757271748712.jpg,2023,1,30,Leliegracht_eo,0,lon_4889086958392248_lat_52375723714282636_radius_1_d-400_l,lon_4889086958392248_lat_52375723714282636_radius_1,-400,l
ATM_square_equirectangular_boom/Leliegracht_eo/lon_4889086958392248_lat_52375723714282636_radius_1_d-400_l/20230206TMX7316010203-002961pano_0008_000180_4.88908117478293_52.3757181061849.jpg,2023,2,6,Leliegracht_eo,0,lon_4889086958392248_lat_52375723714282636_radius_1_d-400_l,lon_4889086958392248_lat_52375723714282636_radius_1,-400,l
ATM_square_equirectangular_boom/Leliegracht_eo/lon_4889086958392248_lat_52375723714282636_radius_1_d-400_l/20230213TMX7316010203-002966pano_0004_000388_4.88908596588512_52.3757311065685.jpg,2023,2,13,Leliegracht_eo,0,lon_4889086958392248_lat_52375723714282636_radius_1_d-400_l,lon_4889086958392248_lat_52375723714282636_radius_1,-400,l
ATM_square_equirectangular_boom/Leliegracht_eo/lon_4889086958392248_lat_52375723714282636_radius_1_d-400_l/20230306TMX7316010203-002988pano_0022_000286_4.88908713007999_52.3757225785272.jpg,2023,3,6,Leliegracht_eo,0,lon_4889086958392248_lat_52375723714282636_radius_1_d-400_l,lon_4889086958392248_lat_52375723714282636_radius_1,-400,l
ATM_square_equirectangular_boom/Van_Tuyllbuurt/lon_4860021146086807_lat_5234405377175313_radius_1_d500_l/20160727TMX7316060226-000006pano_0003_000155_4.86003000357085_52.344054663294.jpg,2016,7,27,Van_Tuyllbuurt,0,lon_4860021146086807_lat_5234405377175313_radius_1_d500_l,lon_4860021146086807_lat_5234405377175313_radius_1,500,l
ATM_square_equirectangular_boom/Van_Tuyllbuurt/lon_4860021146086807_lat_5234405377175313_radius_1_d500_l/20190514TMX7316010203-001183pano_0001_000427_4.86001917956482_52.3440553386615.jpg,2019,5,14,Van_Tuyllbuurt,1,lon_4860021146086807_lat_5234405377175313_radius_1_d500_l,lon_4860021146086807_lat_5234405377175313_radius_1,500,l
ATM_square_equirectangular_boom/Van_Tuyllbuurt/lon_4860021146086807_lat_5234405377175313_radius_1_d500_l/20210428TMX7316010203-002120pano_0000_003996_4.86001425512475_52.3440513133039.jpg,2021,4,28,Van_Tuyllbuurt,0,lon_4860021146086807_lat_5234405377175313_radius_1_d500_l,lon_4860021146086807_lat_5234405377175313_radius_1,500,l
ATM_square_equirectangular_boom/Zeeburgerdijk_Oost/lon_49489457533102374_lat_523660759199185_radius_1_d0_l/20160511TMX7315120208-000047pano_0000_002949_4.94894300632166_52.3660780763011.jpg,2016,5,11,Zeeburgerdijk_Oost,0,lon_49489457533102374_lat_523660759199185_radius_1_d0_l,lon_49489457533102374_lat_523660759199185_radius_1,0,l
ATM_square_equirectangular_boom/Zeeburgerdijk_Oost/lon_49489457533102374_lat_523660759199185_radius_1_d0_l/20170404TMX7316010203-000243pano_0001_001657_4.94895018982653_52.3660817013207.jpg,2017,4,4,Zeeburgerdijk_Oost,0,lon_49489457533102374_lat_523660759199185_radius_1_d0_l,lon_49489457533102374_lat_523660759199185_radius_1,0,l
ATM_square_equirectangular_boom/Zeeburgerdijk_Oost/lon_49489457533102374_lat_523660759199185_radius_1_d0_l/20180523TMX7316010203-000746pano_0001_003675_4.94894674822562_52.3660739059579.jpg,2018,5,23,Zeeburgerdijk_Oost,0,lon_49489457533102374_lat_523660759199185_radius_1_d0_l,lon_49489457533102374_lat_523660759199185_radius_1,0,l
ATM_square_equirectangular_boom/Zeeburgerdijk_Oost/lon_49489457533102374_lat_523660759199185_radius_1_d0_l/20190523TMX7316010203-001207pano_0000_001521_4.94894306886714_52.3660699960943.jpg,2019,5,23,Zeeburgerdijk_Oost,0,lon_49489457533102374_lat_523660759199185_radius_1_d0_l,lon_49489457533102374_lat_523660759199185_radius_1,0,l
ATM_square_equirectangular_boom/Zeeburgerdijk_Oost/lon_49489457533102374_lat_523660759199185_radius_1_d0_b/20160511TMX7315120208-000047pano_0000_002949_4.94894300632166_52.3660780763011.jpg,2016,5,11,Zeeburgerdijk_Oost,0,lon_49489457533102374_lat_523660759199185_radius_1_d0_b,lon_49489457533102374_lat_523660759199185_radius_1,0,b
ATM_square_equirectangular_boom/Zeeburgerdijk_Oost/lon_49489457533102374_lat_523660759199185_radius_1_d0_b/20170404TMX7316010203-000243pano_0001_001657_4.94895018982653_52.3660817013207.jpg,2017,4,4,Zeeburgerdijk_Oost,0,lon_49489457533102374_lat_523660759199185_radius_1_d0_b,lon_49489457533102374_lat_523660759199185_radius_1,0,b
ATM_square_equirectangular_boom/Zeeburgerdijk_Oost/lon_49489457533102374_lat_523660759199185_radius_1_d0_b/20180523TMX7316010203-000746pano_0001_003675_4.94894674822562_52.3660739059579.jpg,2018,5,23,Zeeburgerdijk_Oost,1,lon_49489457533102374_lat_523660759199185_radius_1_d0_b,lon_49489457533102374_lat_523660759199185_radius_1,0,b
ATM_square_equirectangular_boom/Zeeburgerdijk_Oost/lon_49489457533102374_lat_523660759199185_radius_1_d0_b/20190523TMX7316010203-001207pano_0000_001521_4.94894306886714_52.3660699960943.jpg,2019,5,23,Zeeburgerdijk_Oost,0,lon_49489457533102374_lat_523660759199185_radius_1_d0_b,lon_49489457533102374_lat_523660759199185_radius_1,0,b
ATM_square_equirectangular_boom/Blauwe_Zand/lon_492905430841279_lat_52393885175891334_radius_1_d-200_l/20170515TMX7316010203-000297pano_0000_002788_4.92905926698743_52.3938788517872.jpg,2017,5,15,Blauwe_Zand,0,lon_492905430841279_lat_52393885175891334_radius_1_d-200_l,lon_492905430841279_lat_52393885175891334_radius_1,-200,l
ATM_square_equirectangular_boom/Blauwe_Zand/lon_492905430841279_lat_52393885175891334_radius_1_d-200_l/20190117TMX7316010203-001058pano_0000_000138_4.9290527298457_52.393890706958.jpg,2019,1,17,Blauwe_Zand,1,lon_492905430841279_lat_52393885175891334_radius_1_d-200_l,lon_492905430841279_lat_52393885175891334_radius_1,-200,l
ATM_square_equirectangular_boom/Blauwe_Zand/lon_492905430841279_lat_52393885175891334_radius_1_d-200_l/20210615TMX7316010203-002180pano_0000_002911_4.92905092840524_52.3938859689288.jpg,2021,6,15,Blauwe_Zand,0,lon_492905430841279_lat_52393885175891334_radius_1_d-200_l,lon_492905430841279_lat_52393885175891334_radius_1,-200,l
ATM_square_equirectangular_boom/Blauwe_Zand/lon_492905430841279_lat_52393885175891334_radius_1_d-200_l/20170515TMX7316010203-000297pano_0000_002788_4.92905926698743_52.3938788517872.jpg,2017,5,15,Blauwe_Zand,0,lon_492905430841279_lat_52393885175891334_radius_1_d-200_l,lon_492905430841279_lat_52393885175891334_radius_1,-200,l
ATM_square_equirectangular_boom/Blauwe_Zand/lon_492905430841279_lat_52393885175891334_radius_1_d-200_l/20190117TMX7316010203-001058pano_0000_000138_4.9290527298457_52.393890706958.jpg,2019,1,17,Blauwe_Zand,1,lon_492905430841279_lat_52393885175891334_radius_1_d-200_l,lon_492905430841279_lat_52393885175891334_radius_1,-200,l
ATM_square_equirectangular_boom/Blauwe_Zand/lon_492905430841279_lat_52393885175891334_radius_1_d-200_l/20210615TMX7316010203-002180pano_0000_002911_4.92905092840524_52.3938859689288.jpg,2021,6,15,Blauwe_Zand,0,lon_492905430841279_lat_52393885175891334_radius_1_d-200_l,lon_492905430841279_lat_52393885175891334_radius_1,-200,l
ATM_square_equirectangular_boom/Blauwe_Zand/lon_492905430841279_lat_52393885175891334_radius_1_d-200_r/20170515TMX7316010203-000297pano_0000_002788_4.92905926698743_52.3938788517872.jpg,2017,5,15,Blauwe_Zand,0,lon_492905430841279_lat_52393885175891334_radius_1_d-200_r,lon_492905430841279_lat_52393885175891334_radius_1,-200,r
ATM_square_equirectangular_boom/Blauwe_Zand/lon_492905430841279_lat_52393885175891334_radius_1_d-200_r/20190117TMX7316010203-001058pano_0000_000138_4.9290527298457_52.393890706958.jpg,2019,1,17,Blauwe_Zand,0,lon_492905430841279_lat_52393885175891334_radius_1_d-200_r,lon_492905430841279_lat_52393885175891334_radius_1,-200,r
ATM_square_equirectangular_boom/Blauwe_Zand/lon_492905430841279_lat_52393885175891334_radius_1_d-200_r/20210615TMX7316010203-002180pano_0000_002911_4.92905092840524_52.3938859689288.jpg,2021,6,15,Blauwe_Zand,1,lon_492905430841279_lat_52393885175891334_radius_1_d-200_r,lon_492905430841279_lat_52393885175891334_radius_1,-200,r
ATM_square_equirectangular_boom/Blauwe_Zand/lon_493290651746437_lat_5239246121088727_radius_1_d0_r/20160805TMX7316010203-000048pano_0000_001396_4.93290702420231_52.3924634139783.jpg,2016,8,5,Blauwe_Zand,0,lon_493290651746437_lat_5239246121088727_radius_1_d0_r,lon_493290651746437_lat_5239246121088727_radius_1,0,r
ATM_square_equirectangular_boom/Blauwe_Zand/lon_493290651746437_lat_5239246121088727_radius_1_d0_r/20170515TMX7316010203-000297pano_0000_002992_4.93290329082008_52.3924635272363.jpg,2017,5,15,Blauwe_Zand,1,lon_493290651746437_lat_5239246121088727_radius_1_d0_r,lon_493290651746437_lat_5239246121088727_radius_1,0,r
ATM_square_equirectangular_boom/Blauwe_Zand/lon_493290651746437_lat_5239246121088727_radius_1_d0_r/20180730TMX7316010203-000885pano_0001_000692_4.93290508501007_52.3924585611286.jpg,2018,7,30,Blauwe_Zand,0,lon_493290651746437_lat_5239246121088727_radius_1_d0_r,lon_493290651746437_lat_5239246121088727_radius_1,0,r
ATM_square_equirectangular_boom/Blauwe_Zand/lon_493290651746437_lat_5239246121088727_radius_1_d0_r/20210218TMX7316010203-002015pano_0000_000094_4.93291066982502_52.3924593412059.jpg,2021,2,18,Blauwe_Zand,0,lon_493290651746437_lat_5239246121088727_radius_1_d0_r,lon_493290651746437_lat_5239246121088727_radius_1,0,r
ATM_square_equirectangular_boom/Stationsplein_eo/lon_4897378066414005_lat_523792519292155_radius_1_d-200_l/20191310TMX7316010203-001548pano_0000_000553_4.8973894198687_52.3792506955278.jpg,2020,1,10,Stationsplein_eo,0,lon_4897378066414005_lat_523792519292155_radius_1_d-200_l,lon_4897378066414005_lat_523792519292155_radius_1,-200,l
ATM_square_equirectangular_boom/Stationsplein_eo/lon_4897378066414005_lat_523792519292155_radius_1_d-200_l/20200422TMX7316010203-001668pano_0000_001055_4.897371940495_52.3792598145596.jpg,2020,4,22,Stationsplein_eo,0,lon_4897378066414005_lat_523792519292155_radius_1_d-200_l,lon_4897378066414005_lat_523792519292155_radius_1,-200,l
ATM_square_equirectangular_boom/Stationsplein_eo/lon_4897378066414005_lat_523792519292155_radius_1_d-200_l/20210308TMX7316010203-002032pano_0000_001920_4.8973754167016_52.3792456337705.jpg,2021,3,8,Stationsplein_eo,1,lon_4897378066414005_lat_523792519292155_radius_1_d-200_l,lon_4897378066414005_lat_523792519292155_radius_1,-200,l
ATM_square_equirectangular_boom/Stationsplein_eo/lon_4897378066414005_lat_523792519292155_radius_1_d-200_l/20211227TMX7316010203-002354pano_0000_000334_4.89737548859072_52.3792515730041.jpg,2021,12,27,Stationsplein_eo,0,lon_4897378066414005_lat_523792519292155_radius_1_d-200_l,lon_4897378066414005_lat_523792519292155_radius_1,-200,l
ATM_square_equirectangular_boom/Stationsplein_eo/lon_4897378066414005_lat_523792519292155_radius_1_d-200_b/20191310TMX7316010203-001548pano_0000_000553_4.8973894198687_52.3792506955278.jpg,2020,1,10,Stationsplein_eo,0,lon_4897378066414005_lat_523792519292155_radius_1_d-200_b,lon_4897378066414005_lat_523792519292155_radius_1,-200,b
ATM_square_equirectangular_boom/Stationsplein_eo/lon_4897378066414005_lat_523792519292155_radius_1_d-200_b/20200422TMX7316010203-001668pano_0000_001055_4.897371940495_52.3792598145596.jpg,2020,4,22,Stationsplein_eo,0,lon_4897378066414005_lat_523792519292155_radius_1_d-200_b,lon_4897378066414005_lat_523792519292155_radius_1,-200,b
ATM_square_equirectangular_boom/Stationsplein_eo/lon_4897378066414005_lat_523792519292155_radius_1_d-200_b/20210308TMX7316010203-002032pano_0000_001920_4.8973754167016_52.3792456337705.jpg,2021,3,8,Stationsplein_eo,1,lon_4897378066414005_lat_523792519292155_radius_1_d-200_b,lon_4897378066414005_lat_523792519292155_radius_1,-200,b
ATM_square_equirectangular_boom/Stationsplein_eo/lon_4897378066414005_lat_523792519292155_radius_1_d-200_b/20211227TMX7316010203-002354pano_0000_000334_4.89737548859072_52.3792515730041.jpg,2021,12,27,Stationsplein_eo,0,lon_4897378066414005_lat_523792519292155_radius_1_d-200_b,lon_4897378066414005_lat_523792519292155_radius_1,-200,b
ATM_square_equirectangular_boom/Stationsplein_eo/lon_4897549323039393_lat_523791713797518_radius_1_d0_b/20200422TMX7316010203-001668pano_0000_001058_4.8975441537539_52.3791768388745.jpg,2020,4,22,Stationsplein_eo,0,lon_4897549323039393_lat_523791713797518_radius_1_d0_b,lon_4897549323039393_lat_523791713797518_radius_1,0,b
ATM_square_equirectangular_boom/Stationsplein_eo/lon_4897549323039393_lat_523791713797518_radius_1_d0_b/20210308TMX7316010203-002032pano_0000_001923_4.89755591688818_52.3791671134023.jpg,2021,3,8,Stationsplein_eo,1,lon_4897549323039393_lat_523791713797518_radius_1_d0_b,lon_4897549323039393_lat_523791713797518_radius_1,0,b
ATM_square_equirectangular_boom/Stationsplein_eo/lon_4897549323039393_lat_523791713797518_radius_1_d0_b/20211227TMX7316010203-002354pano_0000_000337_4.8975478984761_52.3791701869786.jpg,2021,12,27,Stationsplein_eo,0,lon_4897549323039393_lat_523791713797518_radius_1_d0_b,lon_4897549323039393_lat_523791713797518_radius_1,0,b
ATM_square_equirectangular_boom/Stationsplein_eo/lon_48977200346203_lat_5237908955372027_radius_1_d0_l/20190514TMX7316010203-001182pano_0000_000382_4.89771310565228_52.3790945578701.jpg,2019,5,14,Stationsplein_eo,0,lon_48977200346203_lat_5237908955372027_radius_1_d0_l,lon_48977200346203_lat_5237908955372027_radius_1,0,l
ATM_square_equirectangular_boom/Stationsplein_eo/lon_48977200346203_lat_5237908955372027_radius_1_d0_l/20200422TMX7316010203-001668pano_0000_001061_4.89771479674451_52.3790931080771.jpg,2020,4,22,Stationsplein_eo,0,lon_48977200346203_lat_5237908955372027_radius_1_d0_l,lon_48977200346203_lat_5237908955372027_radius_1,0,l
ATM_square_equirectangular_boom/Stationsplein_eo/lon_48977200346203_lat_5237908955372027_radius_1_d0_l/20211227TMX7316010203-002354pano_0000_000340_4.89772031421149_52.379087915258.jpg,2021,12,27,Stationsplein_eo,1,lon_48977200346203_lat_5237908955372027_radius_1_d0_l,lon_48977200346203_lat_5237908955372027_radius_1,0,l
ATM_square_equirectangular_boom/Hoptille/lon_495301566302754_lat_52309842348216335_radius_1_d350_l/20170616TMX7316010203-000338pano_0000_007486_4.9530244367526_52.3098438844932.jpg,2017,6,16,Hoptille,0,lon_495301566302754_lat_52309842348216335_radius_1_d350_l,lon_495301566302754_lat_52309842348216335_radius_1,350,l
ATM_square_equirectangular_boom/Hoptille/lon_495301566302754_lat_52309842348216335_radius_1_d350_l/20180723TMX7316010203-000853pano_0000_003847_4.95300836816015_52.309844577804.jpg,2018,7,23,Hoptille,0,lon_495301566302754_lat_52309842348216335_radius_1_d350_l,lon_495301566302754_lat_52309842348216335_radius_1,350,l
ATM_square_equirectangular_boom/Hoptille/lon_495301566302754_lat_52309842348216335_radius_1_d350_l/20210604TMX7316010203-002156pano_0000_004258_4.95301418416987_52.3098385823518.jpg,2021,6,4,Hoptille,0,lon_495301566302754_lat_52309842348216335_radius_1_d350_l,lon_495301566302754_lat_52309842348216335_radius_1,350,l
ATM_square_equirectangular_boom/Hoptille/lon_495301566302754_lat_52309842348216335_radius_1_d350_r/20170616TMX7316010203-000338pano_0000_007486_4.9530244367526_52.3098438844932.jpg,2017,6,16,Hoptille,0,lon_495301566302754_lat_52309842348216335_radius_1_d350_r,lon_495301566302754_lat_52309842348216335_radius_1,350,r
ATM_square_equirectangular_boom/Hoptille/lon_495301566302754_lat_52309842348216335_radius_1_d350_r/20180723TMX7316010203-000853pano_0000_003847_4.95300836816015_52.309844577804.jpg,2018,7,23,Hoptille,1,lon_495301566302754_lat_52309842348216335_radius_1_d350_r,lon_495301566302754_lat_52309842348216335_radius_1,350,r
ATM_square_equirectangular_boom/Hoptille/lon_495301566302754_lat_52309842348216335_radius_1_d350_r/20210604TMX7316010203-002156pano_0000_004258_4.95301418416987_52.3098385823518.jpg,2021,6,4,Hoptille,0,lon_495301566302754_lat_52309842348216335_radius_1_d350_r,lon_495301566302754_lat_52309842348216335_radius_1,350,r
ATM_square_equirectangular_boom/Frederik_Hendrikbuurt_Zuidoost/lon_4873539292295655_lat_5237596718177767_radius_1_d-100_f/20160803TMX7316010203-000044pano_0000_000947_4.87353803629748_52.3759706533591.jpg,2016,8,3,Frederik_Hendrikbuurt_Zuidoost,0,lon_4873539292295655_lat_5237596718177767_radius_1_d-100_f,lon_4873539292295655_lat_5237596718177767_radius_1,-100,f
ATM_square_equirectangular_boom/Frederik_Hendrikbuurt_Zuidoost/lon_4873539292295655_lat_5237596718177767_radius_1_d-100_f/20180613TMX7316010203-000790pano_0000_004809_4.8735363682644_52.3759610870636.jpg,2018,6,13,Frederik_Hendrikbuurt_Zuidoost,0,lon_4873539292295655_lat_5237596718177767_radius_1_d-100_f,lon_4873539292295655_lat_5237596718177767_radius_1,-100,f
ATM_square_equirectangular_boom/Frederik_Hendrikbuurt_Zuidoost/lon_4873539292295655_lat_5237596718177767_radius_1_d-100_f/20190417TMX7316010203-001134pano_0000_001072_4.87353850277279_52.3759654324739.jpg,2019,4,17,Frederik_Hendrikbuurt_Zuidoost,1,lon_4873539292295655_lat_5237596718177767_radius_1_d-100_f,lon_4873539292295655_lat_5237596718177767_radius_1,-100,f
ATM_square_equirectangular_boom/Frederik_Hendrikbuurt_Zuidoost/lon_4873539292295655_lat_5237596718177767_radius_1_d-100_f/20200127TMX7316010203-001594pano_0002_000143_4.87354426184795_52.3759715542141.jpg,2020,1,27,Frederik_Hendrikbuurt_Zuidoost,0,lon_4873539292295655_lat_5237596718177767_radius_1_d-100_f,lon_4873539292295655_lat_5237596718177767_radius_1,-100,f
ATM_square_equirectangular_boom/Frederik_Hendrikbuurt_Zuidoost/lon_4873539292295655_lat_5237596718177767_radius_1_d-100_r/20160803TMX7316010203-000044pano_0000_000947_4.87353803629748_52.3759706533591.jpg,2016,8,3,Frederik_Hendrikbuurt_Zuidoost,0,lon_4873539292295655_lat_5237596718177767_radius_1_d-100_r,lon_4873539292295655_lat_5237596718177767_radius_1,-100,r
ATM_square_equirectangular_boom/Frederik_Hendrikbuurt_Zuidoost/lon_4873539292295655_lat_5237596718177767_radius_1_d-100_r/20180613TMX7316010203-000790pano_0000_004809_4.8735363682644_52.3759610870636.jpg,2018,6,13,Frederik_Hendrikbuurt_Zuidoost,0,lon_4873539292295655_lat_5237596718177767_radius_1_d-100_r,lon_4873539292295655_lat_5237596718177767_radius_1,-100,r
ATM_square_equirectangular_boom/Frederik_Hendrikbuurt_Zuidoost/lon_4873539292295655_lat_5237596718177767_radius_1_d-100_r/20190417TMX7316010203-001134pano_0000_001072_4.87353850277279_52.3759654324739.jpg,2019,4,17,Frederik_Hendrikbuurt_Zuidoost,1,lon_4873539292295655_lat_5237596718177767_radius_1_d-100_r,lon_4873539292295655_lat_5237596718177767_radius_1,-100,r
ATM_square_equirectangular_boom/Frederik_Hendrikbuurt_Zuidoost/lon_4873539292295655_lat_5237596718177767_radius_1_d-100_r/20200127TMX7316010203-001594pano_0002_000143_4.87354426184795_52.3759715542141.jpg,2020,1,27,Frederik_Hendrikbuurt_Zuidoost,0,lon_4873539292295655_lat_5237596718177767_radius_1_d-100_r,lon_4873539292295655_lat_5237596718177767_radius_1,-100,r
ATM_square_equirectangular_boom/Frederik_Hendrikbuurt_Zuidoost/lon_4873539292295655_lat_5237596718177767_radius_1_d-100_b/20160803TMX7316010203-000044pano_0000_000947_4.87353803629748_52.3759706533591.jpg,2016,8,3,Frederik_Hendrikbuurt_Zuidoost,0,lon_4873539292295655_lat_5237596718177767_radius_1_d-100_b,lon_4873539292295655_lat_5237596718177767_radius_1,-100,b
ATM_square_equirectangular_boom/Frederik_Hendrikbuurt_Zuidoost/lon_4873539292295655_lat_5237596718177767_radius_1_d-100_b/20180613TMX7316010203-000790pano_0000_004809_4.8735363682644_52.3759610870636.jpg,2018,6,13,Frederik_Hendrikbuurt_Zuidoost,0,lon_4873539292295655_lat_5237596718177767_radius_1_d-100_b,lon_4873539292295655_lat_5237596718177767_radius_1,-100,b
ATM_square_equirectangular_boom/Frederik_Hendrikbuurt_Zuidoost/lon_4873539292295655_lat_5237596718177767_radius_1_d-100_b/20190417TMX7316010203-001134pano_0000_001072_4.87353850277279_52.3759654324739.jpg,2019,4,17,Frederik_Hendrikbuurt_Zuidoost,1,lon_4873539292295655_lat_5237596718177767_radius_1_d-100_b,lon_4873539292295655_lat_5237596718177767_radius_1,-100,b
ATM_square_equirectangular_boom/Frederik_Hendrikbuurt_Zuidoost/lon_4873539292295655_lat_5237596718177767_radius_1_d-100_b/20200127TMX7316010203-001594pano_0002_000143_4.87354426184795_52.3759715542141.jpg,2020,1,27,Frederik_Hendrikbuurt_Zuidoost,0,lon_4873539292295655_lat_5237596718177767_radius_1_d-100_b,lon_4873539292295655_lat_5237596718177767_radius_1,-100,b
ATM_square_equirectangular_boom/Frederik_Hendrikbuurt_Zuidoost/lon_4873539292295655_lat_5237596718177767_radius_1_d-100_l/20160803TMX7316010203-000044pano_0000_000947_4.87353803629748_52.3759706533591.jpg,2016,8,3,Frederik_Hendrikbuurt_Zuidoost,0,lon_4873539292295655_lat_5237596718177767_radius_1_d-100_l,lon_4873539292295655_lat_5237596718177767_radius_1,-100,l
ATM_square_equirectangular_boom/Frederik_Hendrikbuurt_Zuidoost/lon_4873539292295655_lat_5237596718177767_radius_1_d-100_l/20180613TMX7316010203-000790pano_0000_004809_4.8735363682644_52.3759610870636.jpg,2018,6,13,Frederik_Hendrikbuurt_Zuidoost,0,lon_4873539292295655_lat_5237596718177767_radius_1_d-100_l,lon_4873539292295655_lat_5237596718177767_radius_1,-100,l
ATM_square_equirectangular_boom/Frederik_Hendrikbuurt_Zuidoost/lon_4873539292295655_lat_5237596718177767_radius_1_d-100_l/20190417TMX7316010203-001134pano_0000_001072_4.87353850277279_52.3759654324739.jpg,2019,4,17,Frederik_Hendrikbuurt_Zuidoost,1,lon_4873539292295655_lat_5237596718177767_radius_1_d-100_l,lon_4873539292295655_lat_5237596718177767_radius_1,-100,l
ATM_square_equirectangular_boom/Frederik_Hendrikbuurt_Zuidoost/lon_4873539292295655_lat_5237596718177767_radius_1_d-100_l/20200127TMX7316010203-001594pano_0002_000143_4.87354426184795_52.3759715542141.jpg,2020,1,27,Frederik_Hendrikbuurt_Zuidoost,0,lon_4873539292295655_lat_5237596718177767_radius_1_d-100_l,lon_4873539292295655_lat_5237596718177767_radius_1,-100,l
ATM_square_equirectangular_boom/Frederik_Hendrikbuurt_Zuidoost/lon_4872891292995452_lat_523750518428688_radius_1_d0_f/20160803TMX7316010203-000044pano_0000_000969_4.87289474071668_52.3750531798799.jpg,2016,8,3,Frederik_Hendrikbuurt_Zuidoost,0,lon_4872891292995452_lat_523750518428688_radius_1_d0_f,lon_4872891292995452_lat_523750518428688_radius_1,0,f
ATM_square_equirectangular_boom/Frederik_Hendrikbuurt_Zuidoost/lon_4872891292995452_lat_523750518428688_radius_1_d0_f/20180613TMX7316010203-000790pano_0000_004831_4.8728893558234_52.3750472180789.jpg,2018,6,13,Frederik_Hendrikbuurt_Zuidoost,0,lon_4872891292995452_lat_523750518428688_radius_1_d0_f,lon_4872891292995452_lat_523750518428688_radius_1,0,f
ATM_square_equirectangular_boom/Frederik_Hendrikbuurt_Zuidoost/lon_4872891292995452_lat_523750518428688_radius_1_d0_f/20190417TMX7316010203-001134pano_0000_001094_4.87289735614504_52.3750551611901.jpg,2019,4,17,Frederik_Hendrikbuurt_Zuidoost,1,lon_4872891292995452_lat_523750518428688_radius_1_d0_f,lon_4872891292995452_lat_523750518428688_radius_1,0,f
ATM_square_equirectangular_boom/Frederik_Hendrikbuurt_Zuidoost/lon_4872891292995452_lat_523750518428688_radius_1_d0_f/20200127TMX7316010203-001594pano_0002_000167_4.87289588753096_52.3750529792968.jpg,2020,1,27,Frederik_Hendrikbuurt_Zuidoost,0,lon_4872891292995452_lat_523750518428688_radius_1_d0_f,lon_4872891292995452_lat_523750518428688_radius_1,0,f
ATM_square_equirectangular_boom/Frederik_Hendrikbuurt_Zuidoost/lon_4872891292995452_lat_523750518428688_radius_1_d0_f/20210322TMX7316010203-002055pano_0000_001154_4.87287912476118_52.3750506758983.jpg,2021,3,22,Frederik_Hendrikbuurt_Zuidoost,0,lon_4872891292995452_lat_523750518428688_radius_1_d0_f,lon_4872891292995452_lat_523750518428688_radius_1,0,f
ATM_square_equirectangular_boom/Oostzanerdijk/lon_4894151223494648_lat_524159023023686_radius_1_d300_f/20160622TMX7315120208-000090pano_0001_001109_4.89415073985609_52.4159009715312.jpg,2016,6,22,Oostzanerdijk,0,lon_4894151223494648_lat_524159023023686_radius_1_d300_f,lon_4894151223494648_lat_524159023023686_radius_1,300,f
ATM_square_equirectangular_boom/Oostzanerdijk/lon_4894151223494648_lat_524159023023686_radius_1_d300_f/20180724TMX7316010203-000857pano_0002_001294_4.89414512814847_52.4159020980253.jpg,2018,7,24,Oostzanerdijk,0,lon_4894151223494648_lat_524159023023686_radius_1_d300_f,lon_4894151223494648_lat_524159023023686_radius_1,300,f
ATM_square_equirectangular_boom/Oostzanerdijk/lon_4894151223494648_lat_524159023023686_radius_1_d300_f/20200206TMX7316010203-001624pano_0003_000110_4.89414744090085_52.415904678905.jpg,2020,2,6,Oostzanerdijk,1,lon_4894151223494648_lat_524159023023686_radius_1_d300_f,lon_4894151223494648_lat_524159023023686_radius_1,300,f
ATM_square_equirectangular_boom/Oostzanerdijk/lon_4894151223494648_lat_524159023023686_radius_1_d300_f/20200218TMX7316010203-001652pano_0000_000017_4.89415914041669_52.4158977736981.jpg,2020,2,18,Oostzanerdijk,0,lon_4894151223494648_lat_524159023023686_radius_1_d300_f,lon_4894151223494648_lat_524159023023686_radius_1,300,f
ATM_square_equirectangular_boom/Oostzanerdijk/lon_4894151223494648_lat_524159023023686_radius_1_d300_f/20200616TMX7316010203-001746pano_0002_001732_4.8941489436394_52.4159004560599.jpg,2020,6,16,Oostzanerdijk,0,lon_4894151223494648_lat_524159023023686_radius_1_d300_f,lon_4894151223494648_lat_524159023023686_radius_1,300,f
ATM_square_equirectangular_boom/Oostzanerdijk/lon_4894151223494648_lat_524159023023686_radius_1_d300_f/20210211TMX7316010203-001998pano_0000_000372_4.89416396680641_52.4159024290124.jpg,2021,2,11,Oostzanerdijk,0,lon_4894151223494648_lat_524159023023686_radius_1_d300_f,lon_4894151223494648_lat_524159023023686_radius_1,300,f
ATM_square_equirectangular_boom/Oostzanerdijk/lon_4894151223494648_lat_524159023023686_radius_1_d300_f/20210624TMX7316010203-002189pano_0001_001891_4.89414804828519_52.4159039045001.jpg,2021,6,24,Oostzanerdijk,0,lon_4894151223494648_lat_524159023023686_radius_1_d300_f,lon_4894151223494648_lat_524159023023686_radius_1,300,f
ATM_square_equirectangular_boom/Oostzanerdijk/lon_4894151223494648_lat_524159023023686_radius_1_d300_f/20211224TMX7316010203-002347pano_0008_000034_4.8941529685609_52.4159043506204.jpg,2021,12,24,Oostzanerdijk,0,lon_4894151223494648_lat_524159023023686_radius_1_d300_f,lon_4894151223494648_lat_524159023023686_radius_1,300,f
ATM_square_equirectangular_boom/Oostzanerdijk/lon_4894151223494648_lat_524159023023686_radius_1_d300_f/20211224TMX7316010203-002347pano_0008_000060_4.89414463483782_52.415904058965.jpg,2021,12,24,Oostzanerdijk,0,lon_4894151223494648_lat_524159023023686_radius_1_d300_f,lon_4894151223494648_lat_524159023023686_radius_1,300,f
ATM_square_equirectangular_boom/Oostzanerdijk/lon_4894151223494648_lat_524159023023686_radius_1_d300_f/20220510TMX7316010203-002570pano_0000_001185_4.89415469005223_52.4159009790757.jpg,2022,5,10,Oostzanerdijk,0,lon_4894151223494648_lat_524159023023686_radius_1_d300_f,lon_4894151223494648_lat_524159023023686_radius_1,300,f
ATM_square_equirectangular_boom/Oostzanerdijk/lon_4894151223494648_lat_524159023023686_radius_1_d300_f/20221227TMX7316010203-002895pano_0011_000370_4.89414609000138_52.4159011065537.jpg,2022,12,27,Oostzanerdijk,0,lon_4894151223494648_lat_524159023023686_radius_1_d300_f,lon_4894151223494648_lat_524159023023686_radius_1,300,f
ATM_square_equirectangular_boom/Dorp_Sloten/lon_4795137848632538_lat_52342157556195_radius_1_d0_r/20170504TMX7316010203-000286pano_0000_003009_4.79512648077308_52.3421583723584.jpg,2017,5,4,Dorp_Sloten,0,lon_4795137848632538_lat_52342157556195_radius_1_d0_r,lon_4795137848632538_lat_52342157556195_radius_1,0,r
ATM_square_equirectangular_boom/Dorp_Sloten/lon_4795137848632538_lat_52342157556195_radius_1_d0_r/20180626TMX7316010203-000809pano_0000_003795_4.79514666866243_52.3421531433758.jpg,2018,6,26,Dorp_Sloten,0,lon_4795137848632538_lat_52342157556195_radius_1_d0_r,lon_4795137848632538_lat_52342157556195_radius_1,0,r
ATM_square_equirectangular_boom/Dorp_Sloten/lon_4795137848632538_lat_52342157556195_radius_1_d0_r/20180626TMX7316010203-000809pano_0000_004564_4.79514734421637_52.3421591453872.jpg,2018,6,26,Dorp_Sloten,0,lon_4795137848632538_lat_52342157556195_radius_1_d0_r,lon_4795137848632538_lat_52342157556195_radius_1,0,r
ATM_square_equirectangular_boom/Dorp_Sloten/lon_4795137848632538_lat_52342157556195_radius_1_d0_r/20190718TMX7316010203-001318pano_0001_000607_4.79513613938566_52.3421641281361.jpg,2019,7,18,Dorp_Sloten,0,lon_4795137848632538_lat_52342157556195_radius_1_d0_r,lon_4795137848632538_lat_52342157556195_radius_1,0,r
ATM_square_equirectangular_boom/Dorp_Sloten/lon_4795137848632538_lat_52342157556195_radius_1_d0_r/20210419TMX7316010203-002103pano_0000_000396_4.79515033729673_52.3421573351631.jpg,2021,4,19,Dorp_Sloten,1,lon_4795137848632538_lat_52342157556195_radius_1_d0_r,lon_4795137848632538_lat_52342157556195_radius_1,0,r
ATM_square_equirectangular_boom/Dorp_Sloten/lon_4795137848632538_lat_52342157556195_radius_1_d0_r/20220414TMX7316010203-002519pano_0000_002087_4.7951285418518_52.3421510420245.jpg,2022,4,14,Dorp_Sloten,0,lon_4795137848632538_lat_52342157556195_radius_1_d0_r,lon_4795137848632538_lat_52342157556195_radius_1,0,r
ATM_square_equirectangular_boom/Middelveldsche_Akerpolder/lon_4781380173618491_lat_523537623519952_radius_1_d0_r/20160801TMX7316010203-000038pano_0000_005233_4.78137604760467_52.3537574327969.jpg,2016,8,1,Middelveldsche_Akerpolder,0,lon_4781380173618491_lat_523537623519952_radius_1_d0_r,lon_4781380173618491_lat_523537623519952_radius_1,0,r
ATM_square_equirectangular_boom/Middelveldsche_Akerpolder/lon_4781380173618491_lat_523537623519952_radius_1_d0_r/20190717TMX7316010203-001317pano_0000_003998_4.78138586482531_52.3537690164737.jpg,2019,7,17,Middelveldsche_Akerpolder,0,lon_4781380173618491_lat_523537623519952_radius_1_d0_r,lon_4781380173618491_lat_523537623519952_radius_1,0,r
ATM_square_equirectangular_boom/Middelveldsche_Akerpolder/lon_4781380173618491_lat_523537623519952_radius_1_d0_r/20200824TMX7316010203-001890pano_0000_000387_4.78137656569865_52.3537590780198.jpg,2020,8,24,Middelveldsche_Akerpolder,1,lon_4781380173618491_lat_523537623519952_radius_1_d0_r,lon_4781380173618491_lat_523537623519952_radius_1,0,r
ATM_square_equirectangular_boom/Middelveldsche_Akerpolder/lon_4781380173618491_lat_523537623519952_radius_1_d0_r/20210421TMX7316010203-002110pano_0000_000553_4.78138221634533_52.3537638806904.jpg,2021,4,21,Middelveldsche_Akerpolder,0,lon_4781380173618491_lat_523537623519952_radius_1_d0_r,lon_4781380173618491_lat_523537623519952_radius_1,0,r
ATM_square_equirectangular_boom/Middelveldsche_Akerpolder/lon_477987590382729_lat_52355420736152226_radius_1_d-100_f/20160801TMX7316010203-000038pano_0000_005155_4.77987896781146_52.3554170046597.jpg,2016,8,1,Middelveldsche_Akerpolder,0,lon_477987590382729_lat_52355420736152226_radius_1_d-100_f,lon_477987590382729_lat_52355420736152226_radius_1,-100,f
ATM_square_equirectangular_boom/Middelveldsche_Akerpolder/lon_477987590382729_lat_52355420736152226_radius_1_d-100_f/20180627TMX7316010203-000812pano_0000_000391_4.77987505588753_52.3554242677743.jpg,2018,6,27,Middelveldsche_Akerpolder,0,lon_477987590382729_lat_52355420736152226_radius_1_d-100_f,lon_477987590382729_lat_52355420736152226_radius_1,-100,f
ATM_square_equirectangular_boom/Middelveldsche_Akerpolder/lon_477987590382729_lat_52355420736152226_radius_1_d-100_f/20190717TMX7316010203-001317pano_0000_005792_4.77987782608651_52.3554182290441.jpg,2019,7,17,Middelveldsche_Akerpolder,1,lon_477987590382729_lat_52355420736152226_radius_1_d-100_f,lon_477987590382729_lat_52355420736152226_radius_1,-100,f
ATM_square_equirectangular_boom/Middelveldsche_Akerpolder/lon_477987590382729_lat_52355420736152226_radius_1_d-100_f/20200821TMX7316010203-001888pano_0000_000456_4.77987176552366_52.3554234431308.jpg,2020,8,21,Middelveldsche_Akerpolder,0,lon_477987590382729_lat_52355420736152226_radius_1_d-100_f,lon_477987590382729_lat_52355420736152226_radius_1,-100,f
ATM_square_equirectangular_boom/Middelveldsche_Akerpolder/lon_477987590382729_lat_52355420736152226_radius_1_d-100_b/20160801TMX7316010203-000038pano_0000_005155_4.77987896781146_52.3554170046597.jpg,2016,8,1,Middelveldsche_Akerpolder,0,lon_477987590382729_lat_52355420736152226_radius_1_d-100_b,lon_477987590382729_lat_52355420736152226_radius_1,-100,b
ATM_square_equirectangular_boom/Middelveldsche_Akerpolder/lon_477987590382729_lat_52355420736152226_radius_1_d-100_b/20180627TMX7316010203-000812pano_0000_000391_4.77987505588753_52.3554242677743.jpg,2018,6,27,Middelveldsche_Akerpolder,1,lon_477987590382729_lat_52355420736152226_radius_1_d-100_b,lon_477987590382729_lat_52355420736152226_radius_1,-100,b
ATM_square_equirectangular_boom/Middelveldsche_Akerpolder/lon_477987590382729_lat_52355420736152226_radius_1_d-100_b/20190717TMX7316010203-001317pano_0000_005792_4.77987782608651_52.3554182290441.jpg,2019,7,17,Middelveldsche_Akerpolder,0,lon_477987590382729_lat_52355420736152226_radius_1_d-100_b,lon_477987590382729_lat_52355420736152226_radius_1,-100,b
ATM_square_equirectangular_boom/Middelveldsche_Akerpolder/lon_477987590382729_lat_52355420736152226_radius_1_d-100_b/20200821TMX7316010203-001888pano_0000_000456_4.77987176552366_52.3554234431308.jpg,2020,8,21,Middelveldsche_Akerpolder,1,lon_477987590382729_lat_52355420736152226_radius_1_d-100_b,lon_477987590382729_lat_52355420736152226_radius_1,-100,b
ATM_square_equirectangular_boom/Sloterweg_eo/lon_4808116622017676_lat_52341424596673654_radius_1_d0_f/20191217TMX7316010203-001516pano_0000_001782_4.80810923294408_52.341426400807.jpg,2019,12,17,Sloterweg_eo,0,lon_4808116622017676_lat_52341424596673654_radius_1_d0_f,lon_4808116622017676_lat_52341424596673654_radius_1,0,f
ATM_square_equirectangular_boom/Sloterweg_eo/lon_4808116622017676_lat_52341424596673654_radius_1_d0_f/20210226TMX7316010203-002030pano_0006_000697_4.80812389507986_52.3414287259929.jpg,2021,2,26,Sloterweg_eo,1,lon_4808116622017676_lat_52341424596673654_radius_1_d0_f,lon_4808116622017676_lat_52341424596673654_radius_1,0,f
ATM_square_equirectangular_boom/Sloterweg_eo/lon_4808116622017676_lat_52341424596673654_radius_1_d0_f/20220106TMX7316010203-002391pano_0004_000045_4.80812202619017_52.3414246960867.jpg,2022,1,6,Sloterweg_eo,0,lon_4808116622017676_lat_52341424596673654_radius_1_d0_f,lon_4808116622017676_lat_52341424596673654_radius_1,0,f
ATM_square_equirectangular_boom/Sloterweg_eo/lon_4808116622017676_lat_52341424596673654_radius_1_d0_f/20221207TMX7316010203-002835pano_0004_000242_4.80811685181298_52.3414237194808.jpg,2022,12,7,Sloterweg_eo,0,lon_4808116622017676_lat_52341424596673654_radius_1_d0_f,lon_4808116622017676_lat_52341424596673654_radius_1,0,f
ATM_square_equirectangular_boom/Gaasperdam_Zuid/lon_4979096676361367_lat_5229274320175176_radius_1_d0_r/20160621TMX7315120208-000089pano_0000_007600_4.97908562491197_52.2927416008015.jpg,2016,6,21,Gaasperdam_Zuid,0,lon_4979096676361367_lat_5229274320175176_radius_1_d0_r,lon_4979096676361367_lat_5229274320175176_radius_1,0,r
ATM_square_equirectangular_boom/Gaasperdam_Zuid/lon_4979096676361367_lat_5229274320175176_radius_1_d0_r/20170614TMX7316010203-000336pano_0000_011612_4.97910693662395_52.2927439473089.jpg,2017,6,14,Gaasperdam_Zuid,0,lon_4979096676361367_lat_5229274320175176_radius_1_d0_r,lon_4979096676361367_lat_5229274320175176_radius_1,0,r
ATM_square_equirectangular_boom/Gaasperdam_Zuid/lon_4979096676361367_lat_5229274320175176_radius_1_d0_r/20180718TMX7316010203-000847pano_0002_002093_4.97909013952154_52.2927444768866.jpg,2018,7,18,Gaasperdam_Zuid,0,lon_4979096676361367_lat_5229274320175176_radius_1_d0_r,lon_4979096676361367_lat_5229274320175176_radius_1,0,r
ATM_square_equirectangular_boom/Gaasperdam_Zuid/lon_4979096676361367_lat_5229274320175176_radius_1_d0_r/20190611TMX7316010203-001214pano_0000_000022_4.97909348010325_52.2927416122426.jpg,2019,6,11,Gaasperdam_Zuid,0,lon_4979096676361367_lat_5229274320175176_radius_1_d0_r,lon_4979096676361367_lat_5229274320175176_radius_1,0,r
ATM_square_equirectangular_boom/Gaasperdam_Zuid/lon_4979096676361367_lat_5229274320175176_radius_1_d0_r/20200131TMX7316010203-001615pano_0005_000171_4.97910720064612_52.2927443715192.jpg,2020,1,31,Gaasperdam_Zuid,0,lon_4979096676361367_lat_5229274320175176_radius_1_d0_r,lon_4979096676361367_lat_5229274320175176_radius_1,0,r
ATM_square_equirectangular_boom/Dapperbuurt_Zuid/lon_49262574208659355_lat_5235863407123982_radius_1_d0_r/20160512TMX7315120208-000048pano_0000_004876_4.92625934247341_52.3586296970995.jpg,2016,5,12,Dapperbuurt_Zuid,0,lon_49262574208659355_lat_5235863407123982_radius_1_d0_r,lon_49262574208659355_lat_5235863407123982_radius_1,0,r
ATM_square_equirectangular_boom/Dapperbuurt_Zuid/lon_49262574208659355_lat_5235863407123982_radius_1_d0_r/20160531TMX7315120208-000061pano_0000_000574_4.92625567050403_52.3586412323946.jpg,2016,5,31,Dapperbuurt_Zuid,0,lon_49262574208659355_lat_5235863407123982_radius_1_d0_r,lon_49262574208659355_lat_5235863407123982_radius_1,0,r
ATM_square_equirectangular_boom/Dapperbuurt_Zuid/lon_49262574208659355_lat_5235863407123982_radius_1_d0_r/20180524TMX7316010203-000749pano_0000_002588_4.9262595831594_52.3586333033564.jpg,2018,5,24,Dapperbuurt_Zuid,0,lon_49262574208659355_lat_5235863407123982_radius_1_d0_r,lon_49262574208659355_lat_5235863407123982_radius_1,0,r
ATM_square_equirectangular_boom/Dapperbuurt_Zuid/lon_49262574208659355_lat_5235863407123982_radius_1_d0_r/20220517TMX7316010203-002582pano_0012_001710_4.92625167035939_52.3586421016734.jpg,2022,5,17,Dapperbuurt_Zuid,1,lon_49262574208659355_lat_5235863407123982_radius_1_d0_r,lon_49262574208659355_lat_5235863407123982_radius_1,0,r
ATM_square_equirectangular_boom/Noordoostkwadrant_Indische_buurt/lon_494238614686819_lat_5236269250733317_radius_1_d0_l/20170404TMX7316010203-000242pano_0000_006062_4.94239483923365_52.3626914817018.jpg,2017,4,4,Noordoostkwadrant_Indische_buurt,0,lon_494238614686819_lat_5236269250733317_radius_1_d0_l,lon_494238614686819_lat_5236269250733317_radius_1,0,l
ATM_square_equirectangular_boom/Noordoostkwadrant_Indische_buurt/lon_494238614686819_lat_5236269250733317_radius_1_d0_l/20180524TMX7316010203-000748pano_0000_004172_4.94238450160661_52.3626901021525.jpg,2018,5,24,Noordoostkwadrant_Indische_buurt,0,lon_494238614686819_lat_5236269250733317_radius_1_d0_l,lon_494238614686819_lat_5236269250733317_radius_1,0,l
ATM_square_equirectangular_boom/Noordoostkwadrant_Indische_buurt/lon_494238614686819_lat_5236269250733317_radius_1_d0_l/20210528TMX7316010203-002140pano_0001_000760_4.94237909976431_52.3626959381452.jpg,2021,5,28,Noordoostkwadrant_Indische_buurt,0,lon_494238614686819_lat_5236269250733317_radius_1_d0_l,lon_494238614686819_lat_5236269250733317_radius_1,0,l
ATM_square_equirectangular_boom/Noordoostkwadrant_Indische_buurt/lon_494238614686819_lat_5236269250733317_radius_1_d0_l/20220831TMX7316010203-002778pano_0002_001201_4.94237608197148_52.3626913647336.jpg,2022,8,31,Noordoostkwadrant_Indische_buurt,0,lon_494238614686819_lat_5236269250733317_radius_1_d0_l,lon_494238614686819_lat_5236269250733317_radius_1,0,l
ATM_square_equirectangular_boom/De_Aker_Oost/lon_47916006140306875_lat_5235046426243007_radius_1_d100_f/20160616TMX7315080123-000301pano_0000_000052_4.79159678154221_52.3504629258085.jpg,2016,6,16,De_Aker_Oost,0,lon_47916006140306875_lat_5235046426243007_radius_1_d100_f,lon_47916006140306875_lat_5235046426243007_radius_1,100,f
ATM_square_equirectangular_boom/De_Aker_Oost/lon_47916006140306875_lat_5235046426243007_radius_1_d100_f/20160616TMX7315080123-000303pano_0000_000336_4.7916007920911_52.3504639199226.jpg,2016,6,16,De_Aker_Oost,0,lon_47916006140306875_lat_5235046426243007_radius_1_d100_f,lon_47916006140306875_lat_5235046426243007_radius_1,100,f
ATM_square_equirectangular_boom/De_Aker_Oost/lon_47916006140306875_lat_5235046426243007_radius_1_d100_f/20180628TMX7316010203-000814pano_0001_001117_4.79160123663153_52.3504660924222.jpg,2018,6,28,De_Aker_Oost,0,lon_47916006140306875_lat_5235046426243007_radius_1_d100_f,lon_47916006140306875_lat_5235046426243007_radius_1,100,f
ATM_square_equirectangular_boom/De_Aker_Oost/lon_47916006140306875_lat_5235046426243007_radius_1_d100_f/20210419TMX7316010203-002104pano_0000_002889_4.79160364585791_52.350464111567.jpg,2021,4,19,De_Aker_Oost,0,lon_47916006140306875_lat_5235046426243007_radius_1_d100_f,lon_47916006140306875_lat_5235046426243007_radius_1,100,f
ATM_square_equirectangular_boom/Loenermark/lon_4933159394337835_lat_5239903006007927_radius_1_d0_r/20160805TMX7316010203-000048pano_0000_000019_4.93315720708448_52.3990277473095.jpg,2016,8,5,Loenermark,0,lon_4933159394337835_lat_5239903006007927_radius_1_d0_r,lon_4933159394337835_lat_5239903006007927_radius_1,0,r
ATM_square_equirectangular_boom/Loenermark/lon_4933159394337835_lat_5239903006007927_radius_1_d0_r/20160808TMX7316060226-000015pano_0000_004972_4.93315815408563_52.3990327064137.jpg,2016,8,8,Loenermark,0,lon_4933159394337835_lat_5239903006007927_radius_1_d0_r,lon_4933159394337835_lat_5239903006007927_radius_1,0,r
ATM_square_equirectangular_boom/Loenermark/lon_4933159394337835_lat_5239903006007927_radius_1_d0_r/20180730TMX7316010203-000885pano_0000_001762_4.93316132893612_52.3990305421275.jpg,2018,7,30,Loenermark,1,lon_4933159394337835_lat_5239903006007927_radius_1_d0_r,lon_4933159394337835_lat_5239903006007927_radius_1,0,r
ATM_square_equirectangular_boom/Loenermark/lon_4933159394337835_lat_5239903006007927_radius_1_d0_r/20210617TMX7316010203-002184pano_0000_002661_4.93316088724511_52.3990292444664.jpg,2021,6,17,Loenermark,0,lon_4933159394337835_lat_5239903006007927_radius_1_d0_r,lon_4933159394337835_lat_5239903006007927_radius_1,0,r
ATM_square_equirectangular_boom/Aalsmeerwegbuurt_Oost/lon_4847659404130869_lat_5234799010330634_radius_1_d300_l/20160727TMX7316010203-000029pano_0000_001829_4.84765537644115_52.3479875212571.jpg,2016,7,27,Aalsmeerwegbuurt_Oost,0,lon_4847659404130869_lat_5234799010330634_radius_1_d300_l,lon_4847659404130869_lat_5234799010330634_radius_1,300,l
ATM_square_equirectangular_boom/Aalsmeerwegbuurt_Oost/lon_4847659404130869_lat_5234799010330634_radius_1_d300_l/20180612TMX7316010203-000785pano_0001_003845_4.84765643273962_52.3479887499185.jpg,2018,6,12,Aalsmeerwegbuurt_Oost,0,lon_4847659404130869_lat_5234799010330634_radius_1_d300_l,lon_4847659404130869_lat_5234799010330634_radius_1,300,l
ATM_square_equirectangular_boom/Aalsmeerwegbuurt_Oost/lon_4847659404130869_lat_5234799010330634_radius_1_d300_l/20181115TMX7316010203-000985pano_0001_003845_4.84765643273962_52.3479887499185.jpg,2018,11,15,Aalsmeerwegbuurt_Oost,0,lon_4847659404130869_lat_5234799010330634_radius_1_d300_l,lon_4847659404130869_lat_5234799010330634_radius_1,300,l
ATM_square_equirectangular_boom/Aalsmeerwegbuurt_Oost/lon_4847659404130869_lat_5234799010330634_radius_1_d300_l/20190107TMX7316010203-001039pano_0001_000464_4.84766180887634_52.3479930814419.jpg,2019,1,7,Aalsmeerwegbuurt_Oost,0,lon_4847659404130869_lat_5234799010330634_radius_1_d300_l,lon_4847659404130869_lat_5234799010330634_radius_1,300,l
ATM_square_equirectangular_boom/Aalsmeerwegbuurt_Oost/lon_4847659404130869_lat_5234799010330634_radius_1_d300_l/20190426TMX7316010203-001143pano_0001_001673_4.84765702080461_52.3479866215758.jpg,2019,4,26,Aalsmeerwegbuurt_Oost,0,lon_4847659404130869_lat_5234799010330634_radius_1_d300_l,lon_4847659404130869_lat_5234799010330634_radius_1,300,l
ATM_square_equirectangular_boom/Aalsmeerwegbuurt_Oost/lon_4847659404130869_lat_5234799010330634_radius_1_d300_l/20210709TMX7316010203-002226pano_0000_000746_4.84766935318388_52.3479958957262.jpg,2021,7,9,Aalsmeerwegbuurt_Oost,0,lon_4847659404130869_lat_5234799010330634_radius_1_d300_l,lon_4847659404130869_lat_5234799010330634_radius_1,300,l
ATM_square_equirectangular_boom/Aalsmeerwegbuurt_Oost/lon_4847659404130869_lat_5234799010330634_radius_1_d300_l/20220324TMX7316010203-002478pano_0002_000056_4.84765801061325_52.3479904835496.jpg,2022,3,24,Aalsmeerwegbuurt_Oost,1,lon_4847659404130869_lat_5234799010330634_radius_1_d300_l,lon_4847659404130869_lat_5234799010330634_radius_1,300,l
ATM_square_equirectangular_boom/Haarlemmerbuurt_Oost/lon_4894711970055533_lat_52379996106085436_radius_1_d-150_r/20190514TMX7316010203-001182pano_0000_000502_4.89471233590755_52.3799969198164.jpg,2019,5,14,Haarlemmerbuurt_Oost,0,lon_4894711970055533_lat_52379996106085436_radius_1_d-150_r,lon_4894711970055533_lat_52379996106085436_radius_1,-150,r
ATM_square_equirectangular_boom/Haarlemmerbuurt_Oost/lon_4894711970055533_lat_52379996106085436_radius_1_d-150_r/20191310TMX7316010203-001548pano_0000_000761_4.89471089484546_52.3799979168255.jpg,2020,1,10,Haarlemmerbuurt_Oost,1,lon_4894711970055533_lat_52379996106085436_radius_1_d-150_r,lon_4894711970055533_lat_52379996106085436_radius_1,-150,r
ATM_square_equirectangular_boom/Haarlemmerbuurt_Oost/lon_4894711970055533_lat_52379996106085436_radius_1_d-150_r/20200424TMX7316010203-001672pano_0000_001717_4.89471267941359_52.3799934816144.jpg,2020,4,24,Haarlemmerbuurt_Oost,0,lon_4894711970055533_lat_52379996106085436_radius_1_d-150_r,lon_4894711970055533_lat_52379996106085436_radius_1,-150,r
ATM_square_equirectangular_boom/Reigersbos_Noord/lon_4969027991316527_lat_52296110981859755_radius_1_d0_f/20170613TMX7316010203-000335pano_0000_007911_4.96903260199361_52.296107239742.jpg,2017,6,13,Reigersbos_Noord,0,lon_4969027991316527_lat_52296110981859755_radius_1_d0_f,lon_4969027991316527_lat_52296110981859755_radius_1,0,f
ATM_square_equirectangular_boom/Reigersbos_Noord/lon_4969027991316527_lat_52296110981859755_radius_1_d0_f/20200701TMX7316010203-001783pano_0001_004285_4.96903345614701_52.2961028937129.jpg,2020,7,1,Reigersbos_Noord,0,lon_4969027991316527_lat_52296110981859755_radius_1_d0_f,lon_4969027991316527_lat_52296110981859755_radius_1,0,f
ATM_square_equirectangular_boom/Reigersbos_Noord/lon_4969027991316527_lat_52296110981859755_radius_1_d0_f/20210609TMX7316010203-002163pano_0000_011198_4.96902591080736_52.2961131991201.jpg,2021,6,9,Reigersbos_Noord,1,lon_4969027991316527_lat_52296110981859755_radius_1_d0_f,lon_4969027991316527_lat_52296110981859755_radius_1,0,f
ATM_square_equirectangular_boom/Reigersbos_Midden/lon_4972152641658253_lat_5229257944597925_radius_1_d0_l/20170613TMX7316010203-000335pano_0000_005515_4.97215891105494_52.2925769263347.jpg,2017,6,13,Reigersbos_Midden,0,lon_4972152641658253_lat_5229257944597925_radius_1_d0_l,lon_4972152641658253_lat_5229257944597925_radius_1,0,l
ATM_square_equirectangular_boom/Reigersbos_Midden/lon_4972152641658253_lat_5229257944597925_radius_1_d0_l/20190621TMX7316010203-001238pano_0000_000590_4.97215001843751_52.2925820595622.jpg,2019,6,21,Reigersbos_Midden,0,lon_4972152641658253_lat_5229257944597925_radius_1_d0_l,lon_4972152641658253_lat_5229257944597925_radius_1,0,l
ATM_square_equirectangular_boom/Reigersbos_Midden/lon_4972152641658253_lat_5229257944597925_radius_1_d0_l/20200703TMX7316010203-001787pano_0000_000137_4.97215903639103_52.2925776026928.jpg,2020,7,3,Reigersbos_Midden,0,lon_4972152641658253_lat_5229257944597925_radius_1_d0_l,lon_4972152641658253_lat_5229257944597925_radius_1,0,l
ATM_square_equirectangular_boom/Reigersbos_Midden/lon_4972152641658253_lat_5229257944597925_radius_1_d0_l/20210609TMX7316010203-002163pano_0000_010708_4.97214260074953_52.2925811953273.jpg,2021,6,9,Reigersbos_Midden,1,lon_4972152641658253_lat_5229257944597925_radius_1_d0_l,lon_4972152641658253_lat_5229257944597925_radius_1,0,l
ATM_square_equirectangular_boom/Tuindorp_Nieuwendam_West/lon_4941247338284867_lat_5239207378511012_radius_1_d300_f/20191212TMX7316010203-001513pano_0002_004093_4.94125287007563_52.3920724129088.jpg,2019,12,12,Tuindorp_Nieuwendam_West,0,lon_4941247338284867_lat_5239207378511012_radius_1_d300_f,lon_4941247338284867_lat_5239207378511012_radius_1,300,f
ATM_square_equirectangular_boom/Tuindorp_Nieuwendam_West/lon_4941247338284867_lat_5239207378511012_radius_1_d300_f/20210615TMX7316010203-002180pano_0000_001894_4.94123997740506_52.3920747075533.jpg,2021,6,15,Tuindorp_Nieuwendam_West,0,lon_4941247338284867_lat_5239207378511012_radius_1_d300_f,lon_4941247338284867_lat_5239207378511012_radius_1,300,f
ATM_square_equirectangular_boom/Tuindorp_Nieuwendam_West/lon_4941247338284867_lat_5239207378511012_radius_1_d300_f/20221007TMX7316010203-002825pano_0003_000165_4.94125068161694_52.3920715882113.jpg,2022,10,7,Tuindorp_Nieuwendam_West,1,lon_4941247338284867_lat_5239207378511012_radius_1_d300_f,lon_4941247338284867_lat_5239207378511012_radius_1,300,f
ATM_square_equirectangular_boom/Holendrecht_Oost/lon_4965360929334235_lat_5230374242834583_radius_1_d400_l/20170613TMX7316010203-000335pano_0000_011443_4.96536448598952_52.3037503158378.jpg,2017,6,13,Holendrecht_Oost,0,lon_4965360929334235_lat_5230374242834583_radius_1_d400_l,lon_4965360929334235_lat_5230374242834583_radius_1,400,l
ATM_square_equirectangular_boom/Holendrecht_Oost/lon_4965360929334235_lat_5230374242834583_radius_1_d400_l/20180718TMX7316010203-000845pano_0001_000040_4.9653574952791_52.3037440373403.jpg,2018,7,18,Holendrecht_Oost,0,lon_4965360929334235_lat_5230374242834583_radius_1_d400_l,lon_4965360929334235_lat_5230374242834583_radius_1,400,l
ATM_square_equirectangular_boom/Holendrecht_Oost/lon_4965360929334235_lat_5230374242834583_radius_1_d400_l/20190619TMX7316010203-001230pano_0000_001957_4.96536599456031_52.3037385826249.jpg,2019,6,19,Holendrecht_Oost,0,lon_4965360929334235_lat_5230374242834583_radius_1_d400_l,lon_4965360929334235_lat_5230374242834583_radius_1,400,l
ATM_square_equirectangular_boom/Holendrecht_Oost/lon_4965360929334235_lat_5230374242834583_radius_1_d400_l/20200911TMX7316010203-001925pano_0000_001068_4.96535574150801_52.3037367775803.jpg,2020,9,11,Holendrecht_Oost,0,lon_4965360929334235_lat_5230374242834583_radius_1_d400_l,lon_4965360929334235_lat_5230374242834583_radius_1,400,l
ATM_square_equirectangular_boom/Holendrecht_Oost/lon_4967421426674573_lat_5230131342603938_radius_1_d-200_f/20160715TMX7315120208-000136pano_0001_002954_4.96742415637741_52.3013165662217.jpg,2016,7,15,Holendrecht_Oost,0,lon_4967421426674573_lat_5230131342603938_radius_1_d-200_f,lon_4967421426674573_lat_5230131342603938_radius_1,-200,f
ATM_square_equirectangular_boom/Holendrecht_Oost/lon_4967421426674573_lat_5230131342603938_radius_1_d-200_f/20170613TMX7316010203-000335pano_0000_010540_4.96741605877427_52.3013193778358.jpg,2017,6,13,Holendrecht_Oost,0,lon_4967421426674573_lat_5230131342603938_radius_1_d-200_f,lon_4967421426674573_lat_5230131342603938_radius_1,-200,f
ATM_square_equirectangular_boom/Holendrecht_Oost/lon_4967421426674573_lat_5230131342603938_radius_1_d-200_f/20190619TMX7316010203-001230pano_0000_002579_4.96742264294389_52.301311958376.jpg,2019,6,19,Holendrecht_Oost,1,lon_4967421426674573_lat_5230131342603938_radius_1_d-200_f,lon_4967421426674573_lat_5230131342603938_radius_1,-200,f
ATM_square_equirectangular_boom/Holendrecht_Oost/lon_4967421426674573_lat_5230131342603938_radius_1_d-200_f/20200703TMX7316010203-001786pano_0000_008731_4.96742284860272_52.301305801724.jpg,2020,7,3,Holendrecht_Oost,0,lon_4967421426674573_lat_5230131342603938_radius_1_d-200_f,lon_4967421426674573_lat_5230131342603938_radius_1,-200,f
ATM_square_equirectangular_boom/Holendrecht_Oost/lon_4967421426674573_lat_5230131342603938_radius_1_d-200_l/20160715TMX7315120208-000136pano_0001_002954_4.96742415637741_52.3013165662217.jpg,2016,7,15,Holendrecht_Oost,0,lon_4967421426674573_lat_5230131342603938_radius_1_d-200_l,lon_4967421426674573_lat_5230131342603938_radius_1,-200,l
ATM_square_equirectangular_boom/Holendrecht_Oost/lon_4967421426674573_lat_5230131342603938_radius_1_d-200_l/20170613TMX7316010203-000335pano_0000_010540_4.96741605877427_52.3013193778358.jpg,2017,6,13,Holendrecht_Oost,0,lon_4967421426674573_lat_5230131342603938_radius_1_d-200_l,lon_4967421426674573_lat_5230131342603938_radius_1,-200,l
ATM_square_equirectangular_boom/Holendrecht_Oost/lon_4967421426674573_lat_5230131342603938_radius_1_d-200_l/20190619TMX7316010203-001230pano_0000_002579_4.96742264294389_52.301311958376.jpg,2019,6,19,Holendrecht_Oost,0,lon_4967421426674573_lat_5230131342603938_radius_1_d-200_l,lon_4967421426674573_lat_5230131342603938_radius_1,-200,l
ATM_square_equirectangular_boom/Holendrecht_Oost/lon_4967421426674573_lat_5230131342603938_radius_1_d-200_l/20200703TMX7316010203-001786pano_0000_008731_4.96742284860272_52.301305801724.jpg,2020,7,3,Holendrecht_Oost,1,lon_4967421426674573_lat_5230131342603938_radius_1_d-200_l,lon_4967421426674573_lat_5230131342603938_radius_1,-200,l
ATM_square_equirectangular_boom/Kromme_Mijdrechtbuurt/lon_4912906035763277_lat_523437288651406_radius_1_d0_r/20180601TMX7316010203-000765pano_0000_000261_4.91291279170312_52.3437310249393.jpg,2018,6,1,Kromme_Mijdrechtbuurt,0,lon_4912906035763277_lat_523437288651406_radius_1_d0_r,lon_4912906035763277_lat_523437288651406_radius_1,0,r
ATM_square_equirectangular_boom/Kromme_Mijdrechtbuurt/lon_4912906035763277_lat_523437288651406_radius_1_d0_r/20190508TMX7316010203-001168pano_0000_000086_4.9128994713195_52.3437285513216.jpg,2019,5,8,Kromme_Mijdrechtbuurt,0,lon_4912906035763277_lat_523437288651406_radius_1_d0_r,lon_4912906035763277_lat_523437288651406_radius_1,0,r
ATM_square_equirectangular_boom/Kromme_Mijdrechtbuurt/lon_4912906035763277_lat_523437288651406_radius_1_d0_r/20210709TMX7316010203-002225pano_0001_001292_4.91290584426721_52.3437270191609.jpg,2021,7,9,Kromme_Mijdrechtbuurt,1,lon_4912906035763277_lat_523437288651406_radius_1_d0_r,lon_4912906035763277_lat_523437288651406_radius_1,0,r
ATM_square_equirectangular_boom/Waterloopleinbuurt/lon_4901527291628612_lat_5236666465926432_radius_1_d100_r/20170323TMX7316010203-000221pano_0000_001651_4.90152546176396_52.3666632717883.jpg,2017,3,23,Waterloopleinbuurt,0,lon_4901527291628612_lat_5236666465926432_radius_1_d100_r,lon_4901527291628612_lat_5236666465926432_radius_1,100,r
ATM_square_equirectangular_boom/Waterloopleinbuurt/lon_4901527291628612_lat_5236666465926432_radius_1_d100_r/20181121TMX7316010203-000998pano_0004_001091_4.90153433938714_52.366669562779.jpg,2018,11,21,Waterloopleinbuurt,0,lon_4901527291628612_lat_5236666465926432_radius_1_d100_r,lon_4901527291628612_lat_5236666465926432_radius_1,100,r
ATM_square_equirectangular_boom/Waterloopleinbuurt/lon_4901527291628612_lat_5236666465926432_radius_1_d100_r/20190114TMX7316010203-001053pano_0000_000516_4.90152197363452_52.3666625660354.jpg,2019,1,14,Waterloopleinbuurt,0,lon_4901527291628612_lat_5236666465926432_radius_1_d100_r,lon_4901527291628612_lat_5236666465926432_radius_1,100,r
ATM_square_equirectangular_boom/Waterloopleinbuurt/lon_4901527291628612_lat_5236666465926432_radius_1_d100_r/20200421TMX7316010203-001658pano_0000_001552_4.90152960919743_52.3666645479937.jpg,2020,4,21,Waterloopleinbuurt,0,lon_4901527291628612_lat_5236666465926432_radius_1_d100_r,lon_4901527291628612_lat_5236666465926432_radius_1,100,r
ATM_square_equirectangular_boom/Waterloopleinbuurt/lon_4901527291628612_lat_5236666465926432_radius_1_d100_r/20210318TMX7316010203-002046pano_0000_000023_4.90152507416001_52.3666633477252.jpg,2021,3,18,Waterloopleinbuurt,0,lon_4901527291628612_lat_5236666465926432_radius_1_d100_r,lon_4901527291628612_lat_5236666465926432_radius_1,100,r
ATM_square_equirectangular_boom/Waterloopleinbuurt/lon_4901527291628612_lat_5236666465926432_radius_1_d100_r/20220905TMX7316010203-002791pano_0000_000031_4.90153862584552_52.3666694029911.jpg,2022,9,5,Waterloopleinbuurt,0,lon_4901527291628612_lat_5236666465926432_radius_1_d100_r,lon_4901527291628612_lat_5236666465926432_radius_1,100,r
ATM_square_equirectangular_boom/Waterloopleinbuurt/lon_4901527291628612_lat_5236666465926432_radius_1_d100_r/20221231TMX7316010203-002925pano_0000_000001_4.90153806476903_52.3666659689.jpg,2022,12,31,Waterloopleinbuurt,0,lon_4901527291628612_lat_5236666465926432_radius_1_d100_r,lon_4901527291628612_lat_5236666465926432_radius_1,100,r
ATM_square_equirectangular_boom/Waterloopleinbuurt/lon_4901527291628612_lat_5236666465926432_radius_1_d100_f/20170323TMX7316010203-000221pano_0000_001651_4.90152546176396_52.3666632717883.jpg,2017,3,23,Waterloopleinbuurt,0,lon_4901527291628612_lat_5236666465926432_radius_1_d100_f,lon_4901527291628612_lat_5236666465926432_radius_1,100,f
ATM_square_equirectangular_boom/Waterloopleinbuurt/lon_4901527291628612_lat_5236666465926432_radius_1_d100_f/20181121TMX7316010203-000998pano_0004_001091_4.90153433938714_52.366669562779.jpg,2018,11,21,Waterloopleinbuurt,0,lon_4901527291628612_lat_5236666465926432_radius_1_d100_f,lon_4901527291628612_lat_5236666465926432_radius_1,100,f
ATM_square_equirectangular_boom/Waterloopleinbuurt/lon_4901527291628612_lat_5236666465926432_radius_1_d100_f/20190114TMX7316010203-001053pano_0000_000516_4.90152197363452_52.3666625660354.jpg,2019,1,14,Waterloopleinbuurt,0,lon_4901527291628612_lat_5236666465926432_radius_1_d100_f,lon_4901527291628612_lat_5236666465926432_radius_1,100,f
ATM_square_equirectangular_boom/Waterloopleinbuurt/lon_4901527291628612_lat_5236666465926432_radius_1_d100_f/20200421TMX7316010203-001658pano_0000_001552_4.90152960919743_52.3666645479937.jpg,2020,4,21,Waterloopleinbuurt,0,lon_4901527291628612_lat_5236666465926432_radius_1_d100_f,lon_4901527291628612_lat_5236666465926432_radius_1,100,f
ATM_square_equirectangular_boom/Waterloopleinbuurt/lon_4901527291628612_lat_5236666465926432_radius_1_d100_f/20210318TMX7316010203-002046pano_0000_000023_4.90152507416001_52.3666633477252.jpg,2021,3,18,Waterloopleinbuurt,0,lon_4901527291628612_lat_5236666465926432_radius_1_d100_f,lon_4901527291628612_lat_5236666465926432_radius_1,100,f
ATM_square_equirectangular_boom/Waterloopleinbuurt/lon_4901527291628612_lat_5236666465926432_radius_1_d100_f/20220905TMX7316010203-002791pano_0000_000031_4.90153862584552_52.3666694029911.jpg,2022,9,5,Waterloopleinbuurt,0,lon_4901527291628612_lat_5236666465926432_radius_1_d100_f,lon_4901527291628612_lat_5236666465926432_radius_1,100,f
ATM_square_equirectangular_boom/Waterloopleinbuurt/lon_4901527291628612_lat_5236666465926432_radius_1_d100_f/20221231TMX7316010203-002925pano_0000_000001_4.90153806476903_52.3666659689.jpg,2022,12,31,Waterloopleinbuurt,0,lon_4901527291628612_lat_5236666465926432_radius_1_d100_f,lon_4901527291628612_lat_5236666465926432_radius_1,100,f
ATM_square_equirectangular_boom/Waterloopleinbuurt/lon_4901527291628612_lat_5236666465926432_radius_1_d100_l/20170323TMX7316010203-000221pano_0000_001651_4.90152546176396_52.3666632717883.jpg,2017,3,23,Waterloopleinbuurt,0,lon_4901527291628612_lat_5236666465926432_radius_1_d100_l,lon_4901527291628612_lat_5236666465926432_radius_1,100,l
ATM_square_equirectangular_boom/Waterloopleinbuurt/lon_4901527291628612_lat_5236666465926432_radius_1_d100_l/20181121TMX7316010203-000998pano_0004_001091_4.90153433938714_52.366669562779.jpg,2018,11,21,Waterloopleinbuurt,0,lon_4901527291628612_lat_5236666465926432_radius_1_d100_l,lon_4901527291628612_lat_5236666465926432_radius_1,100,l
ATM_square_equirectangular_boom/Waterloopleinbuurt/lon_4901527291628612_lat_5236666465926432_radius_1_d100_l/20190114TMX7316010203-001053pano_0000_000516_4.90152197363452_52.3666625660354.jpg,2019,1,14,Waterloopleinbuurt,0,lon_4901527291628612_lat_5236666465926432_radius_1_d100_l,lon_4901527291628612_lat_5236666465926432_radius_1,100,l
ATM_square_equirectangular_boom/Waterloopleinbuurt/lon_4901527291628612_lat_5236666465926432_radius_1_d100_l/20200421TMX7316010203-001658pano_0000_001552_4.90152960919743_52.3666645479937.jpg,2020,4,21,Waterloopleinbuurt,0,lon_4901527291628612_lat_5236666465926432_radius_1_d100_l,lon_4901527291628612_lat_5236666465926432_radius_1,100,l
ATM_square_equirectangular_boom/Waterloopleinbuurt/lon_4901527291628612_lat_5236666465926432_radius_1_d100_l/20210318TMX7316010203-002046pano_0000_000023_4.90152507416001_52.3666633477252.jpg,2021,3,18,Waterloopleinbuurt,0,lon_4901527291628612_lat_5236666465926432_radius_1_d100_l,lon_4901527291628612_lat_5236666465926432_radius_1,100,l
ATM_square_equirectangular_boom/Waterloopleinbuurt/lon_4901527291628612_lat_5236666465926432_radius_1_d100_l/20220905TMX7316010203-002791pano_0000_000031_4.90153862584552_52.3666694029911.jpg,2022,9,5,Waterloopleinbuurt,0,lon_4901527291628612_lat_5236666465926432_radius_1_d100_l,lon_4901527291628612_lat_5236666465926432_radius_1,100,l
ATM_square_equirectangular_boom/Waterloopleinbuurt/lon_4901527291628612_lat_5236666465926432_radius_1_d100_l/20221231TMX7316010203-002925pano_0000_000001_4.90153806476903_52.3666659689.jpg,2022,12,31,Waterloopleinbuurt,0,lon_4901527291628612_lat_5236666465926432_radius_1_d100_l,lon_4901527291628612_lat_5236666465926432_radius_1,100,l
ATM_square_equirectangular_boom/KNSM-eiland/lon_4946348248892036_lat_52377193534896925_radius_1_d0_f/20160517TMX7315120208-000052pano_0000_004586_4.94634407425467_52.3771957786636.jpg,2016,5,17,KNSM-eiland,0,lon_4946348248892036_lat_52377193534896925_radius_1_d0_f,lon_4946348248892036_lat_52377193534896925_radius_1,0,f
ATM_square_equirectangular_boom/KNSM-eiland/lon_4946348248892036_lat_52377193534896925_radius_1_d0_f/20200422TMX7316010203-001667pano_0000_002769_4.94634653584304_52.3771891254193.jpg,2020,4,22,KNSM-eiland,0,lon_4946348248892036_lat_52377193534896925_radius_1_d0_f,lon_4946348248892036_lat_52377193534896925_radius_1,0,f
ATM_square_equirectangular_boom/KNSM-eiland/lon_4946348248892036_lat_52377193534896925_radius_1_d0_f/20210510TMX7316010203-002134pano_0000_001563_4.9463541365784_52.3771957006079.jpg,2021,5,10,KNSM-eiland,0,lon_4946348248892036_lat_52377193534896925_radius_1_d0_f,lon_4946348248892036_lat_52377193534896925_radius_1,0,f
ATM_square_equirectangular_boom/KNSM-eiland/lon_4946348248892036_lat_52377193534896925_radius_1_d0_f/20220421TMX7316010203-002533pano_0003_000506_4.94633519466999_52.3771966703979.jpg,2022,4,21,KNSM-eiland,0,lon_4946348248892036_lat_52377193534896925_radius_1_d0_f,lon_4946348248892036_lat_52377193534896925_radius_1,0,f
ATM_square_equirectangular_boom/KNSM-eiland/lon_4946348248892036_lat_52377193534896925_radius_1_d0_f/20220421TMX7316010203-002533pano_0003_000625_4.94634933935328_52.3771921550879.jpg,2022,4,21,KNSM-eiland,0,lon_4946348248892036_lat_52377193534896925_radius_1_d0_f,lon_4946348248892036_lat_52377193534896925_radius_1,0,f
ATM_square_equirectangular_boom/Ecowijk/lon_4869648719044508_lat_52384981030718066_radius_1_d0_r/20180620TMX7316010203-000798pano_0000_004440_4.86964639165844_52.3849790780542.jpg,2018,6,20,Ecowijk,0,lon_4869648719044508_lat_52384981030718066_radius_1_d0_r,lon_4869648719044508_lat_52384981030718066_radius_1,0,r
ATM_square_equirectangular_boom/Ecowijk/lon_4869648719044508_lat_52384981030718066_radius_1_d0_r/20190107TMX7316010203-001040pano_0001_000813_4.86964470452526_52.384980502982.jpg,2019,1,7,Ecowijk,0,lon_4869648719044508_lat_52384981030718066_radius_1_d0_r,lon_4869648719044508_lat_52384981030718066_radius_1,0,r
ATM_square_equirectangular_boom/Ecowijk/lon_4869648719044508_lat_52384981030718066_radius_1_d0_r/20190417TMX7316010203-001132pano_0001_000781_4.8696580591489_52.384979668501.jpg,2019,4,17,Ecowijk,0,lon_4869648719044508_lat_52384981030718066_radius_1_d0_r,lon_4869648719044508_lat_52384981030718066_radius_1,0,r
ATM_square_equirectangular_boom/Ecowijk/lon_4869648719044508_lat_52384981030718066_radius_1_d0_r/20191108TMX7316060226-000473pano_0007_000074_4.86964864062775_52.3849838777598.jpg,2019,11,8,Ecowijk,0,lon_4869648719044508_lat_52384981030718066_radius_1_d0_r,lon_4869648719044508_lat_52384981030718066_radius_1,0,r
ATM_square_equirectangular_boom/Ecowijk/lon_4869648719044508_lat_52384981030718066_radius_1_d0_r/20200127TMX7316010203-001594pano_0001_000194_4.86965192993789_52.3849749466959.jpg,2020,1,27,Ecowijk,0,lon_4869648719044508_lat_52384981030718066_radius_1_d0_r,lon_4869648719044508_lat_52384981030718066_radius_1,0,r
ATM_square_equirectangular_boom/Ecowijk/lon_4869648719044508_lat_52384981030718066_radius_1_d0_r/20200814TMX7316010203-001876pano_0000_001969_4.86965166687217_52.3849809377386.jpg,2020,8,14,Ecowijk,0,lon_4869648719044508_lat_52384981030718066_radius_1_d0_r,lon_4869648719044508_lat_52384981030718066_radius_1,0,r
ATM_square_equirectangular_boom/Ecowijk/lon_4869648719044508_lat_52384981030718066_radius_1_d0_r/20210322TMX7316010203-002054pano_0000_004248_4.8696488989936_52.3849871777003.jpg,2021,3,22,Ecowijk,0,lon_4869648719044508_lat_52384981030718066_radius_1_d0_r,lon_4869648719044508_lat_52384981030718066_radius_1,0,r
ATM_square_equirectangular_boom/Ecowijk/lon_4869648719044508_lat_52384981030718066_radius_1_d0_r/20220502TMX7316010203-002554pano_0000_008023_4.86964626393274_52.3849844242708.jpg,2022,5,2,Ecowijk,0,lon_4869648719044508_lat_52384981030718066_radius_1_d0_r,lon_4869648719044508_lat_52384981030718066_radius_1,0,r
ATM_square_equirectangular_boom/Ecowijk/lon_4869350362970483_lat_52382315371451355_radius_1_d0_f/20180620TMX7316010203-000799pano_0000_002888_4.86933856317696_52.3823176192359.jpg,2018,6,20,Ecowijk,0,lon_4869350362970483_lat_52382315371451355_radius_1_d0_f,lon_4869350362970483_lat_52382315371451355_radius_1,0,f
ATM_square_equirectangular_boom/Ecowijk/lon_4869350362970483_lat_52382315371451355_radius_1_d0_f/20190417TMX7316010203-001132pano_0001_002074_4.86935127688178_52.3823226211967.jpg,2019,4,17,Ecowijk,0,lon_4869350362970483_lat_52382315371451355_radius_1_d0_f,lon_4869350362970483_lat_52382315371451355_radius_1,0,f
ATM_square_equirectangular_boom/Ecowijk/lon_4869350362970483_lat_52382315371451355_radius_1_d0_f/20200127TMX7316010203-001594pano_0001_000324_4.86935517135174_52.3823084920449.jpg,2020,1,27,Ecowijk,0,lon_4869350362970483_lat_52382315371451355_radius_1_d0_f,lon_4869350362970483_lat_52382315371451355_radius_1,0,f
ATM_square_equirectangular_boom/Ecowijk/lon_4869350362970483_lat_52382315371451355_radius_1_d0_f/20200818TMX7316010203-001879pano_0003_000782_4.86934105550987_52.382319656113.jpg,2020,8,18,Ecowijk,0,lon_4869350362970483_lat_52382315371451355_radius_1_d0_f,lon_4869350362970483_lat_52382315371451355_radius_1,0,f
ATM_square_equirectangular_boom/Ecowijk/lon_4869350362970483_lat_52382315371451355_radius_1_d0_f/20210322TMX7316010203-002054pano_0000_003858_4.86935305209728_52.3823114692579.jpg,2021,3,22,Ecowijk,0,lon_4869350362970483_lat_52382315371451355_radius_1_d0_f,lon_4869350362970483_lat_52382315371451355_radius_1,0,f
ATM_square_equirectangular_boom/Slotermeer_Zuid/lon_4824857049385599_lat_5237488780285385_radius_1_d0_f/20180108TMX7316010203-000535pano_0000_006787_4.82485286138098_52.3748881547969.jpg,2018,1,8,Slotermeer_Zuid,0,lon_4824857049385599_lat_5237488780285385_radius_1_d0_f,lon_4824857049385599_lat_5237488780285385_radius_1,0,f
ATM_square_equirectangular_boom/Slotermeer_Zuid/lon_4824857049385599_lat_5237488780285385_radius_1_d0_f/20190724TMX7316010203-001325pano_0000_000708_4.82485803908661_52.3748902036583.jpg,2019,7,24,Slotermeer_Zuid,0,lon_4824857049385599_lat_5237488780285385_radius_1_d0_f,lon_4824857049385599_lat_5237488780285385_radius_1,0,f
ATM_square_equirectangular_boom/Slotermeer_Zuid/lon_4824857049385599_lat_5237488780285385_radius_1_d0_f/20200818TMX7316010203-001880pano_0002_001283_4.82485271339779_52.3748867820814.jpg,2020,8,18,Slotermeer_Zuid,0,lon_4824857049385599_lat_5237488780285385_radius_1_d0_f,lon_4824857049385599_lat_5237488780285385_radius_1,0,f
ATM_square_equirectangular_boom/Slotermeer_Zuid/lon_4824857049385599_lat_5237488780285385_radius_1_d0_f/20210331TMX7316010203-002073pano_0000_005031_4.82486458367702_52.3748860708788.jpg,2021,3,31,Slotermeer_Zuid,0,lon_4824857049385599_lat_5237488780285385_radius_1_d0_f,lon_4824857049385599_lat_5237488780285385_radius_1,0,f
ATM_square_equirectangular_boom/Bijlmermuseum_Noord/lon_4974751449963151_lat_52321669013960104_radius_1_d450_l/20160707TMX7315120208-000104pano_0000_003818_4.97475201768376_52.3216648778435.jpg,2016,7,7,Bijlmermuseum_Noord,0,lon_4974751449963151_lat_52321669013960104_radius_1_d450_l,lon_4974751449963151_lat_52321669013960104_radius_1,450,l
ATM_square_equirectangular_boom/Bijlmermuseum_Noord/lon_4974751449963151_lat_52321669013960104_radius_1_d450_l/20170615TMX7316010203-000337pano_0000_004614_4.97474685604047_52.3216744396958.jpg,2017,6,15,Bijlmermuseum_Noord,1,lon_4974751449963151_lat_52321669013960104_radius_1_d450_l,lon_4974751449963151_lat_52321669013960104_radius_1,450,l
ATM_square_equirectangular_boom/Bijlmermuseum_Noord/lon_4974751449963151_lat_52321669013960104_radius_1_d450_l/20190626TMX7316010203-001252pano_0001_002394_4.97475547616522_52.321667724341.jpg,2019,6,26,Bijlmermuseum_Noord,0,lon_4974751449963151_lat_52321669013960104_radius_1_d450_l,lon_4974751449963151_lat_52321669013960104_radius_1,450,l
ATM_square_equirectangular_boom/Linnaeusparkbuurt/lon_4935247925150203_lat_523522386541916_radius_1_d0_f/20180525TMX7316010203-000752pano_0000_003293_4.93524241517112_52.3522369546489.jpg,2018,5,25,Linnaeusparkbuurt,0,lon_4935247925150203_lat_523522386541916_radius_1_d0_f,lon_4935247925150203_lat_523522386541916_radius_1,0,f
ATM_square_equirectangular_boom/Linnaeusparkbuurt/lon_4935247925150203_lat_523522386541916_radius_1_d0_f/20190523TMX7316010203-001205pano_0000_000014_4.93524918062102_52.3522405662443.jpg,2019,5,23,Linnaeusparkbuurt,0,lon_4935247925150203_lat_523522386541916_radius_1_d0_f,lon_4935247925150203_lat_523522386541916_radius_1,0,f
ATM_square_equirectangular_boom/Linnaeusparkbuurt/lon_4935247925150203_lat_523522386541916_radius_1_d0_f/20210531TMX7316010203-002143pano_0000_003910_4.93525217965847_52.3522384416816.jpg,2021,5,31,Linnaeusparkbuurt,0,lon_4935247925150203_lat_523522386541916_radius_1_d0_f,lon_4935247925150203_lat_523522386541916_radius_1,0,f
ATM_square_equirectangular_boom/Molenwijk/lon_488502152786305_lat_5241620412574767_radius_1_d0_f/20160622TMX7315120208-000090pano_0001_000022_4.88502037082919_52.4162047319868.jpg,2016,6,22,Molenwijk,0,lon_488502152786305_lat_5241620412574767_radius_1_d0_f,lon_488502152786305_lat_5241620412574767_radius_1,0,f
ATM_square_equirectangular_boom/Molenwijk/lon_488502152786305_lat_5241620412574767_radius_1_d0_f/20170529TMX7316010203-000315pano_0000_004163_4.88502711931876_52.4161969729208.jpg,2017,5,29,Molenwijk,0,lon_488502152786305_lat_5241620412574767_radius_1_d0_f,lon_488502152786305_lat_5241620412574767_radius_1,0,f
ATM_square_equirectangular_boom/Molenwijk/lon_488502152786305_lat_5241620412574767_radius_1_d0_f/20210624TMX7316010203-002189pano_0001_000074_4.8850170934412_52.4162106723354.jpg,2021,6,24,Molenwijk,0,lon_488502152786305_lat_5241620412574767_radius_1_d0_f,lon_488502152786305_lat_5241620412574767_radius_1,0,f
ATM_square_equirectangular_boom/De_Klenckebuurt/lon_4883954897340493_lat_5233470282330518_radius_1_d0_l/20160621TMX7315080123-000308pano_0000_001038_4.88396804403047_52.3347033162082.jpg,2016,6,21,De_Klenckebuurt,0,lon_4883954897340493_lat_5233470282330518_radius_1_d0_l,lon_4883954897340493_lat_5233470282330518_radius_1,0,l
ATM_square_equirectangular_boom/De_Klenckebuurt/lon_4883954897340493_lat_5233470282330518_radius_1_d0_l/20190506TMX7316010203-001163pano_0000_004777_4.88396444254757_52.3347034052369.jpg,2019,5,6,De_Klenckebuurt,1,lon_4883954897340493_lat_5233470282330518_radius_1_d0_l,lon_4883954897340493_lat_5233470282330518_radius_1,0,l
ATM_square_equirectangular_boom/De_Klenckebuurt/lon_4883954897340493_lat_5233470282330518_radius_1_d0_l/20200706TMX7316010203-001789pano_0002_005025_4.8839501959167_52.3347023454807.jpg,2020,7,6,De_Klenckebuurt,0,lon_4883954897340493_lat_5233470282330518_radius_1_d0_l,lon_4883954897340493_lat_5233470282330518_radius_1,0,l
ATM_square_equirectangular_boom/Emanuel_van_Meterenbuurt/lon_48211717924495545_lat_52361439754855_radius_1_d0_f/20160810TMX7316010203-000056pano_0001_000263_4.82117122995054_52.3614435423586.jpg,2016,8,10,Emanuel_van_Meterenbuurt,0,lon_48211717924495545_lat_52361439754855_radius_1_d0_f,lon_48211717924495545_lat_52361439754855_radius_1,0,f
ATM_square_equirectangular_boom/Emanuel_van_Meterenbuurt/lon_48211717924495545_lat_52361439754855_radius_1_d0_f/20170508TMX7316010203-000288pano_0002_000178_4.82116088831003_52.3614420314718.jpg,2017,5,8,Emanuel_van_Meterenbuurt,0,lon_48211717924495545_lat_52361439754855_radius_1_d0_f,lon_48211717924495545_lat_52361439754855_radius_1,0,f
ATM_square_equirectangular_boom/Emanuel_van_Meterenbuurt/lon_48211717924495545_lat_52361439754855_radius_1_d0_f/20180703TMX7316010203-000822pano_0000_001987_4.82117969107737_52.361438495328.jpg,2018,7,3,Emanuel_van_Meterenbuurt,0,lon_48211717924495545_lat_52361439754855_radius_1_d0_f,lon_48211717924495545_lat_52361439754855_radius_1,0,f
ATM_square_equirectangular_boom/Emanuel_van_Meterenbuurt/lon_48211717924495545_lat_52361439754855_radius_1_d0_f/20200506TMX7316010203-001690pano_0000_000304_4.82117536046028_52.3614349502616.jpg,2020,5,6,Emanuel_van_Meterenbuurt,0,lon_48211717924495545_lat_52361439754855_radius_1_d0_f,lon_48211717924495545_lat_52361439754855_radius_1,0,f
ATM_square_equirectangular_boom/Emanuel_van_Meterenbuurt/lon_48211717924495545_lat_52361439754855_radius_1_d0_f/20220413TMX7316010203-002512pano_0000_000847_4.8211682505726_52.3614384627991.jpg,2022,4,13,Emanuel_van_Meterenbuurt,0,lon_48211717924495545_lat_52361439754855_radius_1_d0_f,lon_48211717924495545_lat_52361439754855_radius_1,0,f
ATM_square_equirectangular_boom/Buurt_9/lon_4806814606395957_lat_523825528836147_radius_1_d200_l/20160613TMX7315080123-000284pano_0000_000867_4.80681667795389_52.3825517981882.jpg,2016,6,13,Buurt_9,0,lon_4806814606395957_lat_523825528836147_radius_1_d200_l,lon_4806814606395957_lat_523825528836147_radius_1,200,l
ATM_square_equirectangular_boom/Buurt_9/lon_4806814606395957_lat_523825528836147_radius_1_d200_l/20170522TMX7316010203-000305pano_0000_000723_4.80681048688936_52.3825550852349.jpg,2017,5,22,Buurt_9,1,lon_4806814606395957_lat_523825528836147_radius_1_d200_l,lon_4806814606395957_lat_523825528836147_radius_1,200,l
ATM_square_equirectangular_boom/Buurt_9/lon_4806814606395957_lat_523825528836147_radius_1_d200_l/20200820TMX7316010203-001884pano_0000_001781_4.80681665434462_52.382551767421.jpg,2020,8,20,Buurt_9,0,lon_4806814606395957_lat_523825528836147_radius_1_d200_l,lon_4806814606395957_lat_523825528836147_radius_1,200,l
ATM_square_equirectangular_boom/Poolbuurt_West/lon_4845501729727085_lat_52374947940973726_radius_1_d400_r/20160622TMX7315080123-000311pano_0000_001282_4.84549439963594_52.3749467839818.jpg,2016,6,22,Poolbuurt_West,0,lon_4845501729727085_lat_52374947940973726_radius_1_d400_r,lon_4845501729727085_lat_52374947940973726_radius_1,400,r
ATM_square_equirectangular_boom/Poolbuurt_West/lon_4845501729727085_lat_52374947940973726_radius_1_d400_r/20190109TMX7316010203-001041pano_0001_000574_4.84549451328871_52.3749490185623.jpg,2019,1,9,Poolbuurt_West,1,lon_4845501729727085_lat_52374947940973726_radius_1_d400_r,lon_4845501729727085_lat_52374947940973726_radius_1,400,r
ATM_square_equirectangular_boom/Poolbuurt_West/lon_4845501729727085_lat_52374947940973726_radius_1_d400_r/20200508TMX7316010203-001700pano_0003_000622_4.84550476717599_52.3749463053187.jpg,2020,5,8,Poolbuurt_West,1,lon_4845501729727085_lat_52374947940973726_radius_1_d400_r,lon_4845501729727085_lat_52374947940973726_radius_1,400,r
ATM_square_equirectangular_boom/Poolbuurt_West/lon_4845501729727085_lat_52374947940973726_radius_1_d400_r/20210326TMX7316010203-002064pano_0000_000251_4.8455132388077_52.3749496560321.jpg,2021,3,26,Poolbuurt_West,0,lon_4845501729727085_lat_52374947940973726_radius_1_d400_r,lon_4845501729727085_lat_52374947940973726_radius_1,400,r
ATM_square_equirectangular_boom/Poolbuurt_West/lon_4845501729727085_lat_52374947940973726_radius_1_d400_r/20220503TMX7316010203-002556pano_0000_001000_4.84549851264473_52.3749483140306.jpg,2022,5,3,Poolbuurt_West,0,lon_4845501729727085_lat_52374947940973726_radius_1_d400_r,lon_4845501729727085_lat_52374947940973726_radius_1,400,r
ATM_square_equirectangular_boom/Buurt_3/lon_482362159109506_lat_523839475977251_radius_1_d400_b/20160818TMX7316010203-000079pano_0002_000063_4.82362293480771_52.383951841881.jpg,2016,8,18,Buurt_3,0,lon_482362159109506_lat_523839475977251_radius_1_d400_b,lon_482362159109506_lat_523839475977251_radius_1,400,b
ATM_square_equirectangular_boom/Buurt_3/lon_482362159109506_lat_523839475977251_radius_1_d400_b/20180709TMX7316010203-000830pano_0000_002420_4.82361947149936_52.3839431964661.jpg,2018,7,9,Buurt_3,0,lon_482362159109506_lat_523839475977251_radius_1_d400_b,lon_482362159109506_lat_523839475977251_radius_1,400,b
ATM_square_equirectangular_boom/Buurt_3/lon_482362159109506_lat_523839475977251_radius_1_d400_b/20210329TMX7316010203-002067pano_0000_002125_4.82362236697811_52.3839477548282.jpg,2021,3,29,Buurt_3,1,lon_482362159109506_lat_523839475977251_radius_1_d400_b,lon_482362159109506_lat_523839475977251_radius_1,400,b
ATM_square_equirectangular_boom/Buurt_3/lon_482362159109506_lat_523839475977251_radius_1_d400_b/20220412TMX7316010203-002509pano_0004_000714_4.82361299939222_52.3839498332513.jpg,2022,4,12,Buurt_3,0,lon_482362159109506_lat_523839475977251_radius_1_d400_b,lon_482362159109506_lat_523839475977251_radius_1,400,b
ATM_square_equirectangular_boom/Buurt_3/lon_482362159109506_lat_523839475977251_radius_1_d400_l/20160818TMX7316010203-000079pano_0002_000063_4.82362293480771_52.383951841881.jpg,2016,8,18,Buurt_3,0,lon_482362159109506_lat_523839475977251_radius_1_d400_l,lon_482362159109506_lat_523839475977251_radius_1,400,l
ATM_square_equirectangular_boom/Buurt_3/lon_482362159109506_lat_523839475977251_radius_1_d400_l/20180709TMX7316010203-000830pano_0000_002420_4.82361947149936_52.3839431964661.jpg,2018,7,9,Buurt_3,1,lon_482362159109506_lat_523839475977251_radius_1_d400_l,lon_482362159109506_lat_523839475977251_radius_1,400,l
ATM_square_equirectangular_boom/Buurt_3/lon_482362159109506_lat_523839475977251_radius_1_d400_l/20210329TMX7316010203-002067pano_0000_002125_4.82362236697811_52.3839477548282.jpg,2021,3,29,Buurt_3,0,lon_482362159109506_lat_523839475977251_radius_1_d400_l,lon_482362159109506_lat_523839475977251_radius_1,400,l
ATM_square_equirectangular_boom/Buurt_3/lon_482362159109506_lat_523839475977251_radius_1_d400_l/20220412TMX7316010203-002509pano_0004_000714_4.82361299939222_52.3839498332513.jpg,2022,4,12,Buurt_3,0,lon_482362159109506_lat_523839475977251_radius_1_d400_l,lon_482362159109506_lat_523839475977251_radius_1,400,l
ATM_square_equirectangular_boom/Rode_Kruisbuurt/lon_4931274837888095_lat_52394522116583204_radius_1_d0_l/20171228TMX7316010203-000529pano_0002_001404_4.93126546797431_52.3945170463029.jpg,2017,12,28,Rode_Kruisbuurt,0,lon_4931274837888095_lat_52394522116583204_radius_1_d0_l,lon_4931274837888095_lat_52394522116583204_radius_1,0,l
ATM_square_equirectangular_boom/Rode_Kruisbuurt/lon_4931274837888095_lat_52394522116583204_radius_1_d0_l/20190627TMX7316010203-001254pano_0002_001993_4.93127426194956_52.3945246326038.jpg,2019,6,27,Rode_Kruisbuurt,1,lon_4931274837888095_lat_52394522116583204_radius_1_d0_l,lon_4931274837888095_lat_52394522116583204_radius_1,0,l
ATM_square_equirectangular_boom/Rode_Kruisbuurt/lon_4931274837888095_lat_52394522116583204_radius_1_d0_l/20191211TMX7316010203-001508pano_0005_000036_4.93127858424924_52.3945188638001.jpg,2019,12,11,Rode_Kruisbuurt,0,lon_4931274837888095_lat_52394522116583204_radius_1_d0_l,lon_4931274837888095_lat_52394522116583204_radius_1,0,l
ATM_square_equirectangular_boom/Rode_Kruisbuurt/lon_4931274837888095_lat_52394522116583204_radius_1_d0_l/20210615TMX7316010203-002180pano_0000_003390_4.93128103737927_52.394527923626.jpg,2021,6,15,Rode_Kruisbuurt,1,lon_4931274837888095_lat_52394522116583204_radius_1_d0_l,lon_4931274837888095_lat_52394522116583204_radius_1,0,l
ATM_square_equirectangular_boom/Rode_Kruisbuurt/lon_4931274837888095_lat_52394522116583204_radius_1_d0_l/20220512TMX7316010203-002576pano_0001_001085_4.93127566212424_52.3945171985792.jpg,2022,5,12,Rode_Kruisbuurt,0,lon_4931274837888095_lat_52394522116583204_radius_1_d0_l,lon_4931274837888095_lat_52394522116583204_radius_1,0,l
ATM_square_equirectangular_boom/Bedrijvencentrum_Osdorp/lon_478254761388777_lat_52361122270607666_radius_1_d0_l/20160802TMX7316010203-000041pano_0000_000445_4.78255879945985_52.3611259497227.jpg,2016,8,2,Bedrijvencentrum_Osdorp,0,lon_478254761388777_lat_52361122270607666_radius_1_d0_l,lon_478254761388777_lat_52361122270607666_radius_1,0,l
ATM_square_equirectangular_boom/Bedrijvencentrum_Osdorp/lon_478254761388777_lat_52361122270607666_radius_1_d0_l/20180628TMX7316010203-000813pano_0000_000999_4.78254805198785_52.3611245865094.jpg,2018,6,28,Bedrijvencentrum_Osdorp,0,lon_478254761388777_lat_52361122270607666_radius_1_d0_l,lon_478254761388777_lat_52361122270607666_radius_1,0,l
ATM_square_equirectangular_boom/Bedrijvencentrum_Osdorp/lon_478254761388777_lat_52361122270607666_radius_1_d0_l/20190711TMX7316010203-001307pano_0000_001764_4.78255222114852_52.3611236151981.jpg,2019,7,11,Bedrijvencentrum_Osdorp,0,lon_478254761388777_lat_52361122270607666_radius_1_d0_l,lon_478254761388777_lat_52361122270607666_radius_1,0,l
ATM_square_equirectangular_boom/Bedrijvencentrum_Osdorp/lon_478254761388777_lat_52361122270607666_radius_1_d0_l/20210331TMX7316010203-002073pano_0000_000317_4.78253865525138_52.3611178875591.jpg,2021,3,31,Bedrijvencentrum_Osdorp,0,lon_478254761388777_lat_52361122270607666_radius_1_d0_l,lon_478254761388777_lat_52361122270607666_radius_1,0,l
ATM_square_equirectangular_boom/Bedrijvencentrum_Osdorp/lon_478254761388777_lat_52361122270607666_radius_1_d0_l/20220329TMX7316010203-002488pano_0004_000126_4.78255335392061_52.3611296484086.jpg,2022,3,29,Bedrijvencentrum_Osdorp,0,lon_478254761388777_lat_52361122270607666_radius_1_d0_l,lon_478254761388777_lat_52361122270607666_radius_1,0,l
ATM_square_equirectangular_boom/Postjeskade_eo/lon_48503865364941765_lat_5236315474272045_radius_1_d0_r/20180612TMX7316010203-000786pano_0001_002007_4.85040061413779_52.36315691948.jpg,2018,6,12,Postjeskade_eo,0,lon_48503865364941765_lat_5236315474272045_radius_1_d0_r,lon_48503865364941765_lat_5236315474272045_radius_1,0,r
ATM_square_equirectangular_boom/Postjeskade_eo/lon_48503865364941765_lat_5236315474272045_radius_1_d0_r/20190426TMX7316010203-001141pano_0000_000232_4.85037477759411_52.3631494064368.jpg,2019,4,26,Postjeskade_eo,0,lon_48503865364941765_lat_5236315474272045_radius_1_d0_r,lon_48503865364941765_lat_5236315474272045_radius_1,0,r
ATM_square_equirectangular_boom/Postjeskade_eo/lon_48503865364941765_lat_5236315474272045_radius_1_d0_r/20210326TMX7316010203-002063pano_0000_000286_4.85038329933673_52.3631547060025.jpg,2021,3,26,Postjeskade_eo,1,lon_48503865364941765_lat_5236315474272045_radius_1_d0_r,lon_48503865364941765_lat_5236315474272045_radius_1,0,r
ATM_square_equirectangular_boom/Postjeskade_eo/lon_48503865364941765_lat_5236315474272045_radius_1_d0_r/20211231TMX7316010203-002374pano_0007_000409_4.85038744859358_52.3631546134323.jpg,2021,12,31,Postjeskade_eo,0,lon_48503865364941765_lat_5236315474272045_radius_1_d0_r,lon_48503865364941765_lat_5236315474272045_radius_1,0,r
ATM_square_equirectangular_boom/Architectenbuurt/lon_4943709694435956_lat_52367921537476924_radius_1_d0_r/20160517TMX7315120208-000050pano_0002_003006_4.94371787639863_52.3679250168744.jpg,2016,5,17,Architectenbuurt,0,lon_4943709694435956_lat_52367921537476924_radius_1_d0_r,lon_4943709694435956_lat_52367921537476924_radius_1,0,r
ATM_square_equirectangular_boom/Architectenbuurt/lon_4943709694435956_lat_52367921537476924_radius_1_d0_r/20170405TMX7316010203-000245pano_0000_001461_4.94370801861815_52.3679223356241.jpg,2017,4,5,Architectenbuurt,0,lon_4943709694435956_lat_52367921537476924_radius_1_d0_r,lon_4943709694435956_lat_52367921537476924_radius_1,0,r
ATM_square_equirectangular_boom/Architectenbuurt/lon_4943709694435956_lat_52367921537476924_radius_1_d0_r/20210510TMX7316010203-002136pano_0000_000058_4.94370318829109_52.3679172599323.jpg,2021,5,10,Architectenbuurt,1,lon_4943709694435956_lat_52367921537476924_radius_1_d0_r,lon_4943709694435956_lat_52367921537476924_radius_1,0,r
ATM_square_equirectangular_boom/Architectenbuurt/lon_4940079835247553_lat_52368737636039135_radius_1_d0_r/20170405TMX7316010203-000245pano_0000_001723_4.94007517768093_52.3687333930457.jpg,2017,4,5,Architectenbuurt,0,lon_4940079835247553_lat_52368737636039135_radius_1_d0_r,lon_4940079835247553_lat_52368737636039135_radius_1,0,r
ATM_square_equirectangular_boom/Architectenbuurt/lon_4940079835247553_lat_52368737636039135_radius_1_d0_r/20180516TMX7316010203-000725pano_0000_003485_4.94007761177482_52.3687428738725.jpg,2018,5,16,Architectenbuurt,1,lon_4940079835247553_lat_52368737636039135_radius_1_d0_r,lon_4940079835247553_lat_52368737636039135_radius_1,0,r
ATM_square_equirectangular_boom/Architectenbuurt/lon_4940079835247553_lat_52368737636039135_radius_1_d0_r/20191129TMX7316010203-001475pano_0003_000558_4.94008671628691_52.3687366411992.jpg,2019,11,29,Architectenbuurt,0,lon_4940079835247553_lat_52368737636039135_radius_1_d0_r,lon_4940079835247553_lat_52368737636039135_radius_1,0,r
ATM_square_equirectangular_boom/Burgemeester_Tellegenbuurt_Oost/lon_4901643908685534_lat_5234893863992594_radius_1_d0_r/20180605TMX7316010203-000776pano_0000_000800_4.90164182914319_52.3489448337655.jpg,2018,6,5,Burgemeester_Tellegenbuurt_Oost,0,lon_4901643908685534_lat_5234893863992594_radius_1_d0_r,lon_4901643908685534_lat_5234893863992594_radius_1,0,r
ATM_square_equirectangular_boom/Burgemeester_Tellegenbuurt_Oost/lon_4901643908685534_lat_5234893863992594_radius_1_d0_r/20190508TMX7316010203-001168pano_0000_005008_4.90163662450308_52.3489372212701.jpg,2019,5,8,Burgemeester_Tellegenbuurt_Oost,0,lon_4901643908685534_lat_5234893863992594_radius_1_d0_r,lon_4901643908685534_lat_5234893863992594_radius_1,0,r
ATM_square_equirectangular_boom/Burgemeester_Tellegenbuurt_Oost/lon_4901643908685534_lat_5234893863992594_radius_1_d0_r/20210423TMX7316010203-002115pano_0000_004015_4.90163605760036_52.3489420451636.jpg,2021,4,23,Burgemeester_Tellegenbuurt_Oost,0,lon_4901643908685534_lat_5234893863992594_radius_1_d0_r,lon_4901643908685534_lat_5234893863992594_radius_1,0,r
ATM_square_equirectangular_boom/Burgemeester_Tellegenbuurt_Oost/lon_4901643908685534_lat_5234893863992594_radius_1_d0_r/20210709TMX7316010203-002225pano_0001_000538_4.90165067510051_52.34893799911.jpg,2021,7,9,Burgemeester_Tellegenbuurt_Oost,0,lon_4901643908685534_lat_5234893863992594_radius_1_d0_r,lon_4901643908685534_lat_5234893863992594_radius_1,0,r
ATM_square_equirectangular_boom/Louis_Chrispijnbuurt/lon_4821673146077434_lat_5235618806373283_radius_1_d0_f/20170508TMX7316010203-000288pano_0001_001479_4.82167880496717_52.3561899920923.jpg,2017,5,8,Louis_Chrispijnbuurt,0,lon_4821673146077434_lat_5235618806373283_radius_1_d0_f,lon_4821673146077434_lat_5235618806373283_radius_1,0,f
ATM_square_equirectangular_boom/Louis_Chrispijnbuurt/lon_4821673146077434_lat_5235618806373283_radius_1_d0_f/20180703TMX7316010203-000821pano_0000_001360_4.82166180332614_52.3561885086575.jpg,2018,7,3,Louis_Chrispijnbuurt,0,lon_4821673146077434_lat_5235618806373283_radius_1_d0_f,lon_4821673146077434_lat_5235618806373283_radius_1,0,f
ATM_square_equirectangular_boom/Louis_Chrispijnbuurt/lon_4821673146077434_lat_5235618806373283_radius_1_d0_f/20190717TMX7316010203-001316pano_0000_002550_4.82168246747903_52.3561870021239.jpg,2019,7,17,Louis_Chrispijnbuurt,1,lon_4821673146077434_lat_5235618806373283_radius_1_d0_f,lon_4821673146077434_lat_5235618806373283_radius_1,0,f
ATM_square_equirectangular_boom/Louis_Chrispijnbuurt/lon_4821673146077434_lat_5235618806373283_radius_1_d0_f/20200507TMX7316010203-001695pano_0000_003687_4.8216658040045_52.356187355715.jpg,2020,5,7,Louis_Chrispijnbuurt,0,lon_4821673146077434_lat_5235618806373283_radius_1_d0_f,lon_4821673146077434_lat_5235618806373283_radius_1,0,f
ATM_square_equirectangular_boom/Louis_Chrispijnbuurt/lon_4821673146077434_lat_5235618806373283_radius_1_d0_f/20220107TMX7316010203-002397pano_0000_000034_4.82167692960507_52.3561813253671.jpg,2022,1,7,Louis_Chrispijnbuurt,0,lon_4821673146077434_lat_5235618806373283_radius_1_d0_f,lon_4821673146077434_lat_5235618806373283_radius_1,0,f
ATM_square_equirectangular_boom/Louis_Chrispijnbuurt/lon_4821673146077434_lat_5235618806373283_radius_1_d0_f/20220411TMX7316010203-002503pano_0000_002025_4.82168581771644_52.3561864867046.jpg,2022,4,11,Louis_Chrispijnbuurt,0,lon_4821673146077434_lat_5235618806373283_radius_1_d0_f,lon_4821673146077434_lat_5235618806373283_radius_1,0,f
ATM_square_equirectangular_boom/Louis_Chrispijnbuurt/lon_4821673146077434_lat_5235618806373283_radius_1_d0_r/20170508TMX7316010203-000288pano_0001_001479_4.82167880496717_52.3561899920923.jpg,2017,5,8,Louis_Chrispijnbuurt,0,lon_4821673146077434_lat_5235618806373283_radius_1_d0_r,lon_4821673146077434_lat_5235618806373283_radius_1,0,r
ATM_square_equirectangular_boom/Louis_Chrispijnbuurt/lon_4821673146077434_lat_5235618806373283_radius_1_d0_r/20180703TMX7316010203-000821pano_0000_001360_4.82166180332614_52.3561885086575.jpg,2018,7,3,Louis_Chrispijnbuurt,0,lon_4821673146077434_lat_5235618806373283_radius_1_d0_r,lon_4821673146077434_lat_5235618806373283_radius_1,0,r
ATM_square_equirectangular_boom/Louis_Chrispijnbuurt/lon_4821673146077434_lat_5235618806373283_radius_1_d0_r/20190717TMX7316010203-001316pano_0000_002550_4.82168246747903_52.3561870021239.jpg,2019,7,17,Louis_Chrispijnbuurt,1,lon_4821673146077434_lat_5235618806373283_radius_1_d0_r,lon_4821673146077434_lat_5235618806373283_radius_1,0,r
ATM_square_equirectangular_boom/Louis_Chrispijnbuurt/lon_4821673146077434_lat_5235618806373283_radius_1_d0_r/20200507TMX7316010203-001695pano_0000_003687_4.8216658040045_52.356187355715.jpg,2020,5,7,Louis_Chrispijnbuurt,0,lon_4821673146077434_lat_5235618806373283_radius_1_d0_r,lon_4821673146077434_lat_5235618806373283_radius_1,0,r
ATM_square_equirectangular_boom/Louis_Chrispijnbuurt/lon_4821673146077434_lat_5235618806373283_radius_1_d0_r/20220107TMX7316010203-002397pano_0000_000034_4.82167692960507_52.3561813253671.jpg,2022,1,7,Louis_Chrispijnbuurt,0,lon_4821673146077434_lat_5235618806373283_radius_1_d0_r,lon_4821673146077434_lat_5235618806373283_radius_1,0,r
ATM_square_equirectangular_boom/Louis_Chrispijnbuurt/lon_4821673146077434_lat_5235618806373283_radius_1_d0_r/20220411TMX7316010203-002503pano_0000_002025_4.82168581771644_52.3561864867046.jpg,2022,4,11,Louis_Chrispijnbuurt,0,lon_4821673146077434_lat_5235618806373283_radius_1_d0_r,lon_4821673146077434_lat_5235618806373283_radius_1,0,r
ATM_square_equirectangular_boom/Jeugdland/lon_492900340491942_lat_5240796119474174_radius_1_d0_l/20160718TMX7315120208-000143pano_0002_001776_4.92900553484752_52.4079685230331.jpg,2016,7,18,Jeugdland,0,lon_492900340491942_lat_5240796119474174_radius_1_d0_l,lon_492900340491942_lat_5240796119474174_radius_1,0,l
ATM_square_equirectangular_boom/Jeugdland/lon_492900340491942_lat_5240796119474174_radius_1_d0_l/20170516TMX7316010203-000298pano_0000_004658_4.92900533444242_52.4079595840663.jpg,2017,5,16,Jeugdland,0,lon_492900340491942_lat_5240796119474174_radius_1_d0_l,lon_492900340491942_lat_5240796119474174_radius_1,0,l
ATM_square_equirectangular_boom/Jeugdland/lon_492900340491942_lat_5240796119474174_radius_1_d0_l/20210622TMX7316010203-002185pano_0006_002051_4.92899934546832_52.4079554771258.jpg,2021,6,22,Jeugdland,1,lon_492900340491942_lat_5240796119474174_radius_1_d0_l,lon_492900340491942_lat_5240796119474174_radius_1,0,l
ATM_square_equirectangular_boom/Jeugdland/lon_4932706048929674_lat_52408044469447155_radius_1_d0_f/20160718TMX7315120208-000143pano_0002_002295_4.93270837185636_52.4080515212424.jpg,2016,7,18,Jeugdland,0,lon_4932706048929674_lat_52408044469447155_radius_1_d0_f,lon_4932706048929674_lat_52408044469447155_radius_1,0,f
ATM_square_equirectangular_boom/Jeugdland/lon_4932706048929674_lat_52408044469447155_radius_1_d0_f/20170516TMX7316010203-000298pano_0000_004262_4.93270822109826_52.408045697521.jpg,2017,5,16,Jeugdland,1,lon_4932706048929674_lat_52408044469447155_radius_1_d0_f,lon_4932706048929674_lat_52408044469447155_radius_1,0,f
ATM_square_equirectangular_boom/Jeugdland/lon_4932706048929674_lat_52408044469447155_radius_1_d0_f/20190628TMX7316010203-001260pano_0001_000256_4.93271072211543_52.4080476468298.jpg,2019,6,28,Jeugdland,0,lon_4932706048929674_lat_52408044469447155_radius_1_d0_f,lon_4932706048929674_lat_52408044469447155_radius_1,0,f
ATM_square_equirectangular_boom/Jeugdland/lon_4932706048929674_lat_52408044469447155_radius_1_d0_f/20200529TMX7316010203-001731pano_0000_002469_4.93270570344516_52.408042195979.jpg,2020,5,29,Jeugdland,0,lon_4932706048929674_lat_52408044469447155_radius_1_d0_f,lon_4932706048929674_lat_52408044469447155_radius_1,0,f
ATM_square_equirectangular_boom/Jeugdland/lon_4932706048929674_lat_52408044469447155_radius_1_d0_f/20220504TMX7316010203-002562pano_0004_003325_4.93269501720057_52.4080470063493.jpg,2022,5,4,Jeugdland,0,lon_4932706048929674_lat_52408044469447155_radius_1_d0_f,lon_4932706048929674_lat_52408044469447155_radius_1,0,f
ATM_square_equirectangular_boom/Gouden_Bocht/lon_4890844132604558_lat_5236528307138296_radius_1_d-200_f/20160816TMX7316060226-000022pano_0001_000100_4.89085467783274_52.3652878260739.jpg,2016,8,16,Gouden_Bocht,0,lon_4890844132604558_lat_5236528307138296_radius_1_d-200_f,lon_4890844132604558_lat_5236528307138296_radius_1,-200,f
ATM_square_equirectangular_boom/Gouden_Bocht/lon_4890844132604558_lat_5236528307138296_radius_1_d-200_f/20190114TMX7316010203-001053pano_0000_002757_4.89084480004823_52.3652832501638.jpg,2019,1,14,Gouden_Bocht,0,lon_4890844132604558_lat_5236528307138296_radius_1_d-200_f,lon_4890844132604558_lat_5236528307138296_radius_1,-200,f
ATM_square_equirectangular_boom/Gouden_Bocht/lon_4890844132604558_lat_5236528307138296_radius_1_d-200_f/20191308TMX7316010203-001543pano_0000_001972_4.89083738839106_52.3652790557027.jpg,2020,1,8,Gouden_Bocht,1,lon_4890844132604558_lat_5236528307138296_radius_1_d-200_f,lon_4890844132604558_lat_5236528307138296_radius_1,-200,f
ATM_square_equirectangular_boom/Gouden_Bocht/lon_4890844132604558_lat_5236528307138296_radius_1_d-200_f/20210909TMX7316010203-002306pano_0001_001602_4.89084222999505_52.365281035416.jpg,2021,9,9,Gouden_Bocht,0,lon_4890844132604558_lat_5236528307138296_radius_1_d-200_f,lon_4890844132604558_lat_5236528307138296_radius_1,-200,f
ATM_square_equirectangular_boom/Gouden_Bocht/lon_4890844132604558_lat_5236528307138296_radius_1_d-200_f/20221231TMX7316010203-002925pano_0002_000392_4.8908367548085_52.3652892158404.jpg,2022,12,31,Gouden_Bocht,0,lon_4890844132604558_lat_5236528307138296_radius_1_d-200_f,lon_4890844132604558_lat_5236528307138296_radius_1,-200,f
ATM_square_equirectangular_boom/Gouden_Bocht/lon_4890844132604558_lat_5236528307138296_radius_1_d-200_f/20230213TMX7316010203-002970pano_0009_000048_4.89083410729711_52.365287106799.jpg,2023,2,13,Gouden_Bocht,0,lon_4890844132604558_lat_5236528307138296_radius_1_d-200_f,lon_4890844132604558_lat_5236528307138296_radius_1,-200,f
ATM_square_equirectangular_boom/Gouden_Bocht/lon_4890844132604558_lat_5236528307138296_radius_1_d-200_f/20230220TMX7316010203-002976pano_0006_000218_4.89085228629792_52.3652862279106.jpg,2023,2,20,Gouden_Bocht,0,lon_4890844132604558_lat_5236528307138296_radius_1_d-200_f,lon_4890844132604558_lat_5236528307138296_radius_1,-200,f
ATM_square_equirectangular_boom/Gouden_Bocht/lon_4890844132604558_lat_5236528307138296_radius_1_d-200_f/20230227TMX7316010203-002984pano_0009_000168_4.89083402372658_52.3652822940296.jpg,2023,2,27,Gouden_Bocht,0,lon_4890844132604558_lat_5236528307138296_radius_1_d-200_f,lon_4890844132604558_lat_5236528307138296_radius_1,-200,f
ATM_square_equirectangular_boom/Gouden_Bocht/lon_4890844132604558_lat_5236528307138296_radius_1_d-200_f/20230306TMX7316010203-002990pano_0002_000236_4.89084421078817_52.3652797002979.jpg,2023,3,6,Gouden_Bocht,0,lon_4890844132604558_lat_5236528307138296_radius_1_d-200_f,lon_4890844132604558_lat_5236528307138296_radius_1,-200,f
ATM_square_equirectangular_boom/Concertgebouwbuurt/lon_4875830727783517_lat_523580804838112_radius_1_d-200_f/20191206TMX7316010203-001496pano_0000_000429_4.87582617864152_52.3580807772593.jpg,2019,12,6,Concertgebouwbuurt,0,lon_4875830727783517_lat_523580804838112_radius_1_d-200_f,lon_4875830727783517_lat_523580804838112_radius_1,-200,f
ATM_square_equirectangular_boom/Concertgebouwbuurt/lon_4875830727783517_lat_523580804838112_radius_1_d-200_f/20200513TMX7316010203-001707pano_0000_002183_4.87583194012832_52.3580815856128.jpg,2020,5,13,Concertgebouwbuurt,0,lon_4875830727783517_lat_523580804838112_radius_1_d-200_f,lon_4875830727783517_lat_523580804838112_radius_1,-200,f
ATM_square_equirectangular_boom/Concertgebouwbuurt/lon_4875830727783517_lat_523580804838112_radius_1_d-200_f/20220111TMX7316010203-002411pano_0017_000005_4.87583406458071_52.3580790885615.jpg,2022,1,11,Concertgebouwbuurt,1,lon_4875830727783517_lat_523580804838112_radius_1_d-200_f,lon_4875830727783517_lat_523580804838112_radius_1,-200,f
ATM_square_equirectangular_boom/Meer_en_Oever/lon_4804140709446627_lat_52362965412435344_radius_1_d0_b/20160808TMX7316010203-000050pano_0000_004181_4.80415111650105_52.3629693556441.jpg,2016,8,8,Meer_en_Oever,0,lon_4804140709446627_lat_52362965412435344_radius_1_d0_b,lon_4804140709446627_lat_52362965412435344_radius_1,0,b
ATM_square_equirectangular_boom/Meer_en_Oever/lon_4804140709446627_lat_52362965412435344_radius_1_d0_b/20210222TMX7316010203-002022pano_0000_000824_4.80413999608904_52.3629684146117.jpg,2021,2,22,Meer_en_Oever,1,lon_4804140709446627_lat_52362965412435344_radius_1_d0_b,lon_4804140709446627_lat_52362965412435344_radius_1,0,b
ATM_square_equirectangular_boom/Meer_en_Oever/lon_4804140709446627_lat_52362965412435344_radius_1_d0_b/20210414TMX7316010203-002091pano_0000_002534_4.80413185374345_52.3629655060618.jpg,2021,4,14,Meer_en_Oever,0,lon_4804140709446627_lat_52362965412435344_radius_1_d0_b,lon_4804140709446627_lat_52362965412435344_radius_1,0,b
ATM_square_equirectangular_boom/Meer_en_Oever/lon_4804140709446627_lat_52362965412435344_radius_1_d0_b/20210708TMX7316010203-002221pano_0000_001604_4.80413987145297_52.3629583734238.jpg,2021,7,8,Meer_en_Oever,0,lon_4804140709446627_lat_52362965412435344_radius_1_d0_b,lon_4804140709446627_lat_52362965412435344_radius_1,0,b
ATM_square_equirectangular_boom/Meer_en_Oever/lon_4804140709446627_lat_52362965412435344_radius_1_d0_b/20221207TMX7316010203-002837pano_0009_000156_4.80413117722985_52.3629646006565.jpg,2022,12,7,Meer_en_Oever,0,lon_4804140709446627_lat_52362965412435344_radius_1_d0_b,lon_4804140709446627_lat_52362965412435344_radius_1,0,b
ATM_square_equirectangular_boom/Calandlaan-Lelylaan/lon_4806575697113891_lat_52354956968615696_radius_1_d0_r/20160808TMX7316010203-000050pano_0000_007035_4.80657585784882_52.354963669412.jpg,2016,8,8,Calandlaan-Lelylaan,0,lon_4806575697113891_lat_52354956968615696_radius_1_d0_r,lon_4806575697113891_lat_52354956968615696_radius_1,0,r
ATM_square_equirectangular_boom/Calandlaan-Lelylaan/lon_4806575697113891_lat_52354956968615696_radius_1_d0_r/20180629TMX7316010203-000816pano_0000_002449_4.80657886392581_52.3549562810641.jpg,2018,6,29,Calandlaan-Lelylaan,1,lon_4806575697113891_lat_52354956968615696_radius_1_d0_r,lon_4806575697113891_lat_52354956968615696_radius_1,0,r
ATM_square_equirectangular_boom/Calandlaan-Lelylaan/lon_4806575697113891_lat_52354956968615696_radius_1_d0_r/20210414TMX7316010203-002090pano_0001_001312_4.80656593805579_52.3549601109428.jpg,2021,4,14,Calandlaan-Lelylaan,0,lon_4806575697113891_lat_52354956968615696_radius_1_d0_r,lon_4806575697113891_lat_52354956968615696_radius_1,0,r
ATM_square_equirectangular_boom/Jan_Maijenbuurt/lon_4852179096015093_lat_523733812037951_radius_1_d0_b/20191210TMX7316010203-001503pano_0001_000357_4.85217319993468_52.3733779195616.jpg,2019,12,10,Jan_Maijenbuurt,0,lon_4852179096015093_lat_523733812037951_radius_1_d0_b,lon_4852179096015093_lat_523733812037951_radius_1,0,b
ATM_square_equirectangular_boom/Jan_Maijenbuurt/lon_4852179096015093_lat_523733812037951_radius_1_d0_b/20200511TMX7316010203-001701pano_0000_008259_4.85218704526285_52.3733825833577.jpg,2020,5,11,Jan_Maijenbuurt,0,lon_4852179096015093_lat_523733812037951_radius_1_d0_b,lon_4852179096015093_lat_523733812037951_radius_1,0,b
ATM_square_equirectangular_boom/Jan_Maijenbuurt/lon_4852179096015093_lat_523733812037951_radius_1_d0_b/20200827TMX7316010203-001893pano_0001_000975_4.85217704284775_52.373383108466.jpg,2020,8,27,Jan_Maijenbuurt,1,lon_4852179096015093_lat_523733812037951_radius_1_d0_b,lon_4852179096015093_lat_523733812037951_radius_1,0,b
ATM_square_equirectangular_boom/Scheepvaarthuisbuurt/lon_4905063856468257_lat_52374357130471964_radius_1_d0_f/20160815TMX7316060226-000019pano_0000_003020_4.90506659495657_52.3743590209209.jpg,2016,8,15,Scheepvaarthuisbuurt,0,lon_4905063856468257_lat_52374357130471964_radius_1_d0_f,lon_4905063856468257_lat_52374357130471964_radius_1,0,f
ATM_square_equirectangular_boom/Scheepvaarthuisbuurt/lon_4905063856468257_lat_52374357130471964_radius_1_d0_f/20180514TMX7316010203-000716pano_0000_000207_4.90506818082879_52.374354362464.jpg,2018,5,14,Scheepvaarthuisbuurt,1,lon_4905063856468257_lat_52374357130471964_radius_1_d0_f,lon_4905063856468257_lat_52374357130471964_radius_1,0,f
ATM_square_equirectangular_boom/Scheepvaarthuisbuurt/lon_4905063856468257_lat_52374357130471964_radius_1_d0_f/20190514TMX7316010203-001182pano_0000_000071_4.90505679361941_52.374358008031.jpg,2019,5,14,Scheepvaarthuisbuurt,0,lon_4905063856468257_lat_52374357130471964_radius_1_d0_f,lon_4905063856468257_lat_52374357130471964_radius_1,0,f
ATM_square_equirectangular_boom/Scheepvaarthuisbuurt/lon_4905063856468257_lat_52374357130471964_radius_1_d0_l/20160815TMX7316060226-000019pano_0000_003020_4.90506659495657_52.3743590209209.jpg,2016,8,15,Scheepvaarthuisbuurt,0,lon_4905063856468257_lat_52374357130471964_radius_1_d0_l,lon_4905063856468257_lat_52374357130471964_radius_1,0,l
ATM_square_equirectangular_boom/Scheepvaarthuisbuurt/lon_4905063856468257_lat_52374357130471964_radius_1_d0_l/20180514TMX7316010203-000716pano_0000_000207_4.90506818082879_52.374354362464.jpg,2018,5,14,Scheepvaarthuisbuurt,1,lon_4905063856468257_lat_52374357130471964_radius_1_d0_l,lon_4905063856468257_lat_52374357130471964_radius_1,0,l
ATM_square_equirectangular_boom/Scheepvaarthuisbuurt/lon_4905063856468257_lat_52374357130471964_radius_1_d0_l/20190514TMX7316010203-001182pano_0000_000071_4.90505679361941_52.374358008031.jpg,2019,5,14,Scheepvaarthuisbuurt,0,lon_4905063856468257_lat_52374357130471964_radius_1_d0_l,lon_4905063856468257_lat_52374357130471964_radius_1,0,l
ATM_square_equirectangular_boom/Johan_Jongkindbuurt/lon_4836838993623358_lat_5235893773225216_radius_1_d-100_r/20170509TMX7316010203-000289pano_0000_000076_4.8368359759097_52.3589403482311.jpg,2017,5,9,Johan_Jongkindbuurt,0,lon_4836838993623358_lat_5235893773225216_radius_1_d-100_r,lon_4836838993623358_lat_5235893773225216_radius_1,-100,r
ATM_square_equirectangular_boom/Johan_Jongkindbuurt/lon_4836838993623358_lat_5235893773225216_radius_1_d-100_r/20180704TMX7316010203-000824pano_0000_004446_4.83684261334161_52.3589300643667.jpg,2018,7,4,Johan_Jongkindbuurt,0,lon_4836838993623358_lat_5235893773225216_radius_1_d-100_r,lon_4836838993623358_lat_5235893773225216_radius_1,-100,r
ATM_square_equirectangular_boom/Johan_Jongkindbuurt/lon_4836838993623358_lat_5235893773225216_radius_1_d-100_r/20190712TMX7316010203-001310pano_0000_000630_4.83683959631659_52.358943174215.jpg,2019,7,12,Johan_Jongkindbuurt,0,lon_4836838993623358_lat_5235893773225216_radius_1_d-100_r,lon_4836838993623358_lat_5235893773225216_radius_1,-100,r
ATM_square_equirectangular_boom/Johan_Jongkindbuurt/lon_4836838993623358_lat_5235893773225216_radius_1_d-100_r/20200508TMX7316010203-001697pano_0001_001454_4.83683778892553_52.3589373421958.jpg,2020,5,8,Johan_Jongkindbuurt,1,lon_4836838993623358_lat_5235893773225216_radius_1_d-100_r,lon_4836838993623358_lat_5235893773225216_radius_1,-100,r
ATM_square_equirectangular_boom/Lastage/lon_49013249532927015_lat_52373537659960355_radius_1_d-500_f/20190114TMX7316010203-001051pano_0002_002474_4.90132045713034_52.3735310629727.jpg,2019,1,14,Lastage,0,lon_49013249532927015_lat_52373537659960355_radius_1_d-500_f,lon_49013249532927015_lat_52373537659960355_radius_1,-500,f
ATM_square_equirectangular_boom/Lastage/lon_49013249532927015_lat_52373537659960355_radius_1_d-500_f/20190115TMX7316010203-001055pano_0000_001365_4.90131963659418_52.373535443162.jpg,2019,1,15,Lastage,0,lon_49013249532927015_lat_52373537659960355_radius_1_d-500_f,lon_49013249532927015_lat_52373537659960355_radius_1,-500,f
ATM_square_equirectangular_boom/Lastage/lon_49013249532927015_lat_52373537659960355_radius_1_d-500_f/20190513TMX7316010203-001178pano_0000_000246_4.90132192290966_52.3735440171694.jpg,2019,5,13,Lastage,0,lon_49013249532927015_lat_52373537659960355_radius_1_d-500_f,lon_49013249532927015_lat_52373537659960355_radius_1,-500,f
ATM_square_equirectangular_boom/Lastage/lon_49013249532927015_lat_52373537659960355_radius_1_d-500_f/20190516TMX7316010203-001187pano_0000_000676_4.90131806505486_52.3735307169698.jpg,2019,5,16,Lastage,0,lon_49013249532927015_lat_52373537659960355_radius_1_d-500_f,lon_49013249532927015_lat_52373537659960355_radius_1,-500,f
ATM_square_equirectangular_boom/Lastage/lon_49013249532927015_lat_52373537659960355_radius_1_d-500_f/20191310TMX7316010203-001552pano_0001_001381_4.90131859028719_52.3735310217373.jpg,2020,1,10,Lastage,0,lon_49013249532927015_lat_52373537659960355_radius_1_d-500_f,lon_49013249532927015_lat_52373537659960355_radius_1,-500,f
ATM_square_equirectangular_boom/Lastage/lon_49013249532927015_lat_52373537659960355_radius_1_d-500_f/20210915TMX7316010203-002310pano_0000_000557_4.90133339894405_52.3735421179833.jpg,2021,9,15,Lastage,0,lon_49013249532927015_lat_52373537659960355_radius_1_d-500_f,lon_49013249532927015_lat_52373537659960355_radius_1,-500,f
ATM_square_equirectangular_boom/Lastage/lon_49013249532927015_lat_52373537659960355_radius_1_d-500_f/20230227TMX7316010203-002981pano_0004_000014_4.9013221445184_52.3735402598552.jpg,2023,2,27,Lastage,1,lon_49013249532927015_lat_52373537659960355_radius_1_d-500_f,lon_49013249532927015_lat_52373537659960355_radius_1,-500,f
ATM_square_equirectangular_boom/Lastage/lon_4901728661718758_lat_5237436827937986_radius_1_d0_l/20170327TMX7316010203-000224pano_0000_001034_4.9017244960764_52.3743636290681.jpg,2017,3,27,Lastage,0,lon_4901728661718758_lat_5237436827937986_radius_1_d0_l,lon_4901728661718758_lat_5237436827937986_radius_1,0,l
ATM_square_equirectangular_boom/Lastage/lon_4901728661718758_lat_5237436827937986_radius_1_d0_l/20180507TMX7316010203-000709pano_0000_003164_4.90173835533727_52.3743720471979.jpg,2018,5,7,Lastage,0,lon_4901728661718758_lat_5237436827937986_radius_1_d0_l,lon_4901728661718758_lat_5237436827937986_radius_1,0,l
ATM_square_equirectangular_boom/Lastage/lon_4901728661718758_lat_5237436827937986_radius_1_d0_l/20190513TMX7316010203-001178pano_0000_000265_4.90172465904275_52.3743713556891.jpg,2019,5,13,Lastage,0,lon_4901728661718758_lat_5237436827937986_radius_1_d0_l,lon_4901728661718758_lat_5237436827937986_radius_1,0,l
ATM_square_equirectangular_boom/Lastage/lon_4901728661718758_lat_5237436827937986_radius_1_d0_l/20190516TMX7316010203-001187pano_0000_000708_4.90173194570356_52.3743703980488.jpg,2019,5,16,Lastage,0,lon_4901728661718758_lat_5237436827937986_radius_1_d0_l,lon_4901728661718758_lat_5237436827937986_radius_1,0,l
ATM_square_equirectangular_boom/Lastage/lon_4901728661718758_lat_5237436827937986_radius_1_d0_l/20210308TMX7316010203-002031pano_0000_000122_4.90172385243381_52.3743639668954.jpg,2021,3,8,Lastage,0,lon_4901728661718758_lat_5237436827937986_radius_1_d0_l,lon_4901728661718758_lat_5237436827937986_radius_1,0,l
ATM_square_equirectangular_boom/Lastage/lon_4901728661718758_lat_5237436827937986_radius_1_d0_l/20230130TMX7316010203-002949pano_0001_000034_4.90172460951145_52.3743701068809.jpg,2023,1,30,Lastage,1,lon_4901728661718758_lat_5237436827937986_radius_1_d0_l,lon_4901728661718758_lat_5237436827937986_radius_1,0,l
ATM_square_equirectangular_boom/Lastage/lon_4901728661718758_lat_5237436827937986_radius_1_d0_l/20230206TMX7316010203-002954pano_0002_000122_4.90172717701984_52.3743747141479.jpg,2023,2,6,Lastage,0,lon_4901728661718758_lat_5237436827937986_radius_1_d0_l,lon_4901728661718758_lat_5237436827937986_radius_1,0,l
ATM_square_equirectangular_boom/Orteliusbuurt_Noord/lon_484878126057119_lat_52369808810934174_radius_1_d0_l/20170420TMX7316010203-000266pano_0000_002452_4.84878498612261_52.3698089145699.jpg,2017,4,20,Orteliusbuurt_Noord,0,lon_484878126057119_lat_52369808810934174_radius_1_d0_l,lon_484878126057119_lat_52369808810934174_radius_1,0,l
ATM_square_equirectangular_boom/Orteliusbuurt_Noord/lon_484878126057119_lat_52369808810934174_radius_1_d0_l/20190109TMX7316010203-001041pano_0001_000260_4.84878972685908_52.3698090251655.jpg,2019,1,9,Orteliusbuurt_Noord,0,lon_484878126057119_lat_52369808810934174_radius_1_d0_l,lon_484878126057119_lat_52369808810934174_radius_1,0,l
ATM_square_equirectangular_boom/Orteliusbuurt_Noord/lon_484878126057119_lat_52369808810934174_radius_1_d0_l/20200817TMX7316010203-001878pano_0005_002698_4.84876827902293_52.3698083897511.jpg,2020,8,17,Orteliusbuurt_Noord,1,lon_484878126057119_lat_52369808810934174_radius_1_d0_l,lon_484878126057119_lat_52369808810934174_radius_1,0,l
ATM_square_equirectangular_boom/Orteliusbuurt_Noord/lon_484878126057119_lat_52369808810934174_radius_1_d0_l/20210326TMX7316010203-002065pano_0000_000030_4.84878205028014_52.3698089142502.jpg,2021,3,26,Orteliusbuurt_Noord,0,lon_484878126057119_lat_52369808810934174_radius_1_d0_l,lon_484878126057119_lat_52369808810934174_radius_1,0,l
ATM_square_equirectangular_boom/Van_der_Pekbuurt/lon_4914776649838082_lat_5238793865996867_radius_1_d300_r/20170523TMX7316010203-000306pano_0000_000124_4.91477538406595_52.3879362186288.jpg,2017,5,23,Van_der_Pekbuurt,0,lon_4914776649838082_lat_5238793865996867_radius_1_d300_r,lon_4914776649838082_lat_5238793865996867_radius_1,300,r
ATM_square_equirectangular_boom/Van_der_Pekbuurt/lon_4914776649838082_lat_5238793865996867_radius_1_d300_r/20180730TMX7316010203-000886pano_0000_004852_4.91476991508218_52.3879353318429.jpg,2018,7,30,Van_der_Pekbuurt,1,lon_4914776649838082_lat_5238793865996867_radius_1_d300_r,lon_4914776649838082_lat_5238793865996867_radius_1,300,r
ATM_square_equirectangular_boom/Van_der_Pekbuurt/lon_4914776649838082_lat_5238793865996867_radius_1_d300_r/20200602TMX7316010203-001734pano_0000_000771_4.91477837530551_52.3879391017355.jpg,2020,6,2,Van_der_Pekbuurt,0,lon_4914776649838082_lat_5238793865996867_radius_1_d300_r,lon_4914776649838082_lat_5238793865996867_radius_1,300,r
ATM_square_equirectangular_boom/Van_der_Pekbuurt/lon_4914776649838082_lat_5238793865996867_radius_1_d300_r/20210616TMX7316010203-002181pano_0000_003761_4.91478292489869_52.3879439876675.jpg,2021,6,16,Van_der_Pekbuurt,0,lon_4914776649838082_lat_5238793865996867_radius_1_d300_r,lon_4914776649838082_lat_5238793865996867_radius_1,300,r
ATM_square_equirectangular_boom/Van_der_Pekbuurt/lon_4914776649838082_lat_5238793865996867_radius_1_d300_r/20220512TMX7316010203-002578pano_0001_000145_4.91477035058896_52.3879362701571.jpg,2022,5,12,Van_der_Pekbuurt,0,lon_4914776649838082_lat_5238793865996867_radius_1_d300_r,lon_4914776649838082_lat_5238793865996867_radius_1,300,r
ATM_square_equirectangular_boom/Van_der_Pekbuurt/lon_4914776649838082_lat_5238793865996867_radius_1_d300_l/20170523TMX7316010203-000306pano_0000_000124_4.91477538406595_52.3879362186288.jpg,2017,5,23,Van_der_Pekbuurt,0,lon_4914776649838082_lat_5238793865996867_radius_1_d300_l,lon_4914776649838082_lat_5238793865996867_radius_1,300,l
ATM_square_equirectangular_boom/Van_der_Pekbuurt/lon_4914776649838082_lat_5238793865996867_radius_1_d300_l/20180730TMX7316010203-000886pano_0000_004852_4.91476991508218_52.3879353318429.jpg,2018,7,30,Van_der_Pekbuurt,0,lon_4914776649838082_lat_5238793865996867_radius_1_d300_l,lon_4914776649838082_lat_5238793865996867_radius_1,300,l
ATM_square_equirectangular_boom/Van_der_Pekbuurt/lon_4914776649838082_lat_5238793865996867_radius_1_d300_l/20200602TMX7316010203-001734pano_0000_000771_4.91477837530551_52.3879391017355.jpg,2020,6,2,Van_der_Pekbuurt,1,lon_4914776649838082_lat_5238793865996867_radius_1_d300_l,lon_4914776649838082_lat_5238793865996867_radius_1,300,l
ATM_square_equirectangular_boom/Van_der_Pekbuurt/lon_4914776649838082_lat_5238793865996867_radius_1_d300_l/20210616TMX7316010203-002181pano_0000_003761_4.91478292489869_52.3879439876675.jpg,2021,6,16,Van_der_Pekbuurt,0,lon_4914776649838082_lat_5238793865996867_radius_1_d300_l,lon_4914776649838082_lat_5238793865996867_radius_1,300,l
ATM_square_equirectangular_boom/Van_der_Pekbuurt/lon_4914776649838082_lat_5238793865996867_radius_1_d300_l/20220512TMX7316010203-002578pano_0001_000145_4.91477035058896_52.3879362701571.jpg,2022,5,12,Van_der_Pekbuurt,0,lon_4914776649838082_lat_5238793865996867_radius_1_d300_l,lon_4914776649838082_lat_5238793865996867_radius_1,300,l
ATM_square_equirectangular_boom/Van_der_Pekbuurt/lon_4906891782555921_lat_5238794906250798_radius_1_d0_f/20160613TMX7315120208-000076pano_0000_001442_4.90689663210467_52.3879474648422.jpg,2016,6,13,Van_der_Pekbuurt,0,lon_4906891782555921_lat_5238794906250798_radius_1_d0_f,lon_4906891782555921_lat_5238794906250798_radius_1,0,f
ATM_square_equirectangular_boom/Van_der_Pekbuurt/lon_4906891782555921_lat_5238794906250798_radius_1_d0_f/20160808TMX7316060226-000015pano_0005_000410_4.90689114534965_52.3879445968015.jpg,2016,8,8,Van_der_Pekbuurt,0,lon_4906891782555921_lat_5238794906250798_radius_1_d0_f,lon_4906891782555921_lat_5238794906250798_radius_1,0,f
ATM_square_equirectangular_boom/Van_der_Pekbuurt/lon_4906891782555921_lat_5238794906250798_radius_1_d0_f/20180730TMX7316010203-000886pano_0001_000911_4.90689068155564_52.3879557939383.jpg,2018,7,30,Van_der_Pekbuurt,1,lon_4906891782555921_lat_5238794906250798_radius_1_d0_f,lon_4906891782555921_lat_5238794906250798_radius_1,0,f
ATM_square_equirectangular_boom/Van_der_Pekbuurt/lon_4906891782555921_lat_5238794906250798_radius_1_d0_f/20190709TMX7316010203-001299pano_0000_000375_4.90688982876803_52.3879539649014.jpg,2019,7,9,Van_der_Pekbuurt,0,lon_4906891782555921_lat_5238794906250798_radius_1_d0_f,lon_4906891782555921_lat_5238794906250798_radius_1,0,f
ATM_square_equirectangular_boom/Van_der_Pekbuurt/lon_4906891782555921_lat_5238794906250798_radius_1_d0_f/20200602TMX7316010203-001734pano_0000_001295_4.90688718248747_52.3879520708381.jpg,2020,6,2,Van_der_Pekbuurt,0,lon_4906891782555921_lat_5238794906250798_radius_1_d0_f,lon_4906891782555921_lat_5238794906250798_radius_1,0,f
ATM_square_equirectangular_boom/Van_der_Pekbuurt/lon_4906891782555921_lat_5238794906250798_radius_1_d0_f/20200603TMX7316010203-001735pano_0000_001943_4.90689522507007_52.3879404837264.jpg,2020,6,3,Van_der_Pekbuurt,0,lon_4906891782555921_lat_5238794906250798_radius_1_d0_f,lon_4906891782555921_lat_5238794906250798_radius_1,0,f
ATM_square_equirectangular_boom/Banne_Noordwest/lon_4915841855871974_lat_5241043849707304_radius_1_d0_l/20170524TMX7316010203-000309pano_0000_001315_4.91584179797208_52.4104401111747.jpg,2017,5,24,Banne_Noordwest,0,lon_4915841855871974_lat_5241043849707304_radius_1_d0_l,lon_4915841855871974_lat_5241043849707304_radius_1,0,l
ATM_square_equirectangular_boom/Banne_Noordwest/lon_4915841855871974_lat_5241043849707304_radius_1_d0_l/20200608TMX7316010203-001737pano_0000_003933_4.91585391875349_52.4104378097108.jpg,2020,6,8,Banne_Noordwest,1,lon_4915841855871974_lat_5241043849707304_radius_1_d0_l,lon_4915841855871974_lat_5241043849707304_radius_1,0,l
ATM_square_equirectangular_boom/Banne_Noordwest/lon_4915841855871974_lat_5241043849707304_radius_1_d0_l/20210623TMX7316010203-002187pano_0000_003353_4.91582985089035_52.4104375703336.jpg,2021,6,23,Banne_Noordwest,0,lon_4915841855871974_lat_5241043849707304_radius_1_d0_l,lon_4915841855871974_lat_5241043849707304_radius_1,0,l
ATM_square_equirectangular_boom/Markthallen/lon_4867179544938104_lat_5238191246741933_radius_1_d200_r/20190107TMX7316010203-001040pano_0001_000983_4.86717583313288_52.3819134256506.jpg,2019,1,7,Markthallen,0,lon_4867179544938104_lat_5238191246741933_radius_1_d200_r,lon_4867179544938104_lat_5238191246741933_radius_1,200,r
ATM_square_equirectangular_boom/Markthallen/lon_4867179544938104_lat_5238191246741933_radius_1_d200_r/20191108TMX7316060226-000473pano_0000_000905_4.86718220493498_52.3819125708668.jpg,2019,11,8,Markthallen,0,lon_4867179544938104_lat_5238191246741933_radius_1_d200_r,lon_4867179544938104_lat_5238191246741933_radius_1,200,r
ATM_square_equirectangular_boom/Markthallen/lon_4867179544938104_lat_5238191246741933_radius_1_d200_r/20200818TMX7316010203-001879pano_0003_000580_4.86718059674645_52.3819114057406.jpg,2020,8,18,Markthallen,0,lon_4867179544938104_lat_5238191246741933_radius_1_d200_r,lon_4867179544938104_lat_5238191246741933_radius_1,200,r
ATM_square_equirectangular_boom/Markthallen/lon_4867179544938104_lat_5238191246741933_radius_1_d200_r/20221214TMX7316010203-002854pano_0002_000016_4.86717101585656_52.3819072808585.jpg,2022,12,14,Markthallen,1,lon_4867179544938104_lat_5238191246741933_radius_1_d200_r,lon_4867179544938104_lat_5238191246741933_radius_1,200,r
ATM_square_equirectangular_boom/Markthallen/lon_4867179544938104_lat_5238191246741933_radius_1_d200_b/20190107TMX7316010203-001040pano_0001_000983_4.86717583313288_52.3819134256506.jpg,2019,1,7,Markthallen,0,lon_4867179544938104_lat_5238191246741933_radius_1_d200_b,lon_4867179544938104_lat_5238191246741933_radius_1,200,b
ATM_square_equirectangular_boom/Markthallen/lon_4867179544938104_lat_5238191246741933_radius_1_d200_b/20191108TMX7316060226-000473pano_0000_000905_4.86718220493498_52.3819125708668.jpg,2019,11,8,Markthallen,0,lon_4867179544938104_lat_5238191246741933_radius_1_d200_b,lon_4867179544938104_lat_5238191246741933_radius_1,200,b
ATM_square_equirectangular_boom/Markthallen/lon_4867179544938104_lat_5238191246741933_radius_1_d200_b/20200818TMX7316010203-001879pano_0003_000580_4.86718059674645_52.3819114057406.jpg,2020,8,18,Markthallen,0,lon_4867179544938104_lat_5238191246741933_radius_1_d200_b,lon_4867179544938104_lat_5238191246741933_radius_1,200,b
ATM_square_equirectangular_boom/Markthallen/lon_4867179544938104_lat_5238191246741933_radius_1_d200_b/20221214TMX7316010203-002854pano_0002_000016_4.86717101585656_52.3819072808585.jpg,2022,12,14,Markthallen,1,lon_4867179544938104_lat_5238191246741933_radius_1_d200_b,lon_4867179544938104_lat_5238191246741933_radius_1,200,b
ATM_square_equirectangular_boom/Spuistraat_Noord/lon_4894259342908157_lat_523765727225132_radius_1_d0_b/20180515TMX7316010203-000720pano_0000_000374_4.89425094400466_52.3765749655673.jpg,2018,5,15,Spuistraat_Noord,0,lon_4894259342908157_lat_523765727225132_radius_1_d0_b,lon_4894259342908157_lat_523765727225132_radius_1,0,b
ATM_square_equirectangular_boom/Spuistraat_Noord/lon_4894259342908157_lat_523765727225132_radius_1_d0_b/20200831TMX7316010203-001900pano_0006_000128_4.8942616606899_52.3765801719621.jpg,2020,8,31,Spuistraat_Noord,0,lon_4894259342908157_lat_523765727225132_radius_1_d0_b,lon_4894259342908157_lat_523765727225132_radius_1,0,b
ATM_square_equirectangular_boom/Spuistraat_Noord/lon_4894259342908157_lat_523765727225132_radius_1_d0_b/20210308TMX7316010203-002033pano_0000_000455_4.89426555532564_52.376568147481.jpg,2021,3,8,Spuistraat_Noord,0,lon_4894259342908157_lat_523765727225132_radius_1_d0_b,lon_4894259342908157_lat_523765727225132_radius_1,0,b
ATM_square_equirectangular_boom/Spuistraat_Noord/lon_4894259342908157_lat_523765727225132_radius_1_d0_b/20210915TMX7316010203-002310pano_0000_001380_4.89425921161243_52.3765676050424.jpg,2021,9,15,Spuistraat_Noord,0,lon_4894259342908157_lat_523765727225132_radius_1_d0_b,lon_4894259342908157_lat_523765727225132_radius_1,0,b
ATM_square_equirectangular_boom/Spuistraat_Noord/lon_4894259342908157_lat_523765727225132_radius_1_d0_b/20220623TMX7316010203-002623pano_0002_000200_4.89426453008707_52.3765807388.jpg,2022,6,23,Spuistraat_Noord,1,lon_4894259342908157_lat_523765727225132_radius_1_d0_b,lon_4894259342908157_lat_523765727225132_radius_1,0,b
ATM_square_equirectangular_boom/Schipluidenbuurt/lon_48393188138628975_lat_5235631802695835_radius_1_d-400_f/20180704TMX7316010203-000824pano_0000_003949_4.83931871668053_52.3563185869281.jpg,2018,7,4,Schipluidenbuurt,0,lon_48393188138628975_lat_5235631802695835_radius_1_d-400_f,lon_48393188138628975_lat_5235631802695835_radius_1,-400,f
ATM_square_equirectangular_boom/Schipluidenbuurt/lon_48393188138628975_lat_5235631802695835_radius_1_d-400_f/20190102TMX7316010203-001031pano_0009_000716_4.83931754835721_52.3563162113727.jpg,2019,1,2,Schipluidenbuurt,0,lon_48393188138628975_lat_5235631802695835_radius_1_d-400_f,lon_48393188138628975_lat_5235631802695835_radius_1,-400,f
ATM_square_equirectangular_boom/Schipluidenbuurt/lon_48393188138628975_lat_5235631802695835_radius_1_d-400_f/20190712TMX7316010203-001310pano_0000_001197_4.83931488427784_52.3563171255203.jpg,2019,7,12,Schipluidenbuurt,1,lon_48393188138628975_lat_5235631802695835_radius_1_d-400_f,lon_48393188138628975_lat_5235631802695835_radius_1,-400,f
ATM_square_equirectangular_boom/Schipluidenbuurt/lon_48393188138628975_lat_5235631802695835_radius_1_d-400_f/20210219TMX7316010203-002020pano_0000_003426_4.83932410613601_52.3563201840123.jpg,2021,2,19,Schipluidenbuurt,0,lon_48393188138628975_lat_5235631802695835_radius_1_d-400_f,lon_48393188138628975_lat_5235631802695835_radius_1,-400,f
ATM_square_equirectangular_boom/Schipluidenbuurt/lon_48393188138628975_lat_5235631802695835_radius_1_d-400_f/20220411TMX7316010203-002502pano_0002_002492_4.83931004782413_52.3563216825271.jpg,2022,4,11,Schipluidenbuurt,0,lon_48393188138628975_lat_5235631802695835_radius_1_d-400_f,lon_48393188138628975_lat_5235631802695835_radius_1,-400,f
ATM_square_equirectangular_boom/Schipluidenbuurt/lon_48393188138628975_lat_5235631802695835_radius_1_d-400_r/20180704TMX7316010203-000824pano_0000_003949_4.83931871668053_52.3563185869281.jpg,2018,7,4,Schipluidenbuurt,0,lon_48393188138628975_lat_5235631802695835_radius_1_d-400_r,lon_48393188138628975_lat_5235631802695835_radius_1,-400,r
ATM_square_equirectangular_boom/Schipluidenbuurt/lon_48393188138628975_lat_5235631802695835_radius_1_d-400_r/20190102TMX7316010203-001031pano_0009_000716_4.83931754835721_52.3563162113727.jpg,2019,1,2,Schipluidenbuurt,0,lon_48393188138628975_lat_5235631802695835_radius_1_d-400_r,lon_48393188138628975_lat_5235631802695835_radius_1,-400,r
ATM_square_equirectangular_boom/Schipluidenbuurt/lon_48393188138628975_lat_5235631802695835_radius_1_d-400_r/20190712TMX7316010203-001310pano_0000_001197_4.83931488427784_52.3563171255203.jpg,2019,7,12,Schipluidenbuurt,1,lon_48393188138628975_lat_5235631802695835_radius_1_d-400_r,lon_48393188138628975_lat_5235631802695835_radius_1,-400,r
ATM_square_equirectangular_boom/Schipluidenbuurt/lon_48393188138628975_lat_5235631802695835_radius_1_d-400_r/20210219TMX7316010203-002020pano_0000_003426_4.83932410613601_52.3563201840123.jpg,2021,2,19,Schipluidenbuurt,0,lon_48393188138628975_lat_5235631802695835_radius_1_d-400_r,lon_48393188138628975_lat_5235631802695835_radius_1,-400,r
ATM_square_equirectangular_boom/Schipluidenbuurt/lon_48393188138628975_lat_5235631802695835_radius_1_d-400_r/20220411TMX7316010203-002502pano_0002_002492_4.83931004782413_52.3563216825271.jpg,2022,4,11,Schipluidenbuurt,0,lon_48393188138628975_lat_5235631802695835_radius_1_d-400_r,lon_48393188138628975_lat_5235631802695835_radius_1,-400,r
ATM_square_equirectangular_boom/Schipluidenbuurt/lon_48392281765407175_lat_5235634540004492_radius_1_d0_f/20170508TMX7316010203-000288pano_0003_001072_4.83921432958438_52.3563474375939.jpg,2017,5,8,Schipluidenbuurt,0,lon_48392281765407175_lat_5235634540004492_radius_1_d0_f,lon_48392281765407175_lat_5235634540004492_radius_1,0,f
ATM_square_equirectangular_boom/Schipluidenbuurt/lon_48392281765407175_lat_5235634540004492_radius_1_d0_f/20180703TMX7316010203-000821pano_0000_001058_4.8392383054898_52.3563438777239.jpg,2018,7,3,Schipluidenbuurt,0,lon_48392281765407175_lat_5235634540004492_radius_1_d0_f,lon_48392281765407175_lat_5235634540004492_radius_1,0,f
ATM_square_equirectangular_boom/Schipluidenbuurt/lon_48392281765407175_lat_5235634540004492_radius_1_d0_f/20191218TMX7316010203-001523pano_0000_003981_4.83922340955219_52.3563456523745.jpg,2019,12,18,Schipluidenbuurt,1,lon_48392281765407175_lat_5235634540004492_radius_1_d0_f,lon_48392281765407175_lat_5235634540004492_radius_1,0,f
ATM_square_equirectangular_boom/Schipluidenbuurt/lon_48392281765407175_lat_5235634540004492_radius_1_d0_f/20200506TMX7316010203-001691pano_0001_007380_4.8392366615365_52.3563446324874.jpg,2020,5,6,Schipluidenbuurt,0,lon_48392281765407175_lat_5235634540004492_radius_1_d0_f,lon_48392281765407175_lat_5235634540004492_radius_1,0,f
ATM_square_equirectangular_boom/Schipluidenbuurt/lon_483857336524537_lat_52356333882081834_radius_1_d-450_r/20180703TMX7316010203-000821pano_0000_001067_4.83857788202035_52.3563362716666.jpg,2018,7,3,Schipluidenbuurt,0,lon_483857336524537_lat_52356333882081834_radius_1_d-450_r,lon_483857336524537_lat_52356333882081834_radius_1,-450,r
ATM_square_equirectangular_boom/Schipluidenbuurt/lon_483857336524537_lat_52356333882081834_radius_1_d-450_r/20191218TMX7316010203-001523pano_0000_003990_4.8385768631794_52.356331638233.jpg,2019,12,18,Schipluidenbuurt,1,lon_483857336524537_lat_52356333882081834_radius_1_d-450_r,lon_483857336524537_lat_52356333882081834_radius_1,-450,r
ATM_square_equirectangular_boom/Schipluidenbuurt/lon_483857336524537_lat_52356333882081834_radius_1_d-450_r/20200506TMX7316010203-001691pano_0001_007389_4.83856535053636_52.3563337363459.jpg,2020,5,6,Schipluidenbuurt,0,lon_483857336524537_lat_52356333882081834_radius_1_d-450_r,lon_483857336524537_lat_52356333882081834_radius_1,-450,r
ATM_square_equirectangular_boom/Oosterparkbuurt_Zuidoost/lon_49252655960269385_lat_5235878427910928_radius_1_d-200_b/20160512TMX7315120208-000048pano_0000_005520_4.92527879673222_52.358784028881.jpg,2016,5,12,Oosterparkbuurt_Zuidoost,0,lon_49252655960269385_lat_5235878427910928_radius_1_d-200_b,lon_49252655960269385_lat_5235878427910928_radius_1,-200,b
ATM_square_equirectangular_boom/Oosterparkbuurt_Zuidoost/lon_49252655960269385_lat_5235878427910928_radius_1_d-200_b/20160531TMX7315120208-000061pano_0000_000230_4.92525844157709_52.3587842667645.jpg,2016,5,31,Oosterparkbuurt_Zuidoost,0,lon_49252655960269385_lat_5235878427910928_radius_1_d-200_b,lon_49252655960269385_lat_5235878427910928_radius_1,-200,b
ATM_square_equirectangular_boom/Oosterparkbuurt_Zuidoost/lon_49252655960269385_lat_5235878427910928_radius_1_d-200_b/20170406TMX7316010203-000248pano_0000_002068_4.92526386040538_52.3587869648825.jpg,2017,4,6,Oosterparkbuurt_Zuidoost,0,lon_49252655960269385_lat_5235878427910928_radius_1_d-200_b,lon_49252655960269385_lat_5235878427910928_radius_1,-200,b
ATM_square_equirectangular_boom/Oosterparkbuurt_Zuidoost/lon_49252655960269385_lat_5235878427910928_radius_1_d-200_b/20190515TMX7316010203-001184pano_0002_002008_4.9252792809469_52.3587868773287.jpg,2019,5,15,Oosterparkbuurt_Zuidoost,0,lon_49252655960269385_lat_5235878427910928_radius_1_d-200_b,lon_49252655960269385_lat_5235878427910928_radius_1,-200,b
ATM_square_equirectangular_boom/Oosterparkbuurt_Zuidoost/lon_49252655960269385_lat_5235878427910928_radius_1_d-200_b/20200217TMX7316010203-001648pano_0003_000161_4.92526433613399_52.3587819503689.jpg,2020,2,17,Oosterparkbuurt_Zuidoost,1,lon_49252655960269385_lat_5235878427910928_radius_1_d-200_b,lon_49252655960269385_lat_5235878427910928_radius_1,-200,b
ATM_square_equirectangular_boom/Oosterparkbuurt_Zuidoost/lon_49252655960269385_lat_5235878427910928_radius_1_d-200_b/20210512TMX7316010203-002137pano_0000_005153_4.92526518907914_52.358782925982.jpg,2021,5,12,Oosterparkbuurt_Zuidoost,0,lon_49252655960269385_lat_5235878427910928_radius_1_d-200_b,lon_49252655960269385_lat_5235878427910928_radius_1,-200,b
ATM_square_equirectangular_boom/Hondecoeterbuurt/lon_4879384343771838_lat_5235147260184182_radius_1_d0_r/20160803TMX7316060226-000012pano_0000_003227_4.87938517409099_52.3514762678573.jpg,2016,8,3,Hondecoeterbuurt,0,lon_4879384343771838_lat_5235147260184182_radius_1_d0_r,lon_4879384343771838_lat_5235147260184182_radius_1,0,r
ATM_square_equirectangular_boom/Hondecoeterbuurt/lon_4879384343771838_lat_5235147260184182_radius_1_d0_r/20180606TMX7316010203-000777pano_0000_001661_4.87938450567155_52.3514771802028.jpg,2018,6,6,Hondecoeterbuurt,1,lon_4879384343771838_lat_5235147260184182_radius_1_d0_r,lon_4879384343771838_lat_5235147260184182_radius_1,0,r
ATM_square_equirectangular_boom/Hondecoeterbuurt/lon_4879384343771838_lat_5235147260184182_radius_1_d0_r/20190503TMX7316010203-001159pano_0000_000398_4.87938797834153_52.3514716872428.jpg,2019,5,3,Hondecoeterbuurt,0,lon_4879384343771838_lat_5235147260184182_radius_1_d0_r,lon_4879384343771838_lat_5235147260184182_radius_1,0,r
ATM_square_equirectangular_boom/Hondecoeterbuurt/lon_4879384343771838_lat_5235147260184182_radius_1_d0_r/20200513TMX7316010203-001707pano_0000_001475_4.87937971698328_52.3514652720644.jpg,2020,5,13,Hondecoeterbuurt,0,lon_4879384343771838_lat_5235147260184182_radius_1_d0_r,lon_4879384343771838_lat_5235147260184182_radius_1,0,r
ATM_square_equirectangular_boom/Cremerbuurt_West/lon_4864118836263323_lat_5236235774565633_radius_1_d200_l/20160809TMX7316010203-000052pano_0002_003009_4.86412189994791_52.3623564472715.jpg,2016,8,9,Cremerbuurt_West,0,lon_4864118836263323_lat_5236235774565633_radius_1_d200_l,lon_4864118836263323_lat_5236235774565633_radius_1,200,l
ATM_square_equirectangular_boom/Cremerbuurt_West/lon_4864118836263323_lat_5236235774565633_radius_1_d200_l/20191111TMX7316060226-000477pano_0001_001248_4.86411367222044_52.3623625404789.jpg,2019,11,11,Cremerbuurt_West,1,lon_4864118836263323_lat_5236235774565633_radius_1_d200_l,lon_4864118836263323_lat_5236235774565633_radius_1,200,l
ATM_square_equirectangular_boom/Cremerbuurt_West/lon_4864118836263323_lat_5236235774565633_radius_1_d200_l/20191209TMX7316010203-001500pano_0000_003929_4.86412093662162_52.3623542492186.jpg,2019,12,9,Cremerbuurt_West,0,lon_4864118836263323_lat_5236235774565633_radius_1_d200_l,lon_4864118836263323_lat_5236235774565633_radius_1,200,l
ATM_square_equirectangular_boom/Osdorp_Midden_Zuid/lon_4793649084505017_lat_5235788739523216_radius_1_d100_f/20160812TMX7316010203-000058pano_0000_010547_4.79364869997167_52.3578804304859.jpg,2016,8,12,Osdorp_Midden_Zuid,0,lon_4793649084505017_lat_5235788739523216_radius_1_d100_f,lon_4793649084505017_lat_5235788739523216_radius_1,100,f
ATM_square_equirectangular_boom/Osdorp_Midden_Zuid/lon_4793649084505017_lat_5235788739523216_radius_1_d100_f/20190716TMX7316010203-001315pano_0002_005720_4.79364672399935_52.3578946787431.jpg,2019,7,16,Osdorp_Midden_Zuid,1,lon_4793649084505017_lat_5235788739523216_radius_1_d100_f,lon_4793649084505017_lat_5235788739523216_radius_1,100,f
ATM_square_equirectangular_boom/Osdorp_Midden_Zuid/lon_4793649084505017_lat_5235788739523216_radius_1_d100_f/20200824TMX7316010203-001890pano_0000_002502_4.79365182954403_52.3578870764675.jpg,2020,8,24,Osdorp_Midden_Zuid,0,lon_4793649084505017_lat_5235788739523216_radius_1_d100_f,lon_4793649084505017_lat_5235788739523216_radius_1,100,f
ATM_square_equirectangular_boom/Poolbuurt_Oost/lon_4845835875422849_lat_5237419068985292_radius_1_d0_b/20160622TMX7315080123-000311pano_0000_001122_4.84583936630887_52.3741855694683.jpg,2016,6,22,Poolbuurt_Oost,0,lon_4845835875422849_lat_5237419068985292_radius_1_d0_b,lon_4845835875422849_lat_5237419068985292_radius_1,0,b
ATM_square_equirectangular_boom/Poolbuurt_Oost/lon_4845835875422849_lat_5237419068985292_radius_1_d0_b/20170420TMX7316010203-000267pano_0000_000457_4.84583958696177_52.3741860724902.jpg,2017,4,20,Poolbuurt_Oost,0,lon_4845835875422849_lat_5237419068985292_radius_1_d0_b,lon_4845835875422849_lat_5237419068985292_radius_1,0,b
ATM_square_equirectangular_boom/Poolbuurt_Oost/lon_4845835875422849_lat_5237419068985292_radius_1_d0_b/20190109TMX7316010203-001041pano_0001_000496_4.84584598620439_52.3741937463994.jpg,2019,1,9,Poolbuurt_Oost,1,lon_4845835875422849_lat_5237419068985292_radius_1_d0_b,lon_4845835875422849_lat_5237419068985292_radius_1,0,b
ATM_square_equirectangular_boom/Poolbuurt_Oost/lon_4845835875422849_lat_5237419068985292_radius_1_d0_b/20210222TMX7316010203-002024pano_0000_000297_4.84582662847043_52.3741891182541.jpg,2021,2,22,Poolbuurt_Oost,0,lon_4845835875422849_lat_5237419068985292_radius_1_d0_b,lon_4845835875422849_lat_5237419068985292_radius_1,0,b
ATM_square_equirectangular_boom/Poolbuurt_Oost/lon_4845835875422849_lat_5237419068985292_radius_1_d0_b/20210326TMX7316010203-002064pano_0000_002457_4.84583147139964_52.3741968351568.jpg,2021,3,26,Poolbuurt_Oost,0,lon_4845835875422849_lat_5237419068985292_radius_1_d0_b,lon_4845835875422849_lat_5237419068985292_radius_1,0,b
ATM_square_equirectangular_boom/Poolbuurt_Oost/lon_4845835875422849_lat_5237419068985292_radius_1_d0_b/20220104TMX7316010203-002385pano_0002_000050_4.84583221319199_52.3741927973487.jpg,2022,1,4,Poolbuurt_Oost,0,lon_4845835875422849_lat_5237419068985292_radius_1_d0_b,lon_4845835875422849_lat_5237419068985292_radius_1,0,b
ATM_square_equirectangular_boom/Poolbuurt_Oost/lon_4845835875422849_lat_5237419068985292_radius_1_d0_f/20160622TMX7315080123-000311pano_0000_001122_4.84583936630887_52.3741855694683.jpg,2016,6,22,Poolbuurt_Oost,0,lon_4845835875422849_lat_5237419068985292_radius_1_d0_f,lon_4845835875422849_lat_5237419068985292_radius_1,0,f
ATM_square_equirectangular_boom/Poolbuurt_Oost/lon_4845835875422849_lat_5237419068985292_radius_1_d0_f/20170420TMX7316010203-000267pano_0000_000457_4.84583958696177_52.3741860724902.jpg,2017,4,20,Poolbuurt_Oost,0,lon_4845835875422849_lat_5237419068985292_radius_1_d0_f,lon_4845835875422849_lat_5237419068985292_radius_1,0,f
ATM_square_equirectangular_boom/Poolbuurt_Oost/lon_4845835875422849_lat_5237419068985292_radius_1_d0_f/20190109TMX7316010203-001041pano_0001_000496_4.84584598620439_52.3741937463994.jpg,2019,1,9,Poolbuurt_Oost,1,lon_4845835875422849_lat_5237419068985292_radius_1_d0_f,lon_4845835875422849_lat_5237419068985292_radius_1,0,f
ATM_square_equirectangular_boom/Poolbuurt_Oost/lon_4845835875422849_lat_5237419068985292_radius_1_d0_f/20210222TMX7316010203-002024pano_0000_000297_4.84582662847043_52.3741891182541.jpg,2021,2,22,Poolbuurt_Oost,0,lon_4845835875422849_lat_5237419068985292_radius_1_d0_f,lon_4845835875422849_lat_5237419068985292_radius_1,0,f
ATM_square_equirectangular_boom/Poolbuurt_Oost/lon_4845835875422849_lat_5237419068985292_radius_1_d0_f/20210326TMX7316010203-002064pano_0000_002457_4.84583147139964_52.3741968351568.jpg,2021,3,26,Poolbuurt_Oost,0,lon_4845835875422849_lat_5237419068985292_radius_1_d0_f,lon_4845835875422849_lat_5237419068985292_radius_1,0,f
ATM_square_equirectangular_boom/Poolbuurt_Oost/lon_4845835875422849_lat_5237419068985292_radius_1_d0_f/20220104TMX7316010203-002385pano_0002_000050_4.84583221319199_52.3741927973487.jpg,2022,1,4,Poolbuurt_Oost,0,lon_4845835875422849_lat_5237419068985292_radius_1_d0_f,lon_4845835875422849_lat_5237419068985292_radius_1,0,f
ATM_square_equirectangular_boom/Poolbuurt_Oost/lon_484731135203266_lat_5237546161824215_radius_1_d400_f/20190418TMX7316010203-001135pano_0000_003130_4.84730615112583_52.3754653375846.jpg,2019,4,18,Poolbuurt_Oost,0,lon_484731135203266_lat_5237546161824215_radius_1_d400_f,lon_484731135203266_lat_5237546161824215_radius_1,400,f
ATM_square_equirectangular_boom/Poolbuurt_Oost/lon_484731135203266_lat_5237546161824215_radius_1_d400_f/20200817TMX7316010203-001878pano_0005_003127_4.84731402711083_52.3754635202509.jpg,2020,8,17,Poolbuurt_Oost,0,lon_484731135203266_lat_5237546161824215_radius_1_d400_f,lon_484731135203266_lat_5237546161824215_radius_1,400,f
ATM_square_equirectangular_boom/Poolbuurt_Oost/lon_484731135203266_lat_5237546161824215_radius_1_d400_f/20220503TMX7316010203-002556pano_0000_000630_4.84731959687446_52.3754571384113.jpg,2022,5,3,Poolbuurt_Oost,0,lon_484731135203266_lat_5237546161824215_radius_1_d400_f,lon_484731135203266_lat_5237546161824215_radius_1,400,f
ATM_square_equirectangular_boom/Poolbuurt_Oost/lon_484731135203266_lat_5237546161824215_radius_1_d400_r/20190418TMX7316010203-001135pano_0000_003130_4.84730615112583_52.3754653375846.jpg,2019,4,18,Poolbuurt_Oost,0,lon_484731135203266_lat_5237546161824215_radius_1_d400_r,lon_484731135203266_lat_5237546161824215_radius_1,400,r
ATM_square_equirectangular_boom/Poolbuurt_Oost/lon_484731135203266_lat_5237546161824215_radius_1_d400_r/20200817TMX7316010203-001878pano_0005_003127_4.84731402711083_52.3754635202509.jpg,2020,8,17,Poolbuurt_Oost,0,lon_484731135203266_lat_5237546161824215_radius_1_d400_r,lon_484731135203266_lat_5237546161824215_radius_1,400,r
ATM_square_equirectangular_boom/Poolbuurt_Oost/lon_484731135203266_lat_5237546161824215_radius_1_d400_r/20220503TMX7316010203-002556pano_0000_000630_4.84731959687446_52.3754571384113.jpg,2022,5,3,Poolbuurt_Oost,0,lon_484731135203266_lat_5237546161824215_radius_1_d400_r,lon_484731135203266_lat_5237546161824215_radius_1,400,r
ATM_square_equirectangular_boom/Poolbuurt_Oost/lon_4846705932449409_lat_5237477037098357_radius_1_d0_f/20160622TMX7315080123-000311pano_0000_001158_4.84670871185444_52.3747668728063.jpg,2016,6,22,Poolbuurt_Oost,0,lon_4846705932449409_lat_5237477037098357_radius_1_d0_f,lon_4846705932449409_lat_5237477037098357_radius_1,0,f
ATM_square_equirectangular_boom/Poolbuurt_Oost/lon_4846705932449409_lat_5237477037098357_radius_1_d0_f/20170420TMX7316010203-000267pano_0000_000594_4.84670160645149_52.374775393972.jpg,2017,4,20,Poolbuurt_Oost,0,lon_4846705932449409_lat_5237477037098357_radius_1_d0_f,lon_4846705932449409_lat_5237477037098357_radius_1,0,f
ATM_square_equirectangular_boom/Poolbuurt_Oost/lon_4846705932449409_lat_5237477037098357_radius_1_d0_f/20190109TMX7316010203-001041pano_0001_000595_4.84670263860066_52.3747747281327.jpg,2019,1,9,Poolbuurt_Oost,0,lon_4846705932449409_lat_5237477037098357_radius_1_d0_f,lon_4846705932449409_lat_5237477037098357_radius_1,0,f
ATM_square_equirectangular_boom/Poolbuurt_Oost/lon_4846705932449409_lat_5237477037098357_radius_1_d0_f/20191209TMX7316010203-001502pano_0001_002072_4.84670707364887_52.3747744589014.jpg,2019,12,9,Poolbuurt_Oost,0,lon_4846705932449409_lat_5237477037098357_radius_1_d0_f,lon_4846705932449409_lat_5237477037098357_radius_1,0,f
ATM_square_equirectangular_boom/Cornelis_Schuytbuurt/lon_4872293224841037_lat_5235731507364092_radius_1_d0_f/20160803TMX7316060226-000012pano_0000_001442_4.87230242094791_52.3573121857266.jpg,2016,8,3,Cornelis_Schuytbuurt,0,lon_4872293224841037_lat_5235731507364092_radius_1_d0_f,lon_4872293224841037_lat_5235731507364092_radius_1,0,f
ATM_square_equirectangular_boom/Cornelis_Schuytbuurt/lon_4872293224841037_lat_5235731507364092_radius_1_d0_f/20170412TMX7316010203-000258pano_0002_003531_4.87229387749393_52.3573185543461.jpg,2017,4,12,Cornelis_Schuytbuurt,0,lon_4872293224841037_lat_5235731507364092_radius_1_d0_f,lon_4872293224841037_lat_5235731507364092_radius_1,0,f
ATM_square_equirectangular_boom/Cornelis_Schuytbuurt/lon_4872293224841037_lat_5235731507364092_radius_1_d0_f/20180607TMX7316010203-000781pano_0000_004159_4.87228630871314_52.3573207690012.jpg,2018,6,7,Cornelis_Schuytbuurt,0,lon_4872293224841037_lat_5235731507364092_radius_1_d0_f,lon_4872293224841037_lat_5235731507364092_radius_1,0,f
ATM_square_equirectangular_boom/Cornelis_Schuytbuurt/lon_4872293224841037_lat_5235731507364092_radius_1_d0_f/20190117TMX7316010203-001061pano_0001_001991_4.87229353096946_52.3573089460585.jpg,2019,1,17,Cornelis_Schuytbuurt,0,lon_4872293224841037_lat_5235731507364092_radius_1_d0_f,lon_4872293224841037_lat_5235731507364092_radius_1,0,f
ATM_square_equirectangular_boom/Cornelis_Schuytbuurt/lon_4872293224841037_lat_5235731507364092_radius_1_d0_f/20191206TMX7316010203-001496pano_0000_000512_4.87228998608075_52.3573149130722.jpg,2019,12,6,Cornelis_Schuytbuurt,0,lon_4872293224841037_lat_5235731507364092_radius_1_d0_f,lon_4872293224841037_lat_5235731507364092_radius_1,0,f
ATM_square_equirectangular_boom/Leidsebuurt_Zuidoost/lon_4886565003194945_lat_5236120122519905_radius_1_d0_r/20180502TMX7316010203-000703pano_0000_007763_4.88656238736911_52.3612015036377.jpg,2018,5,2,Leidsebuurt_Zuidoost,0,lon_4886565003194945_lat_5236120122519905_radius_1_d0_r,lon_4886565003194945_lat_5236120122519905_radius_1,0,r
ATM_square_equirectangular_boom/Leidsebuurt_Zuidoost/lon_4886565003194945_lat_5236120122519905_radius_1_d0_r/20190110TMX7316010203-001047pano_0000_001717_4.88657541143378_52.3611996954752.jpg,2019,1,10,Leidsebuurt_Zuidoost,0,lon_4886565003194945_lat_5236120122519905_radius_1_d0_r,lon_4886565003194945_lat_5236120122519905_radius_1,0,r
ATM_square_equirectangular_boom/Leidsebuurt_Zuidoost/lon_4886565003194945_lat_5236120122519905_radius_1_d0_r/20190114TMX7316010203-001053pano_0000_001921_4.88656383954619_52.3612008073301.jpg,2019,1,14,Leidsebuurt_Zuidoost,0,lon_4886565003194945_lat_5236120122519905_radius_1_d0_r,lon_4886565003194945_lat_5236120122519905_radius_1,0,r
ATM_square_equirectangular_boom/Leidsebuurt_Zuidoost/lon_4886565003194945_lat_5236120122519905_radius_1_d0_r/20200424TMX7316010203-001675pano_0000_005729_4.8865583744307_52.3612028943532.jpg,2020,4,24,Leidsebuurt_Zuidoost,0,lon_4886565003194945_lat_5236120122519905_radius_1_d0_r,lon_4886565003194945_lat_5236120122519905_radius_1,0,r
ATM_square_equirectangular_boom/Leidsebuurt_Zuidoost/lon_4886565003194945_lat_5236120122519905_radius_1_d0_r/20220426TMX7316010203-002545pano_0000_000093_4.88656605428735_52.3611937521206.jpg,2022,4,26,Leidsebuurt_Zuidoost,0,lon_4886565003194945_lat_5236120122519905_radius_1_d0_r,lon_4886565003194945_lat_5236120122519905_radius_1,0,r
ATM_square_equirectangular_boom/Buiksloterdijk_Oost/lon_4922532147576851_lat_523979448726186_radius_1_d0_l/20160613TMX7315120208-000075pano_0000_000601_4.92252883918173_52.3979425040689.jpg,2016,6,13,Buiksloterdijk_Oost,0,lon_4922532147576851_lat_523979448726186_radius_1_d0_l,lon_4922532147576851_lat_523979448726186_radius_1,0,l
ATM_square_equirectangular_boom/Buiksloterdijk_Oost/lon_4922532147576851_lat_523979448726186_radius_1_d0_l/20170802TMX7316010203-000369pano_0000_001329_4.92254085804479_52.397944074527.jpg,2017,8,2,Buiksloterdijk_Oost,0,lon_4922532147576851_lat_523979448726186_radius_1_d0_l,lon_4922532147576851_lat_523979448726186_radius_1,0,l
ATM_square_equirectangular_boom/Buiksloterdijk_Oost/lon_4922532147576851_lat_523979448726186_radius_1_d0_l/20200602TMX7316010203-001732pano_0000_003326_4.92252924523063_52.397948693814.jpg,2020,6,2,Buiksloterdijk_Oost,0,lon_4922532147576851_lat_523979448726186_radius_1_d0_l,lon_4922532147576851_lat_523979448726186_radius_1,0,l
ATM_square_equirectangular_boom/Buiksloterdijk_Oost/lon_4922532147576851_lat_523979448726186_radius_1_d0_l/20210623TMX7316010203-002187pano_0000_000420_4.92252964785025_52.3979442180645.jpg,2021,6,23,Buiksloterdijk_Oost,1,lon_4922532147576851_lat_523979448726186_radius_1_d0_l,lon_4922532147576851_lat_523979448726186_radius_1,0,l
ATM_square_equirectangular_boom/Walvisbuurt/lon_4888443995845351_lat_5242176908301163_radius_1_d0_r/20160818TMX7316060226-000031pano_0003_002393_4.88844293498151_52.4217744988038.jpg,2016,8,18,Walvisbuurt,0,lon_4888443995845351_lat_5242176908301163_radius_1_d0_r,lon_4888443995845351_lat_5242176908301163_radius_1,0,r
ATM_square_equirectangular_boom/Walvisbuurt/lon_4888443995845351_lat_5242176908301163_radius_1_d0_r/20180724TMX7316010203-000857pano_0000_004419_4.88844133321662_52.4217648945416.jpg,2018,7,24,Walvisbuurt,0,lon_4888443995845351_lat_5242176908301163_radius_1_d0_r,lon_4888443995845351_lat_5242176908301163_radius_1,0,r
ATM_square_equirectangular_boom/Walvisbuurt/lon_4888443995845351_lat_5242176908301163_radius_1_d0_r/20200616TMX7316010203-001746pano_0001_001885_4.88844771933792_52.4217678556895.jpg,2020,6,16,Walvisbuurt,0,lon_4888443995845351_lat_5242176908301163_radius_1_d0_r,lon_4888443995845351_lat_5242176908301163_radius_1,0,r
ATM_square_equirectangular_boom/Walvisbuurt/lon_4888443995845351_lat_5242176908301163_radius_1_d0_r/20220511TMX7316010203-002575pano_0001_000516_4.8884440157821_52.4217688150466.jpg,2022,5,11,Walvisbuurt,0,lon_4888443995845351_lat_5242176908301163_radius_1_d0_r,lon_4888443995845351_lat_5242176908301163_radius_1,0,r
ATM_square_equirectangular_boom/Walvisbuurt/lon_4888443995845351_lat_5242176908301163_radius_1_d0_l/20160818TMX7316060226-000031pano_0003_002393_4.88844293498151_52.4217744988038.jpg,2016,8,18,Walvisbuurt,0,lon_4888443995845351_lat_5242176908301163_radius_1_d0_l,lon_4888443995845351_lat_5242176908301163_radius_1,0,l
ATM_square_equirectangular_boom/Walvisbuurt/lon_4888443995845351_lat_5242176908301163_radius_1_d0_l/20180724TMX7316010203-000857pano_0000_004419_4.88844133321662_52.4217648945416.jpg,2018,7,24,Walvisbuurt,0,lon_4888443995845351_lat_5242176908301163_radius_1_d0_l,lon_4888443995845351_lat_5242176908301163_radius_1,0,l
ATM_square_equirectangular_boom/Walvisbuurt/lon_4888443995845351_lat_5242176908301163_radius_1_d0_l/20200616TMX7316010203-001746pano_0001_001885_4.88844771933792_52.4217678556895.jpg,2020,6,16,Walvisbuurt,0,lon_4888443995845351_lat_5242176908301163_radius_1_d0_l,lon_4888443995845351_lat_5242176908301163_radius_1,0,l
ATM_square_equirectangular_boom/Walvisbuurt/lon_4888443995845351_lat_5242176908301163_radius_1_d0_l/20220511TMX7316010203-002575pano_0001_000516_4.8884440157821_52.4217688150466.jpg,2022,5,11,Walvisbuurt,0,lon_4888443995845351_lat_5242176908301163_radius_1_d0_l,lon_4888443995845351_lat_5242176908301163_radius_1,0,l
ATM_square_equirectangular_boom/Rijnbuurt_Oost/lon_4910219812194174_lat_5234322508144196_radius_1_d0_r/20180605TMX7316010203-000774pano_0000_003518_4.91022840852149_52.3432269646305.jpg,2018,6,5,Rijnbuurt_Oost,0,lon_4910219812194174_lat_5234322508144196_radius_1_d0_r,lon_4910219812194174_lat_5234322508144196_radius_1,0,r
ATM_square_equirectangular_boom/Rijnbuurt_Oost/lon_4910219812194174_lat_5234322508144196_radius_1_d0_r/20190103TMX7316010203-001034pano_0000_000505_4.91020724545239_52.3432246168124.jpg,2019,1,3,Rijnbuurt_Oost,0,lon_4910219812194174_lat_5234322508144196_radius_1_d0_r,lon_4910219812194174_lat_5234322508144196_radius_1,0,r
ATM_square_equirectangular_boom/Rijnbuurt_Oost/lon_4910219812194174_lat_5234322508144196_radius_1_d0_r/20190509TMX7316010203-001173pano_0000_002152_4.91020928157712_52.3432200123434.jpg,2019,5,9,Rijnbuurt_Oost,0,lon_4910219812194174_lat_5234322508144196_radius_1_d0_r,lon_4910219812194174_lat_5234322508144196_radius_1,0,r
ATM_square_equirectangular_boom/Rijnbuurt_Oost/lon_4910219812194174_lat_5234322508144196_radius_1_d0_r/20200707TMX7316010203-001793pano_0000_001444_4.91021671931127_52.3432235222102.jpg,2020,7,7,Rijnbuurt_Oost,0,lon_4910219812194174_lat_5234322508144196_radius_1_d0_r,lon_4910219812194174_lat_5234322508144196_radius_1,0,r
ATM_square_equirectangular_boom/Rijnbuurt_Oost/lon_4910219812194174_lat_5234322508144196_radius_1_d0_l/20180605TMX7316010203-000774pano_0000_003518_4.91022840852149_52.3432269646305.jpg,2018,6,5,Rijnbuurt_Oost,0,lon_4910219812194174_lat_5234322508144196_radius_1_d0_l,lon_4910219812194174_lat_5234322508144196_radius_1,0,l
ATM_square_equirectangular_boom/Rijnbuurt_Oost/lon_4910219812194174_lat_5234322508144196_radius_1_d0_l/20190103TMX7316010203-001034pano_0000_000505_4.91020724545239_52.3432246168124.jpg,2019,1,3,Rijnbuurt_Oost,0,lon_4910219812194174_lat_5234322508144196_radius_1_d0_l,lon_4910219812194174_lat_5234322508144196_radius_1,0,l
ATM_square_equirectangular_boom/Rijnbuurt_Oost/lon_4910219812194174_lat_5234322508144196_radius_1_d0_l/20190509TMX7316010203-001173pano_0000_002152_4.91020928157712_52.3432200123434.jpg,2019,5,9,Rijnbuurt_Oost,0,lon_4910219812194174_lat_5234322508144196_radius_1_d0_l,lon_4910219812194174_lat_5234322508144196_radius_1,0,l
ATM_square_equirectangular_boom/Rijnbuurt_Oost/lon_4910219812194174_lat_5234322508144196_radius_1_d0_l/20200707TMX7316010203-001793pano_0000_001444_4.91021671931127_52.3432235222102.jpg,2020,7,7,Rijnbuurt_Oost,0,lon_4910219812194174_lat_5234322508144196_radius_1_d0_l,lon_4910219812194174_lat_5234322508144196_radius_1,0,l
ATM_square_equirectangular_boom/Markengouw_Midden/lon_4953310121618847_lat_5239897268444457_radius_1_d200_f/20160805TMX7316060226-000014pano_0000_004762_4.95330012092188_52.3989755456749.jpg,2016,8,5,Markengouw_Midden,0,lon_4953310121618847_lat_5239897268444457_radius_1_d200_f,lon_4953310121618847_lat_5239897268444457_radius_1,200,f
ATM_square_equirectangular_boom/Markengouw_Midden/lon_4953310121618847_lat_5239897268444457_radius_1_d200_f/20160808TMX7316060226-000015pano_0000_008792_4.95332041843366_52.3989750572079.jpg,2016,8,8,Markengouw_Midden,0,lon_4953310121618847_lat_5239897268444457_radius_1_d200_f,lon_4953310121618847_lat_5239897268444457_radius_1,200,f
ATM_square_equirectangular_boom/Markengouw_Midden/lon_4953310121618847_lat_5239897268444457_radius_1_d200_f/20180725TMX7316010203-000871pano_0000_005318_4.95330509060081_52.3989683106901.jpg,2018,7,25,Markengouw_Midden,0,lon_4953310121618847_lat_5239897268444457_radius_1_d200_f,lon_4953310121618847_lat_5239897268444457_radius_1,200,f
ATM_square_equirectangular_boom/Markengouw_Midden/lon_4953310121618847_lat_5239897268444457_radius_1_d200_f/20210622TMX7316010203-002185pano_0004_000003_4.95331712871534_52.3989655995849.jpg,2021,6,22,Markengouw_Midden,0,lon_4953310121618847_lat_5239897268444457_radius_1_d200_f,lon_4953310121618847_lat_5239897268444457_radius_1,200,f
ATM_square_equirectangular_boom/Markengouw_Midden/lon_4953310121618847_lat_5239897268444457_radius_1_d200_f/20210916TMX7316010203-002313pano_0004_000569_4.9533081504602_52.3989730165052.jpg,2021,9,16,Markengouw_Midden,0,lon_4953310121618847_lat_5239897268444457_radius_1_d200_f,lon_4953310121618847_lat_5239897268444457_radius_1,200,f
ATM_square_equirectangular_boom/Markengouw_Midden/lon_4953310121618847_lat_5239897268444457_radius_1_d200_b/20160805TMX7316060226-000014pano_0000_004762_4.95330012092188_52.3989755456749.jpg,2016,8,5,Markengouw_Midden,0,lon_4953310121618847_lat_5239897268444457_radius_1_d200_b,lon_4953310121618847_lat_5239897268444457_radius_1,200,b
ATM_square_equirectangular_boom/Markengouw_Midden/lon_4953310121618847_lat_5239897268444457_radius_1_d200_b/20160808TMX7316060226-000015pano_0000_008792_4.95332041843366_52.3989750572079.jpg,2016,8,8,Markengouw_Midden,0,lon_4953310121618847_lat_5239897268444457_radius_1_d200_b,lon_4953310121618847_lat_5239897268444457_radius_1,200,b
ATM_square_equirectangular_boom/Markengouw_Midden/lon_4953310121618847_lat_5239897268444457_radius_1_d200_b/20180725TMX7316010203-000871pano_0000_005318_4.95330509060081_52.3989683106901.jpg,2018,7,25,Markengouw_Midden,0,lon_4953310121618847_lat_5239897268444457_radius_1_d200_b,lon_4953310121618847_lat_5239897268444457_radius_1,200,b
ATM_square_equirectangular_boom/Markengouw_Midden/lon_4953310121618847_lat_5239897268444457_radius_1_d200_b/20210622TMX7316010203-002185pano_0004_000003_4.95331712871534_52.3989655995849.jpg,2021,6,22,Markengouw_Midden,0,lon_4953310121618847_lat_5239897268444457_radius_1_d200_b,lon_4953310121618847_lat_5239897268444457_radius_1,200,b
ATM_square_equirectangular_boom/Markengouw_Midden/lon_4953310121618847_lat_5239897268444457_radius_1_d200_b/20210916TMX7316010203-002313pano_0004_000569_4.9533081504602_52.3989730165052.jpg,2021,9,16,Markengouw_Midden,0,lon_4953310121618847_lat_5239897268444457_radius_1_d200_b,lon_4953310121618847_lat_5239897268444457_radius_1,200,b
ATM_square_equirectangular_boom/Markengouw_Midden/lon_4956715055069066_lat_52393048559822965_radius_1_d0_f/20180724TMX7316010203-000866pano_0000_003403_4.95670741122044_52.3930481239162.jpg,2018,7,24,Markengouw_Midden,0,lon_4956715055069066_lat_52393048559822965_radius_1_d0_f,lon_4956715055069066_lat_52393048559822965_radius_1,0,f
ATM_square_equirectangular_boom/Markengouw_Midden/lon_4956715055069066_lat_52393048559822965_radius_1_d0_f/20181219TMX7316010203-001025pano_0011_000396_4.9567233382834_52.393045197846.jpg,2018,12,19,Markengouw_Midden,0,lon_4956715055069066_lat_52393048559822965_radius_1_d0_f,lon_4956715055069066_lat_52393048559822965_radius_1,0,f
ATM_square_equirectangular_boom/Markengouw_Midden/lon_4956715055069066_lat_52393048559822965_radius_1_d0_f/20191211TMX7316010203-001508pano_0004_000106_4.95671194352937_52.393052372554.jpg,2019,12,11,Markengouw_Midden,0,lon_4956715055069066_lat_52393048559822965_radius_1_d0_f,lon_4956715055069066_lat_52393048559822965_radius_1,0,f
ATM_square_equirectangular_boom/Markengouw_Midden/lon_4956715055069066_lat_52393048559822965_radius_1_d0_f/20200526TMX7316010203-001722pano_0000_002661_4.95671933374642_52.3930500311083.jpg,2020,5,26,Markengouw_Midden,0,lon_4956715055069066_lat_52393048559822965_radius_1_d0_f,lon_4956715055069066_lat_52393048559822965_radius_1,0,f
ATM_square_equirectangular_boom/Markengouw_Midden/lon_4956715055069066_lat_52393048559822965_radius_1_d0_f/20200528TMX7316010203-001728pano_0000_001333_4.95671159968148_52.3930526245671.jpg,2020,5,28,Markengouw_Midden,0,lon_4956715055069066_lat_52393048559822965_radius_1_d0_f,lon_4956715055069066_lat_52393048559822965_radius_1,0,f
ATM_square_equirectangular_boom/Markengouw_Midden/lon_4956715055069066_lat_52393048559822965_radius_1_d0_f/20200529TMX7316010203-001730pano_0000_000618_4.95672201267385_52.3930445389579.jpg,2020,5,29,Markengouw_Midden,0,lon_4956715055069066_lat_52393048559822965_radius_1_d0_f,lon_4956715055069066_lat_52393048559822965_radius_1,0,f
ATM_square_equirectangular_boom/Markengouw_Midden/lon_4956715055069066_lat_52393048559822965_radius_1_d0_f/20210916TMX7316010203-002313pano_0004_000390_4.9567097463485_52.3930470298113.jpg,2021,9,16,Markengouw_Midden,0,lon_4956715055069066_lat_52393048559822965_radius_1_d0_f,lon_4956715055069066_lat_52393048559822965_radius_1,0,f
ATM_square_equirectangular_boom/Borneo/lon_4943351579160618_lat_5237192686368521_radius_1_d0_l/20160517TMX7315120208-000050pano_0002_003746_4.94333910189537_52.371926716966.jpg,2016,5,17,Borneo,0,lon_4943351579160618_lat_5237192686368521_radius_1_d0_l,lon_4943351579160618_lat_5237192686368521_radius_1,0,l
ATM_square_equirectangular_boom/Borneo/lon_4943351579160618_lat_5237192686368521_radius_1_d0_l/20170405TMX7316010203-000245pano_0000_001931_4.94335266991354_52.3719296230632.jpg,2017,4,5,Borneo,0,lon_4943351579160618_lat_5237192686368521_radius_1_d0_l,lon_4943351579160618_lat_5237192686368521_radius_1,0,l
ATM_square_equirectangular_boom/Borneo/lon_4943351579160618_lat_5237192686368521_radius_1_d0_l/20180516TMX7316010203-000725pano_0000_002487_4.94336427906239_52.3719275446023.jpg,2018,5,16,Borneo,0,lon_4943351579160618_lat_5237192686368521_radius_1_d0_l,lon_4943351579160618_lat_5237192686368521_radius_1,0,l
ATM_square_equirectangular_boom/Borneo/lon_4943351579160618_lat_5237192686368521_radius_1_d0_l/20181214TMX7316010203-001013pano_0003_000176_4.94335804519638_52.3719225744702.jpg,2018,12,14,Borneo,0,lon_4943351579160618_lat_5237192686368521_radius_1_d0_l,lon_4943351579160618_lat_5237192686368521_radius_1,0,l
ATM_square_equirectangular_boom/Borneo/lon_4943351579160618_lat_5237192686368521_radius_1_d0_l/20190521TMX7316010203-001195pano_0000_000266_4.94336437145642_52.3719281786901.jpg,2019,5,21,Borneo,0,lon_4943351579160618_lat_5237192686368521_radius_1_d0_l,lon_4943351579160618_lat_5237192686368521_radius_1,0,l
ATM_square_equirectangular_boom/Borneo/lon_4943351579160618_lat_5237192686368521_radius_1_d0_l/20191218TMX7316010203-001524pano_0000_001014_4.94334533988005_52.3719224154902.jpg,2019,12,18,Borneo,0,lon_4943351579160618_lat_5237192686368521_radius_1_d0_l,lon_4943351579160618_lat_5237192686368521_radius_1,0,l
ATM_square_equirectangular_boom/Borneo/lon_4945575948169503_lat_5237106311993853_radius_1_d0_f/20180516TMX7316010203-000725pano_0000_003243_4.94557653732783_52.3710639234276.jpg,2018,5,16,Borneo,0,lon_4945575948169503_lat_5237106311993853_radius_1_d0_f,lon_4945575948169503_lat_5237106311993853_radius_1,0,f
ATM_square_equirectangular_boom/Borneo/lon_4945575948169503_lat_5237106311993853_radius_1_d0_f/20191218TMX7316010203-001524pano_0000_001234_4.94557286234985_52.3710629004602.jpg,2019,12,18,Borneo,0,lon_4945575948169503_lat_5237106311993853_radius_1_d0_f,lon_4945575948169503_lat_5237106311993853_radius_1,0,f
ATM_square_equirectangular_boom/Borneo/lon_4945575948169503_lat_5237106311993853_radius_1_d0_f/20210510TMX7316010203-002134pano_0000_004798_4.94557844483083_52.3710625359278.jpg,2021,5,10,Borneo,0,lon_4945575948169503_lat_5237106311993853_radius_1_d0_f,lon_4945575948169503_lat_5237106311993853_radius_1,0,f
ATM_square_equirectangular_boom/Borneo/lon_494735380460414_lat_52372373401944365_radius_1_d0_r/20160517TMX7315120208-000050pano_0002_003801_4.94734759537951_52.3723727539539.jpg,2016,5,17,Borneo,0,lon_494735380460414_lat_52372373401944365_radius_1_d0_r,lon_494735380460414_lat_52372373401944365_radius_1,0,r
ATM_square_equirectangular_boom/Borneo/lon_494735380460414_lat_52372373401944365_radius_1_d0_r/20170405TMX7316010203-000245pano_0000_001993_4.94736088924787_52.3723773384735.jpg,2017,4,5,Borneo,0,lon_494735380460414_lat_52372373401944365_radius_1_d0_r,lon_494735380460414_lat_52372373401944365_radius_1,0,r
ATM_square_equirectangular_boom/Borneo/lon_494735380460414_lat_52372373401944365_radius_1_d0_r/20180516TMX7316010203-000725pano_0000_002685_4.94735600757399_52.3723708560526.jpg,2018,5,16,Borneo,0,lon_494735380460414_lat_52372373401944365_radius_1_d0_r,lon_494735380460414_lat_52372373401944365_radius_1,0,r
ATM_square_equirectangular_boom/Borneo/lon_494735380460414_lat_52372373401944365_radius_1_d0_r/20181214TMX7316010203-001013pano_0003_000233_4.94734278668379_52.3723727633296.jpg,2018,12,14,Borneo,0,lon_494735380460414_lat_52372373401944365_radius_1_d0_r,lon_494735380460414_lat_52372373401944365_radius_1,0,r
ATM_square_equirectangular_boom/Borneo/lon_494735380460414_lat_52372373401944365_radius_1_d0_r/20200422TMX7316010203-001667pano_0000_004936_4.94734548195365_52.3723730675586.jpg,2020,4,22,Borneo,0,lon_494735380460414_lat_52372373401944365_radius_1_d0_r,lon_494735380460414_lat_52372373401944365_radius_1,0,r
ATM_square_equirectangular_boom/Borneo/lon_494735380460414_lat_52372373401944365_radius_1_d0_r/20220421TMX7316010203-002534pano_0000_000837_4.94736163332764_52.3723732659445.jpg,2022,4,21,Borneo,0,lon_494735380460414_lat_52372373401944365_radius_1_d0_r,lon_494735380460414_lat_52372373401944365_radius_1,0,r
ATM_square_equirectangular_boom/Borneo/lon_4946983564306003_lat_52372329534298196_radius_1_d0_l/20160517TMX7315120208-000050pano_0002_003796_4.94698256697666_52.3723285523055.jpg,2016,5,17,Borneo,0,lon_4946983564306003_lat_52372329534298196_radius_1_d0_l,lon_4946983564306003_lat_52372329534298196_radius_1,0,l
ATM_square_equirectangular_boom/Borneo/lon_4946983564306003_lat_52372329534298196_radius_1_d0_l/20181214TMX7316010203-001013pano_0003_000228_4.94699085929249_52.3723339492459.jpg,2018,12,14,Borneo,0,lon_4946983564306003_lat_52372329534298196_radius_1_d0_l,lon_4946983564306003_lat_52372329534298196_radius_1,0,l
ATM_square_equirectangular_boom/Borneo/lon_4946983564306003_lat_52372329534298196_radius_1_d0_l/20200422TMX7316010203-001667pano_0000_005316_4.94697726664886_52.3723261013432.jpg,2020,4,22,Borneo,0,lon_4946983564306003_lat_52372329534298196_radius_1_d0_l,lon_4946983564306003_lat_52372329534298196_radius_1,0,l
